<?xml version="1.0" encoding="UTF-8"?>

<!--
This is the seekda cache of the WSDL definition available at https://www.contact-everyone.fr.orange-business.com/ContactEveryone/services/WSReceiveMO?wsdl.
seekdas cache is a snapshot that we took as we crawled the Web.
The service may have changed since the last crawl.
seekda is neither affiliated with the authors of this service nor responsible for its advertised functionality.

-->

<wsdl:definitions targetNamespace="WSReceiveMO" xmlns:apachesoap="http://xml.apache.org/xml-soap" xmlns:impl="WSReceiveMO" xmlns:intf="WSReceiveMO" xmlns:soapenc="http://schemas.xmlsoap.org/soap/encoding/" xmlns:wsdl="http://schemas.xmlsoap.org/wsdl/" xmlns:wsdlsoap="http://schemas.xmlsoap.org/wsdl/soap/" xmlns:xsd="http://www.w3.org/2001/XMLSchema">
<!--WSDL created by Apache Axis version: 1.2.1
Built on Jun 14, 2005 (09:15:57 EDT)-->
 <wsdl:types>
  <schema targetNamespace="WSReceiveMO" xmlns="http://www.w3.org/2001/XMLSchema">
   <import namespace="http://schemas.xmlsoap.org/soap/encoding/"/>
   <complexType name="BeanMobileOriginated">
    <sequence>
     <element name="channel" nillable="true" type="soapenc:string"/>
     <element name="messageContent" nillable="true" type="soapenc:string"/>
     <element name="moId" nillable="true" type="soapenc:string"/>
     <element name="msisdn" nillable="true" type="soapenc:string"/>
     <element name="primaryKeyword" nillable="true" type="soapenc:string"/>
     <element name="receptionDate" nillable="true" type="xsd:dateTime"/>
     <element name="shortNumber" nillable="true" type="soapenc:string"/>
     <element name="sid" nillable="true" type="soapenc:string"/>
    </sequence>
   </complexType>
   <complexType name="BeanWSReceiveMoResponse">
    <sequence>
     <element name="returnCode" nillable="true" type="soapenc:int"/>
     <element name="returnMessage" nillable="true" type="soapenc:string"/>
     <element name="vivaContract" nillable="true" type="soapenc:string"/>
    </sequence>
   </complexType>
  </schema>
 </wsdl:types>

   <wsdl:message name="receiveMoRequest">

      <wsdl:part name="mobileOriginated" type="impl:BeanMobileOriginated"/>

   </wsdl:message>

   <wsdl:message name="receiveMoResponse">

      <wsdl:part name="receiveMoReturn" type="impl:BeanWSReceiveMoResponse"/>

   </wsdl:message>

   <wsdl:portType name="WSReceiveMO">

      <wsdl:operation name="receiveMo" parameterOrder="mobileOriginated">

         <wsdl:input message="impl:receiveMoRequest" name="receiveMoRequest"/>

         <wsdl:output message="impl:receiveMoResponse" name="receiveMoResponse"/>

      </wsdl:operation>

   </wsdl:portType>

   <wsdl:binding name="WSReceiveMOSoapBinding" type="impl:WSReceiveMO">

      <wsdlsoap:binding style="rpc" transport="http://schemas.xmlsoap.org/soap/http"/>

      <wsdl:operation name="receiveMo">

         <wsdlsoap:operation soapAction=""/>

         <wsdl:input name="receiveMoRequest">

            <wsdlsoap:body encodingStyle="http://schemas.xmlsoap.org/soap/encoding/" namespace="WSReceiveMO" use="encoded"/>

         </wsdl:input>

         <wsdl:output name="receiveMoResponse">

            <wsdlsoap:body encodingStyle="http://schemas.xmlsoap.org/soap/encoding/" namespace="WSReceiveMO" use="encoded"/>

         </wsdl:output>

      </wsdl:operation>

   </wsdl:binding>

   <wsdl:service name="WSReceiveMOService">

      <wsdl:port binding="impl:WSReceiveMOSoapBinding" name="WSReceiveMO">

         <wsdlsoap:address location="https://www.contact-everyone.fr.orange-business.com/ContactEveryone/services/WSReceiveMO"/>

      </wsdl:port>

   </wsdl:service>

</wsdl:definitions>

