<?xml version="1.0" encoding="utf-8"?>

<!--
This is the seekda cache of the WSDL definition available at http://www.greeninsurancecompany.co.uk/quoteservice/quoterequest.asmx?WSDL.
seekdas cache is a snapshot that we took as we crawled the Web.
The service may have changed since the last crawl.
seekda is neither affiliated with the authors of this service nor responsible for its advertised functionality.

-->

<wsdl:definitions xmlns:soap="http://schemas.xmlsoap.org/wsdl/soap/" xmlns:tm="http://microsoft.com/wsdl/mime/textMatching/" xmlns:soapenc="http://schemas.xmlsoap.org/soap/encoding/" xmlns:mime="http://schemas.xmlsoap.org/wsdl/mime/" xmlns:tns="http://ssp.staging.kfis.co.uk/webservice/" xmlns:s1="http://testicons.ssp-uk.com/schemas/PMQuoteData.xsd" xmlns:s="http://www.w3.org/2001/XMLSchema" xmlns:s2="http://testicons.ssp-uk.com/schemas/PMResults.xsd" xmlns:soap12="http://schemas.xmlsoap.org/wsdl/soap12/" xmlns:http="http://schemas.xmlsoap.org/wsdl/http/" targetNamespace="http://ssp.staging.kfis.co.uk/webservice/" xmlns:wsdl="http://schemas.xmlsoap.org/wsdl/">
  <wsdl:types>
    <s:schema elementFormDefault="qualified" targetNamespace="http://ssp.staging.kfis.co.uk/webservice/">
      <s:import namespace="http://testicons.ssp-uk.com/schemas/PMQuoteData.xsd" />
      <s:import namespace="http://testicons.ssp-uk.com/schemas/PMResults.xsd" />
      <s:element name="GetPrivateMotorQuote">
        <s:complexType>
          <s:sequence>
            <s:element minOccurs="0" maxOccurs="1" ref="s1:QuoteData" />
          </s:sequence>
        </s:complexType>
      </s:element>
      <s:element name="GetPrivateMotorQuoteResponse">
        <s:complexType>
          <s:sequence>
            <s:element minOccurs="0" maxOccurs="1" ref="s2:GetPrivateMotorQuoteResult" />
          </s:sequence>
        </s:complexType>
      </s:element>
      <s:element name="PutQuoteOnMQQueue">
        <s:complexType>
          <s:sequence>
            <s:element minOccurs="1" maxOccurs="1" name="quoteRef" type="s:int" />
            <s:element minOccurs="0" maxOccurs="1" name="agentId" type="s:string" />
          </s:sequence>
        </s:complexType>
      </s:element>
      <s:element name="PutQuoteOnMQQueueResponse">
        <s:complexType>
          <s:sequence>
            <s:element minOccurs="1" maxOccurs="1" name="PutQuoteOnMQQueueResult" type="s:boolean" />
          </s:sequence>
        </s:complexType>
      </s:element>
    </s:schema>
    <s:schema elementFormDefault="qualified" targetNamespace="http://testicons.ssp-uk.com/schemas/PMQuoteData.xsd">
      <s:element name="QuoteData" type="s1:PMQuoteData" />
      <s:complexType name="PMQuoteData">
        <s:sequence>
          <s:element minOccurs="1" maxOccurs="1" name="PMQuoteDataID" type="s:int" />
          <s:element minOccurs="0" maxOccurs="1" name="Control" type="s1:PMQuoteDataControl" />
          <s:element minOccurs="0" maxOccurs="1" name="Policy" type="s1:PMQuoteDataPolicy" />
          <s:element minOccurs="0" maxOccurs="1" name="Agent" type="s1:PMQuoteDataAgent" />
          <s:element minOccurs="0" maxOccurs="1" name="Proposer" type="s1:PMQuoteDataProposer" />
          <s:element minOccurs="0" maxOccurs="1" name="NCD" type="s1:PMQuoteDataNCD" />
          <s:element minOccurs="0" maxOccurs="1" name="Pin" type="s:string" />
          <s:element minOccurs="0" maxOccurs="1" name="Drivers" type="s1:ArrayOfPMQuoteDataDriver" />
          <s:element minOccurs="0" maxOccurs="1" name="Vehicles" type="s1:ArrayOfPMQuoteDataVehicle" />
        </s:sequence>
      </s:complexType>
      <s:complexType name="PMQuoteDataControl">
        <s:sequence>
          <s:element minOccurs="1" maxOccurs="1" name="ProcessQuoteDetail" type="s:boolean" />
          <s:element minOccurs="1" maxOccurs="1" name="ProcessDocuments" type="s:boolean" />
          <s:element minOccurs="1" maxOccurs="1" name="ProcessEndorsements" type="s:boolean" />
          <s:element minOccurs="1" maxOccurs="1" name="ProcessUseDetail" type="s:boolean" />
          <s:element minOccurs="1" maxOccurs="1" name="ProcessUWNotes" type="s:boolean" />
          <s:element minOccurs="1" maxOccurs="1" name="ProcessWarnings" type="s:boolean" />
          <s:element minOccurs="1" maxOccurs="1" name="ProcessPremiumBreakdown" type="s:boolean" />
          <s:element minOccurs="1" maxOccurs="1" name="ProcessExcesses" type="s:boolean" />
          <s:element minOccurs="0" maxOccurs="1" name="LOB" type="s1:PMQuoteDataControlLOB" />
          <s:element minOccurs="1" maxOccurs="1" name="MaxQuoteNumber" type="s:int" />
          <s:element minOccurs="0" maxOccurs="1" name="QuotePanel" type="s1:PMQuoteDataControlQuotePanel" />
          <s:element minOccurs="1" maxOccurs="1" name="Polaris" type="s:boolean" />
          <s:element minOccurs="0" maxOccurs="1" name="SingleCompany" type="s:string" />
          <s:element minOccurs="1" maxOccurs="1" name="SSP" type="s:boolean" />
          <s:element minOccurs="1" maxOccurs="1" name="EngineVersion" type="s:int" />
          <s:element minOccurs="0" maxOccurs="1" name="ExternalQuoteID" type="s:string" />
        </s:sequence>
      </s:complexType>
      <s:complexType name="PMQuoteDataControlLOB">
        <s:sequence>
          <s:element minOccurs="1" maxOccurs="1" name="Description" type="s1:LOBDescription" />
          <s:element minOccurs="1" maxOccurs="1" name="Abi" type="s1:LOBAbi" />
        </s:sequence>
      </s:complexType>
      <s:simpleType name="LOBDescription">
        <s:restriction base="s:string">
          <s:enumeration value="PMC" />
          <s:enumeration value="Motorcycle" />
          <s:enumeration value="Commercial Vehicle" />
        </s:restriction>
      </s:simpleType>
      <s:simpleType name="LOBAbi">
        <s:restriction base="s:string">
          <s:enumeration value="1" />
          <s:enumeration value="2" />
          <s:enumeration value="3" />
        </s:restriction>
      </s:simpleType>
      <s:complexType name="PMQuoteDataControlQuotePanel">
        <s:sequence>
          <s:element minOccurs="1" maxOccurs="1" name="Description" type="s1:QuotePanelDescription" />
          <s:element minOccurs="1" maxOccurs="1" name="Abi" type="s1:QuotePanelAbi" />
        </s:sequence>
      </s:complexType>
      <s:simpleType name="QuotePanelDescription">
        <s:restriction base="s:string">
          <s:enumeration value="All Available" />
          <s:enumeration value="Broker Panel" />
          <s:enumeration value="Single Scheme" />
        </s:restriction>
      </s:simpleType>
      <s:simpleType name="QuotePanelAbi">
        <s:restriction base="s:string">
          <s:enumeration value="1" />
          <s:enumeration value="2" />
          <s:enumeration value="3" />
        </s:restriction>
      </s:simpleType>
      <s:complexType name="PMQuoteDataPolicy">
        <s:sequence>
          <s:element minOccurs="1" maxOccurs="1" name="CoverDate" type="s:date" />
          <s:element minOccurs="0" maxOccurs="1" name="CoverMonths" type="s:int" />
          <s:element minOccurs="0" maxOccurs="1" name="CoverType" type="s1:PMQuoteDataPolicyCoverType" />
          <s:element minOccurs="0" maxOccurs="1" name="DrivingRestriction" type="s1:PMQuoteDataPolicyDrivingRestriction" />
          <s:element minOccurs="0" maxOccurs="1" name="VehicleUsage" type="s1:PMQuoteDataPolicyVehicleUsage" />
          <s:element minOccurs="1" maxOccurs="1" name="VoluntaryExcess" type="s:int" />
        </s:sequence>
      </s:complexType>
      <s:complexType name="PMQuoteDataPolicyCoverType">
        <s:sequence>
          <s:element minOccurs="1" maxOccurs="1" name="Description" type="s1:CoverTypeDescription" />
          <s:element minOccurs="1" maxOccurs="1" name="Abi" type="s1:CoverTypeAbi" />
        </s:sequence>
      </s:complexType>
      <s:simpleType name="CoverTypeDescription">
        <s:restriction base="s:string">
          <s:enumeration value="Comprehensive" />
          <s:enumeration value="Third Party,Fire and Theft" />
          <s:enumeration value="Third Party Only" />
        </s:restriction>
      </s:simpleType>
      <s:simpleType name="CoverTypeAbi">
        <s:restriction base="s:string">
          <s:enumeration value="01" />
          <s:enumeration value="02" />
          <s:enumeration value="03" />
        </s:restriction>
      </s:simpleType>
      <s:complexType name="PMQuoteDataPolicyDrivingRestriction">
        <s:sequence>
          <s:element minOccurs="1" maxOccurs="1" name="Description" type="s1:DrivingRestrictionDescription" />
          <s:element minOccurs="1" maxOccurs="1" name="Abi" type="s1:DrivingRestrictionAbi" />
        </s:sequence>
      </s:complexType>
      <s:simpleType name="DrivingRestrictionDescription">
        <s:restriction base="s:string">
          <s:enumeration value="Insured Only" />
          <s:enumeration value="Insured and Spouse" />
          <s:enumeration value="Any Driver" />
          <s:enumeration value="Insured and Named Drivers" />
          <s:enumeration value="Any Driver excluding under 21yrs" />
          <s:enumeration value="Any Driver excluding under 25yrs" />
          <s:enumeration value="Any Driver excluding under 30yrs" />
          <s:enumeration value="" />
          <s:enumeration value="Insured &amp; Civil Partner" />
          <s:enumeration value="Insured &amp; Common Law" />
        </s:restriction>
      </s:simpleType>
      <s:simpleType name="DrivingRestrictionAbi">
        <s:restriction base="s:string">
          <s:enumeration value="1" />
          <s:enumeration value="2" />
          <s:enumeration value="4" />
          <s:enumeration value="7" />
          <s:enumeration value="H" />
          <s:enumeration value="I" />
          <s:enumeration value="J" />
          <s:enumeration value="9" />
          <s:enumeration value="W" />
        </s:restriction>
      </s:simpleType>
      <s:complexType name="PMQuoteDataPolicyVehicleUsage">
        <s:sequence>
          <s:element minOccurs="1" maxOccurs="1" name="Description" type="s1:VehicleUsageDescription" />
          <s:element minOccurs="1" maxOccurs="1" name="Abi" type="s1:VehicleUsageAbi" />
        </s:sequence>
      </s:complexType>
      <s:simpleType name="VehicleUsageDescription">
        <s:restriction base="s:string">
          <s:enumeration value="Social, Domestic and Pleasure" />
          <s:enumeration value="SDP, Inc. Commuting" />
          <s:enumeration value="Business Use Policy Holder In Person" />
          <s:enumeration value="Business Use Spouse In Person" />
          <s:enumeration value="Business Use Policy Holder and Spouse" />
          <s:enumeration value="Policy Holders Business - Authorised Drivers" />
          <s:enumeration value="Commercial Travelling" />
          <s:enumeration value="Private Hire" />
          <s:enumeration value="Public Hire" />
        </s:restriction>
      </s:simpleType>
      <s:simpleType name="VehicleUsageAbi">
        <s:restriction base="s:string">
          <s:enumeration value="1" />
          <s:enumeration value="2" />
          <s:enumeration value="3" />
          <s:enumeration value="4" />
          <s:enumeration value="5" />
          <s:enumeration value="6" />
          <s:enumeration value="7" />
          <s:enumeration value="8" />
          <s:enumeration value="9" />
        </s:restriction>
      </s:simpleType>
      <s:complexType name="PMQuoteDataAgent">
        <s:sequence>
          <s:element minOccurs="0" maxOccurs="1" name="AgentCode" type="s:string" />
          <s:element minOccurs="0" maxOccurs="1" name="Marketing" type="s:string" />
          <s:element minOccurs="0" maxOccurs="1" name="SOB" type="s:string" />
          <s:element minOccurs="0" maxOccurs="1" name="ExternalAgentID" type="s:string" />
        </s:sequence>
      </s:complexType>
      <s:complexType name="PMQuoteDataProposer">
        <s:sequence>
          <s:element minOccurs="0" maxOccurs="1" name="Address" type="s1:Address" />
          <s:element minOccurs="0" maxOccurs="1" name="BestQuote" type="s:decimal" />
          <s:element minOccurs="0" maxOccurs="1" name="BestQuoteBy" type="s:string" />
          <s:element minOccurs="0" maxOccurs="1" name="CCJ" type="s:boolean" />
          <s:element minOccurs="0" maxOccurs="1" name="CompanyCar" type="s1:PMQuoteDataProposerCompanyCar" />
          <s:element minOccurs="0" maxOccurs="1" name="CreditCard" type="s:boolean" />
          <s:element minOccurs="0" maxOccurs="1" name="CurrentInsurance" type="s1:PMQuoteDataProposerCurrentInsurance" />
          <s:element minOccurs="0" maxOccurs="1" name="DayTelephone" type="s:string" />
          <s:element minOccurs="0" maxOccurs="1" name="Email" type="s:string" />
          <s:element minOccurs="0" maxOccurs="1" name="ForeignUse" type="s:boolean" />
          <s:element minOccurs="0" maxOccurs="1" name="HomeTelephone" type="s:string" />
          <s:element minOccurs="0" maxOccurs="1" name="HomeYears" type="s:int" />
          <s:element minOccurs="0" maxOccurs="1" name="LoanArrears" type="s:boolean" />
          <s:element minOccurs="0" maxOccurs="1" name="PaymentFrequency" type="s1:PMQuoteDataProposerPaymentFrequency" />
          <s:element minOccurs="0" maxOccurs="1" name="PreviousInsurance" type="s1:PMQuoteDataProposerPreviousInsurance" />
          <s:element minOccurs="0" maxOccurs="1" name="ProposerType" type="s1:PMQuoteDataProposerProposerType" />
          <s:element minOccurs="0" maxOccurs="1" name="YoungestChildDOB" type="s:date" />
          <s:element minOccurs="0" maxOccurs="1" name="NumberOfCarsInFamily" type="s:int" />
        </s:sequence>
      </s:complexType>
      <s:complexType name="Address">
        <s:sequence>
          <s:element minOccurs="0" maxOccurs="1" name="Address1" type="s:string" />
          <s:element minOccurs="0" maxOccurs="1" name="Address2" type="s:string" />
          <s:element minOccurs="0" maxOccurs="1" name="Address3" type="s:string" />
          <s:element minOccurs="0" maxOccurs="1" name="Town" type="s:string" />
          <s:element minOccurs="0" maxOccurs="1" name="County" type="s:string" />
          <s:element minOccurs="0" maxOccurs="1" name="PostCode" type="s:string" />
        </s:sequence>
      </s:complexType>
      <s:complexType name="PMQuoteDataProposerCompanyCar">
        <s:sequence>
          <s:element minOccurs="0" maxOccurs="1" name="EndDate" type="s:date" />
          <s:element minOccurs="1" maxOccurs="1" name="NCD" type="s:int" />
          <s:element minOccurs="1" maxOccurs="1" name="SDP" type="s:boolean" />
          <s:element minOccurs="0" maxOccurs="1" name="CoCarExperienceType" type="s1:PMQuoteDataProposerCompanyCarCoCarExperienceType" />
        </s:sequence>
      </s:complexType>
      <s:complexType name="PMQuoteDataProposerCompanyCarCoCarExperienceType">
        <s:sequence>
          <s:element minOccurs="1" maxOccurs="1" name="Description" type="s1:CoCarExperienceTypeDescription" />
          <s:element minOccurs="1" maxOccurs="1" name="Abi" type="s1:CoCarExperienceTypeAbi" />
        </s:sequence>
      </s:complexType>
      <s:simpleType name="CoCarExperienceTypeDescription">
        <s:restriction base="s:string">
          <s:enumeration value="None" />
          <s:enumeration value="Yes, Current" />
          <s:enumeration value="Yes, In The Past" />
        </s:restriction>
      </s:simpleType>
      <s:simpleType name="CoCarExperienceTypeAbi">
        <s:restriction base="s:string">
          <s:enumeration value="9" />
          <s:enumeration value="1" />
          <s:enumeration value="2" />
        </s:restriction>
      </s:simpleType>
      <s:complexType name="PMQuoteDataProposerCurrentInsurance">
        <s:sequence>
          <s:element minOccurs="0" maxOccurs="1" name="CurrentInsurer" type="s1:PMQuoteDataProposerCurrentInsuranceCurrentInsurer" />
          <s:element minOccurs="1" maxOccurs="1" name="CurrentInsurerYearsWith" type="s:int" />
        </s:sequence>
      </s:complexType>
      <s:complexType name="PMQuoteDataProposerCurrentInsuranceCurrentInsurer">
        <s:sequence>
          <s:element minOccurs="0" maxOccurs="1" name="Description" type="s:string" />
          <s:element minOccurs="0" maxOccurs="1" name="Abi" type="s:string" />
        </s:sequence>
      </s:complexType>
      <s:complexType name="PMQuoteDataProposerPaymentFrequency">
        <s:sequence>
          <s:element minOccurs="1" maxOccurs="1" name="Description" type="s1:PaymentFrequencyDescription" />
          <s:element minOccurs="1" maxOccurs="1" name="Abi" type="s1:PaymentFrequencyAbi" />
        </s:sequence>
      </s:complexType>
      <s:simpleType name="PaymentFrequencyDescription">
        <s:restriction base="s:string">
          <s:enumeration value="Monthly" />
          <s:enumeration value="Annually" />
          <s:enumeration value="Quarterly" />
          <s:enumeration value="Weekly" />
          <s:enumeration value="Unknown" />
          <s:enumeration value="First Insurance" />
        </s:restriction>
      </s:simpleType>
      <s:simpleType name="PaymentFrequencyAbi">
        <s:restriction base="s:string">
          <s:enumeration value="M" />
          <s:enumeration value="A" />
          <s:enumeration value="Q" />
          <s:enumeration value="W" />
          <s:enumeration value="U" />
          <s:enumeration value="F" />
        </s:restriction>
      </s:simpleType>
      <s:complexType name="PMQuoteDataProposerPreviousInsurance">
        <s:sequence>
          <s:element minOccurs="1" maxOccurs="1" name="PreviousInsuranceEndDate" type="s:date" />
          <s:element minOccurs="0" maxOccurs="1" name="PreviousInsurer" type="s1:PMQuoteDataProposerPreviousInsurancePreviousInsurer" />
        </s:sequence>
      </s:complexType>
      <s:complexType name="PMQuoteDataProposerPreviousInsurancePreviousInsurer">
        <s:sequence>
          <s:element minOccurs="0" maxOccurs="1" name="Description" type="s:string" />
          <s:element minOccurs="0" maxOccurs="1" name="Abi" type="s:string" />
        </s:sequence>
      </s:complexType>
      <s:complexType name="PMQuoteDataProposerProposerType">
        <s:sequence>
          <s:element minOccurs="1" maxOccurs="1" name="Description" type="s1:ProposerTypeDescription" />
          <s:element minOccurs="1" maxOccurs="1" name="Abi" type="s1:ProposerTypeAbi" />
        </s:sequence>
      </s:complexType>
      <s:simpleType name="ProposerTypeDescription">
        <s:restriction base="s:string">
          <s:enumeration value="Company" />
          <s:enumeration value="Private" />
        </s:restriction>
      </s:simpleType>
      <s:simpleType name="ProposerTypeAbi">
        <s:restriction base="s:string">
          <s:enumeration value="C" />
          <s:enumeration value="P" />
        </s:restriction>
      </s:simpleType>
      <s:complexType name="PMQuoteDataNCD">
        <s:sequence>
          <s:element minOccurs="0" maxOccurs="1" name="Country" type="s:string" />
          <s:element minOccurs="0" maxOccurs="1" name="Protected" type="s:boolean" />
          <s:element minOccurs="0" maxOccurs="1" name="NCDType" type="s1:PMQuoteDataNCDNCDType" />
          <s:element minOccurs="1" maxOccurs="1" name="Years" type="s:int" />
        </s:sequence>
      </s:complexType>
      <s:complexType name="PMQuoteDataNCDNCDType">
        <s:sequence>
          <s:element minOccurs="1" maxOccurs="1" name="Description" type="s1:NCDDescription" />
          <s:element minOccurs="1" maxOccurs="1" name="Abi" type="s1:NCDAbi" />
        </s:sequence>
      </s:complexType>
      <s:simpleType name="NCDDescription">
        <s:restriction base="s:string">
          <s:enumeration value="Combination" />
          <s:enumeration value="Commercial Vehicle" />
          <s:enumeration value="Motorcycle" />
          <s:enumeration value="Private Motor" />
        </s:restriction>
      </s:simpleType>
      <s:simpleType name="NCDAbi">
        <s:restriction base="s:string">
          <s:enumeration value="1" />
          <s:enumeration value="2" />
          <s:enumeration value="8" />
          <s:enumeration value="11" />
        </s:restriction>
      </s:simpleType>
      <s:complexType name="ArrayOfPMQuoteDataDriver">
        <s:sequence>
          <s:element minOccurs="0" maxOccurs="unbounded" name="Driver" type="s1:PMQuoteDataDriver" />
        </s:sequence>
      </s:complexType>
      <s:complexType name="PMQuoteDataDriver">
        <s:sequence>
          <s:element minOccurs="0" maxOccurs="1" name="AccessOtherCars" type="s:int" />
          <s:element minOccurs="0" maxOccurs="1" name="BadgeHolder" type="s:boolean" />
          <s:element minOccurs="0" maxOccurs="1" name="BusinessMiles" type="s:int" />
          <s:element minOccurs="0" maxOccurs="1" name="Children" type="s:int" />
          <s:element minOccurs="0" maxOccurs="1" name="ClaimFreeYearsAlternativePolicy" type="s:int" />
          <s:element minOccurs="0" maxOccurs="1" name="Claims" type="s1:ArrayOfPMQuoteDataDriverClaim" />
          <s:element minOccurs="1" maxOccurs="1" name="Commuting" type="s:boolean" />
          <s:element minOccurs="0" maxOccurs="1" name="Convictions" type="s1:ArrayOfPMQuoteDataDriverConviction" />
          <s:element minOccurs="0" maxOccurs="1" name="CriminalConvictions" type="s:boolean" />
          <s:element minOccurs="0" maxOccurs="1" name="Disabled" type="s:boolean" />
          <s:element minOccurs="1" maxOccurs="1" name="DOB" type="s:date" />
          <s:element minOccurs="0" maxOccurs="1" name="HomeOwner" type="s:boolean" />
          <s:element minOccurs="0" maxOccurs="1" name="HomeType" type="s1:PMQuoteDataDriverHomeType" />
          <s:element minOccurs="1" maxOccurs="1" name="Increased" type="s:boolean" />
          <s:element minOccurs="0" maxOccurs="1" name="Licence" type="s1:PMQuoteDataDriverLicence" />
          <s:element minOccurs="0" maxOccurs="1" name="MaritalStatus" type="s1:PMQuoteDataDriverMaritalStatus" />
          <s:element minOccurs="0" maxOccurs="1" name="Title" type="s1:PMQuoteDataDriverTitle" />
          <s:element minOccurs="0" maxOccurs="1" name="FirstName" type="s:string" />
          <s:element minOccurs="0" maxOccurs="1" name="MiddleName" type="s:string" />
          <s:element minOccurs="0" maxOccurs="1" name="Surname" type="s:string" />
          <s:element minOccurs="0" maxOccurs="1" name="MedicalConditions" type="s1:ArrayOfPMQuoteDataDriverMedicalCondition" />
          <s:element minOccurs="0" maxOccurs="1" name="MotorOrganisation" type="s1:PMQuoteDataDriverMotorOrganisation" />
          <s:element minOccurs="0" maxOccurs="1" name="Occupations" type="s1:ArrayOfPMQuoteDataDriverOccupation" />
          <s:element minOccurs="0" maxOccurs="1" name="OwnOtherCars" type="s:int" />
          <s:element minOccurs="0" maxOccurs="1" name="PleasureMiles" type="s:int" />
          <s:element minOccurs="0" maxOccurs="1" name="ProsecutionsPending" type="s:boolean" />
          <s:element minOccurs="0" maxOccurs="1" name="Qualifications" type="s1:ArrayOfPMQuoteDataDriverQualification" />
          <s:element minOccurs="1" maxOccurs="1" name="Refused" type="s:boolean" />
          <s:element minOccurs="0" maxOccurs="1" name="RelationshipToProposer" type="s1:PMQuoteDataDriverRelationshipToProposer" />
          <s:element minOccurs="0" maxOccurs="1" name="Residency" type="s1:PMQuoteDataDriverResidency" />
          <s:element minOccurs="0" maxOccurs="1" name="Sex" type="s1:PMQuoteDataDriverSex" />
          <s:element minOccurs="1" maxOccurs="1" name="Smoke" type="s:boolean" />
          <s:element minOccurs="1" maxOccurs="1" name="SpecialTerms" type="s:boolean" />
          <s:element minOccurs="0" maxOccurs="1" name="UsageFrequency" type="s1:PMQuoteDataDriverUsageFrequency" />
          <s:element minOccurs="0" maxOccurs="1" name="YearsDrivingExperience" type="s:int" />
        </s:sequence>
      </s:complexType>
      <s:complexType name="ArrayOfPMQuoteDataDriverClaim">
        <s:sequence>
          <s:element minOccurs="0" maxOccurs="unbounded" name="Claim" type="s1:PMQuoteDataDriverClaim" />
        </s:sequence>
      </s:complexType>
      <s:complexType name="PMQuoteDataDriverClaim">
        <s:sequence>
          <s:element minOccurs="0" maxOccurs="1" name="Cost3rdParty" type="s:int" />
          <s:element minOccurs="0" maxOccurs="1" name="CostInjury" type="s:int" />
          <s:element minOccurs="0" maxOccurs="1" name="CostOwn" type="s:int" />
          <s:element minOccurs="1" maxOccurs="1" name="DateMade" type="s:date" />
          <s:element minOccurs="0" maxOccurs="1" name="FaultType" type="s1:PMQuoteDataDriverClaimFaultType" />
          <s:element minOccurs="0" maxOccurs="1" name="Medical" type="s:boolean" />
          <s:element minOccurs="1" maxOccurs="1" name="NCDLost" type="s:boolean" />
          <s:element minOccurs="0" maxOccurs="1" name="Pending" type="s:boolean" />
          <s:element minOccurs="1" maxOccurs="1" name="ThisPolicy" type="s:boolean" />
          <s:element minOccurs="0" maxOccurs="1" name="ClaimType" type="s1:PMQuoteDataDriverClaimClaimType" />
        </s:sequence>
      </s:complexType>
      <s:complexType name="PMQuoteDataDriverClaimFaultType">
        <s:sequence>
          <s:element minOccurs="1" maxOccurs="1" name="Description" type="s1:FaultTypeDescription" />
          <s:element minOccurs="1" maxOccurs="1" name="Abi" type="s1:FaultTypeAbi" />
        </s:sequence>
      </s:complexType>
      <s:simpleType name="FaultTypeDescription">
        <s:restriction base="s:string">
          <s:enumeration value="Fault" />
          <s:enumeration value="Fault Including Hit and Run" />
          <s:enumeration value="Fault and Conviction" />
          <s:enumeration value="Fault and Personal Injury" />
          <s:enumeration value="Fault and Personal Injury and Conviction" />
          <s:enumeration value="Non Fault (Full Recovery Of Costs Made)" />
          <s:enumeration value="Non Fault (Including Personal Injury)" />
          <s:enumeration value="Fire" />
          <s:enumeration value="Theft" />
          <s:enumeration value="Windscreen" />
        </s:restriction>
      </s:simpleType>
      <s:simpleType name="FaultTypeAbi">
        <s:restriction base="s:string">
          <s:enumeration value="W" />
          <s:enumeration value="A1|Fault" />
          <s:enumeration value="A1|Fault Including Hit and Run" />
          <s:enumeration value="A2" />
          <s:enumeration value="A3" />
          <s:enumeration value="A4" />
          <s:enumeration value="A5" />
          <s:enumeration value="A6" />
          <s:enumeration value="F" />
          <s:enumeration value="T" />
        </s:restriction>
      </s:simpleType>
      <s:complexType name="PMQuoteDataDriverClaimClaimType">
        <s:sequence>
          <s:element minOccurs="1" maxOccurs="1" name="Description" type="s1:ClaimTypeDescription" />
          <s:element minOccurs="1" maxOccurs="1" name="Abi" type="s1:ClaimTypeAbi" />
        </s:sequence>
      </s:complexType>
      <s:simpleType name="ClaimTypeDescription">
        <s:restriction base="s:string">
          <s:enumeration value="Accident" />
          <s:enumeration value="Fire" />
          <s:enumeration value="Theft" />
          <s:enumeration value="Vandalism" />
          <s:enumeration value="Windscreen" />
          <s:enumeration value="Not Covered by Any Other Item On The List" />
        </s:restriction>
      </s:simpleType>
      <s:simpleType name="ClaimTypeAbi">
        <s:restriction base="s:string">
          <s:enumeration value="A" />
          <s:enumeration value="F" />
          <s:enumeration value="T" />
          <s:enumeration value="W" />
          <s:enumeration value="V" />
        </s:restriction>
      </s:simpleType>
      <s:complexType name="ArrayOfPMQuoteDataDriverConviction">
        <s:sequence>
          <s:element minOccurs="0" maxOccurs="unbounded" name="Conviction" type="s1:PMQuoteDataDriverConviction" />
        </s:sequence>
      </s:complexType>
      <s:complexType name="PMQuoteDataDriverConviction">
        <s:sequence>
          <s:element minOccurs="0" maxOccurs="1" name="AlcoholReading" type="s:int" />
          <s:element minOccurs="0" maxOccurs="1" name="AlcoholReadingType" type="s1:PMQuoteDataDriverConvictionAlcoholReadingType" />
          <s:element minOccurs="1" maxOccurs="1" name="ConvictionDate" type="s:date" />
          <s:element minOccurs="1" maxOccurs="1" name="IncidentDate" type="s:date" />
          <s:element minOccurs="0" maxOccurs="1" name="DisqualificationMonths" type="s:int" />
          <s:element minOccurs="1" maxOccurs="1" name="Fine" type="s:int" />
          <s:element minOccurs="0" maxOccurs="1" name="Pending" type="s:boolean" />
          <s:element minOccurs="1" maxOccurs="1" name="Points" type="s:int" />
          <s:element minOccurs="0" maxOccurs="1" name="ConvictionType" type="s1:PMQuoteDataDriverConvictionConvictionType" />
        </s:sequence>
      </s:complexType>
      <s:complexType name="PMQuoteDataDriverConvictionAlcoholReadingType">
        <s:sequence>
          <s:element minOccurs="1" maxOccurs="1" name="Description" type="s1:AlcoholReadingTypeDescription" />
          <s:element minOccurs="1" maxOccurs="1" name="Abi" type="s1:AlcoholReadingTypeAbi" />
        </s:sequence>
      </s:complexType>
      <s:simpleType name="AlcoholReadingTypeDescription">
        <s:restriction base="s:string">
          <s:enumeration value="Breath" />
          <s:enumeration value="Blood" />
          <s:enumeration value="Urine" />
        </s:restriction>
      </s:simpleType>
      <s:simpleType name="AlcoholReadingTypeAbi">
        <s:restriction base="s:string">
          <s:enumeration value="1" />
          <s:enumeration value="2" />
          <s:enumeration value="3" />
        </s:restriction>
      </s:simpleType>
      <s:complexType name="PMQuoteDataDriverConvictionConvictionType">
        <s:sequence>
          <s:element minOccurs="0" maxOccurs="1" name="Description" type="s:string" />
          <s:element minOccurs="0" maxOccurs="1" name="Abi" type="s:string" />
        </s:sequence>
      </s:complexType>
      <s:complexType name="PMQuoteDataDriverHomeType">
        <s:sequence>
          <s:element minOccurs="1" maxOccurs="1" name="Description" type="s1:HomeDescription" />
          <s:element minOccurs="1" maxOccurs="1" name="Abi" type="s1:HomeAbi" />
        </s:sequence>
      </s:complexType>
      <s:simpleType name="HomeDescription">
        <s:restriction base="s:string">
          <s:enumeration value="House" />
          <s:enumeration value="Flat" />
          <s:enumeration value="Boat" />
          <s:enumeration value="Licenced Premises" />
          <s:enumeration value="Sited Caravan" />
          <s:enumeration value="Unsited Caravan" />
          <s:enumeration value="Other" />
        </s:restriction>
      </s:simpleType>
      <s:simpleType name="HomeAbi">
        <s:restriction base="s:string">
          <s:enumeration value="01" />
          <s:enumeration value="02" />
          <s:enumeration value="03" />
          <s:enumeration value="04" />
          <s:enumeration value="05" />
          <s:enumeration value="06" />
          <s:enumeration value="99" />
        </s:restriction>
      </s:simpleType>
      <s:complexType name="PMQuoteDataDriverLicence">
        <s:sequence>
          <s:element minOccurs="1" maxOccurs="1" name="LicenceDate" type="s:date" />
          <s:element minOccurs="0" maxOccurs="1" name="LicenceType" type="s1:PMQuoteDataDriverLicenceLicenceType" />
          <s:element minOccurs="0" maxOccurs="1" name="LicenceRestrictions" type="s1:ArrayOfPMQuoteDataDriverLicenceLicenceRestriction" />
        </s:sequence>
      </s:complexType>
      <s:complexType name="PMQuoteDataDriverLicenceLicenceType">
        <s:sequence>
          <s:element minOccurs="1" maxOccurs="1" name="Description" type="s1:LicenceTypeDescription" />
          <s:element minOccurs="1" maxOccurs="1" name="Abi" type="s1:LicenceTypeAbi" />
        </s:sequence>
      </s:complexType>
      <s:simpleType name="LicenceTypeDescription">
        <s:restriction base="s:string">
          <s:enumeration value="Full (U.K.)" />
          <s:enumeration value="Provisional (U.K.)" />
          <s:enumeration value="EEC" />
          <s:enumeration value="International" />
          <s:enumeration value="Foreign" />
          <s:enumeration value="Restricted less than 3 years" />
          <s:enumeration value="Restricted 3 years or over" />
        </s:restriction>
      </s:simpleType>
      <s:simpleType name="LicenceTypeAbi">
        <s:restriction base="s:string">
          <s:enumeration value="F" />
          <s:enumeration value="P" />
          <s:enumeration value="E" />
          <s:enumeration value="N" />
          <s:enumeration value="I" />
          <s:enumeration value="R" />
          <s:enumeration value="S" />
        </s:restriction>
      </s:simpleType>
      <s:complexType name="ArrayOfPMQuoteDataDriverLicenceLicenceRestriction">
        <s:sequence>
          <s:element minOccurs="0" maxOccurs="unbounded" name="LicenceRestriction" type="s1:PMQuoteDataDriverLicenceLicenceRestriction" />
        </s:sequence>
      </s:complexType>
      <s:complexType name="PMQuoteDataDriverLicenceLicenceRestriction">
        <s:sequence>
          <s:element minOccurs="0" maxOccurs="1" name="RestrictionNature" type="s1:PMQuoteDataDriverLicenceLicenceRestrictionRestrictionNature" />
          <s:element minOccurs="0" maxOccurs="1" name="RestrictionReason" type="s1:PMQuoteDataDriverLicenceLicenceRestrictionRestrictionReason" />
        </s:sequence>
      </s:complexType>
      <s:complexType name="PMQuoteDataDriverLicenceLicenceRestrictionRestrictionNature">
        <s:sequence>
          <s:element minOccurs="1" maxOccurs="1" name="Description" type="s1:RestrictionNatureDescription" />
          <s:element minOccurs="1" maxOccurs="1" name="Abi" type="s1:RestrictionNatureAbi" />
        </s:sequence>
      </s:complexType>
      <s:simpleType name="RestrictionNatureDescription">
        <s:restriction base="s:string">
          <s:enumeration value="Automatic Transmission" />
          <s:enumeration value="By Date, Less Than 3 Years" />
          <s:enumeration value="By Date, More Than 3 Years" />
          <s:enumeration value="5 Year Licence" />
          <s:enumeration value="4 Year Licence" />
          <s:enumeration value="HGV Driving Licence" />
          <s:enumeration value="Restricted to Vehiclt Type" />
          <s:enumeration value="No Restrictions" />
          <s:enumeration value="1 Year Licence" />
          <s:enumeration value="Qualificaton" />
          <s:enumeration value="Adapted For Disability" />
          <s:enumeration value="3 Year Licence" />
          <s:enumeration value="2 Year Licence" />
        </s:restriction>
      </s:simpleType>
      <s:simpleType name="RestrictionNatureAbi">
        <s:restriction base="s:string">
          <s:enumeration value="1" />
          <s:enumeration value="2" />
          <s:enumeration value="3" />
          <s:enumeration value="4" />
          <s:enumeration value="5" />
          <s:enumeration value="6" />
          <s:enumeration value="7" />
          <s:enumeration value="8" />
          <s:enumeration value="9" />
          <s:enumeration value="10" />
          <s:enumeration value="11" />
          <s:enumeration value="12" />
          <s:enumeration value="13" />
        </s:restriction>
      </s:simpleType>
      <s:complexType name="PMQuoteDataDriverLicenceLicenceRestrictionRestrictionReason">
        <s:sequence>
          <s:element minOccurs="1" maxOccurs="1" name="Description" type="s1:RestrictionReasonDescription" />
          <s:element minOccurs="1" maxOccurs="1" name="Abi" type="s1:RestrictionReasonAbi" />
        </s:sequence>
      </s:complexType>
      <s:simpleType name="RestrictionReasonDescription">
        <s:restriction base="s:string">
          <s:enumeration value="Age" />
          <s:enumeration value="Medical/Disability" />
        </s:restriction>
      </s:simpleType>
      <s:simpleType name="RestrictionReasonAbi">
        <s:restriction base="s:string">
          <s:enumeration value="1" />
          <s:enumeration value="2" />
        </s:restriction>
      </s:simpleType>
      <s:complexType name="PMQuoteDataDriverMaritalStatus">
        <s:sequence>
          <s:element minOccurs="1" maxOccurs="1" name="Description" type="s1:MaritalStatusDescription" />
          <s:element minOccurs="1" maxOccurs="1" name="Abi" type="s1:MaritalStatusAbi" />
        </s:sequence>
      </s:complexType>
      <s:simpleType name="MaritalStatusDescription">
        <s:restriction base="s:string">
          <s:enumeration value="Single" />
          <s:enumeration value="Married" />
          <s:enumeration value="Divorced" />
          <s:enumeration value="Married - Common Law" />
          <s:enumeration value="Separated" />
          <s:enumeration value="Widowed" />
          <s:enumeration value="Partnered" />
        </s:restriction>
      </s:simpleType>
      <s:simpleType name="MaritalStatusAbi">
        <s:restriction base="s:string">
          <s:enumeration value="S" />
          <s:enumeration value="M" />
          <s:enumeration value="D" />
          <s:enumeration value="C" />
          <s:enumeration value="A" />
          <s:enumeration value="W" />
          <s:enumeration value="P" />
        </s:restriction>
      </s:simpleType>
      <s:complexType name="PMQuoteDataDriverTitle">
        <s:sequence>
          <s:element minOccurs="1" maxOccurs="1" name="Description" type="s1:TitleDescription" />
          <s:element minOccurs="1" maxOccurs="1" name="Abi" type="s1:TitleAbi" />
        </s:sequence>
      </s:complexType>
      <s:simpleType name="TitleDescription">
        <s:restriction base="s:string">
          <s:enumeration value="Mr" />
          <s:enumeration value="Dr" />
          <s:enumeration value="Miss" />
          <s:enumeration value="Mrs" />
          <s:enumeration value="Ms" />
          <s:enumeration value="Rev" />
          <s:enumeration value="Sir" />
          <s:enumeration value="" />
        </s:restriction>
      </s:simpleType>
      <s:simpleType name="TitleAbi">
        <s:restriction base="s:string">
          <s:enumeration value="003" />
          <s:enumeration value="001" />
          <s:enumeration value="002" />
          <s:enumeration value="004" />
          <s:enumeration value="005" />
          <s:enumeration value="006" />
          <s:enumeration value="007" />
        </s:restriction>
      </s:simpleType>
      <s:complexType name="ArrayOfPMQuoteDataDriverMedicalCondition">
        <s:sequence>
          <s:element minOccurs="0" maxOccurs="unbounded" name="MedicalCondition" type="s1:PMQuoteDataDriverMedicalCondition" />
        </s:sequence>
      </s:complexType>
      <s:complexType name="PMQuoteDataDriverMedicalCondition">
        <s:sequence>
          <s:element minOccurs="0" maxOccurs="1" name="DVLATold" type="s:boolean" />
          <s:element minOccurs="0" maxOccurs="1" name="LastOccurred" type="s:date" />
          <s:element minOccurs="0" maxOccurs="1" name="Started" type="s:date" />
          <s:element minOccurs="0" maxOccurs="1" name="MedicalConditionType" type="s1:PMQuoteDataDriverMedicalConditionMedicalConditionType" />
        </s:sequence>
      </s:complexType>
      <s:complexType name="PMQuoteDataDriverMedicalConditionMedicalConditionType">
        <s:sequence>
          <s:element minOccurs="0" maxOccurs="1" name="Description" type="s:string" />
          <s:element minOccurs="0" maxOccurs="1" name="Abi" type="s:string" />
        </s:sequence>
      </s:complexType>
      <s:complexType name="PMQuoteDataDriverMotorOrganisation">
        <s:sequence>
          <s:element minOccurs="1" maxOccurs="1" name="Description" type="s1:MotorOrgDescription" />
          <s:element minOccurs="1" maxOccurs="1" name="Abi" type="s1:MotorOrgAbi" />
        </s:sequence>
      </s:complexType>
      <s:simpleType name="MotorOrgDescription">
        <s:restriction base="s:string">
          <s:enumeration value="AA" />
          <s:enumeration value="RAC" />
          <s:enumeration value="National Breakdown" />
          <s:enumeration value="Europ Assist" />
          <s:enumeration value="Institute of Advanced Motoring" />
          <s:enumeration value="Pass Plus" />
          <s:enumeration value="Other" />
          <s:enumeration value="None" />
        </s:restriction>
      </s:simpleType>
      <s:simpleType name="MotorOrgAbi">
        <s:restriction base="s:string">
          <s:enumeration value="1" />
          <s:enumeration value="2" />
          <s:enumeration value="3" />
          <s:enumeration value="4" />
          <s:enumeration value="8" />
          <s:enumeration value="9" />
          <s:enumeration value="98" />
          <s:enumeration value="99" />
        </s:restriction>
      </s:simpleType>
      <s:complexType name="ArrayOfPMQuoteDataDriverOccupation">
        <s:sequence>
          <s:element minOccurs="0" maxOccurs="unbounded" name="Occupation" type="s1:PMQuoteDataDriverOccupation" />
        </s:sequence>
      </s:complexType>
      <s:complexType name="PMQuoteDataDriverOccupation">
        <s:sequence>
          <s:element minOccurs="0" maxOccurs="1" name="Business" type="s1:PMQuoteDataDriverOccupationBusiness" />
          <s:element minOccurs="1" maxOccurs="1" name="Fulltime" type="s:boolean" />
          <s:element minOccurs="0" maxOccurs="1" name="EmploymentStatus" type="s1:PMQuoteDataDriverOccupationEmploymentStatus" />
          <s:element minOccurs="0" maxOccurs="1" name="OccupationType" type="s1:PMQuoteDataDriverOccupationOccupationType" />
        </s:sequence>
      </s:complexType>
      <s:complexType name="PMQuoteDataDriverOccupationBusiness">
        <s:sequence>
          <s:element minOccurs="0" maxOccurs="1" name="Description" type="s:string" />
          <s:element minOccurs="0" maxOccurs="1" name="Abi" type="s:string" />
        </s:sequence>
      </s:complexType>
      <s:complexType name="PMQuoteDataDriverOccupationEmploymentStatus">
        <s:sequence>
          <s:element minOccurs="1" maxOccurs="1" name="Description" type="s1:EmploymentStatusDescription" />
          <s:element minOccurs="1" maxOccurs="1" name="Abi" type="s1:EmploymentStatusAbi" />
        </s:sequence>
      </s:complexType>
      <s:simpleType name="EmploymentStatusDescription">
        <s:restriction base="s:string">
          <s:enumeration value="Employed" />
          <s:enumeration value="Self Employed" />
          <s:enumeration value="Company" />
          <s:enumeration value="In Full Or Part Time Education" />
          <s:enumeration value="Household Duties" />
          <s:enumeration value="Independent Means" />
          <s:enumeration value="Not Employed Due To Disability" />
          <s:enumeration value="Retired" />
          <s:enumeration value="Unemployed" />
          <s:enumeration value="Voluntary Work" />
          <s:enumeration value="" />
        </s:restriction>
      </s:simpleType>
      <s:simpleType name="EmploymentStatusAbi">
        <s:restriction base="s:string">
          <s:enumeration value="E" />
          <s:enumeration value="C" />
          <s:enumeration value="F" />
          <s:enumeration value="H" />
          <s:enumeration value="I" />
          <s:enumeration value="N" />
          <s:enumeration value="R" />
          <s:enumeration value="S" />
          <s:enumeration value="U" />
          <s:enumeration value="V" />
        </s:restriction>
      </s:simpleType>
      <s:complexType name="PMQuoteDataDriverOccupationOccupationType">
        <s:sequence>
          <s:element minOccurs="0" maxOccurs="1" name="Description" type="s:string" />
          <s:element minOccurs="0" maxOccurs="1" name="Abi" type="s:string" />
        </s:sequence>
      </s:complexType>
      <s:complexType name="ArrayOfPMQuoteDataDriverQualification">
        <s:sequence>
          <s:element minOccurs="0" maxOccurs="unbounded" name="Qualification" type="s1:PMQuoteDataDriverQualification" />
        </s:sequence>
      </s:complexType>
      <s:complexType name="PMQuoteDataDriverQualification">
        <s:sequence>
          <s:element minOccurs="1" maxOccurs="1" name="Passed" type="s:date" />
          <s:element minOccurs="0" maxOccurs="1" name="QualificationType" type="s1:PMQuoteDataDriverQualificationQualificationType" />
        </s:sequence>
      </s:complexType>
      <s:complexType name="PMQuoteDataDriverQualificationQualificationType">
        <s:sequence>
          <s:element minOccurs="1" maxOccurs="1" name="Description" type="s1:QualificationTypeDescription" />
          <s:element minOccurs="1" maxOccurs="1" name="Abi" type="s1:QualificationTypeAbi" />
        </s:sequence>
      </s:complexType>
      <s:simpleType name="QualificationTypeDescription">
        <s:restriction base="s:string">
          <s:enumeration value="Institute of Advanced Motoring" />
          <s:enumeration value="AA Proficiency" />
          <s:enumeration value="Pass Plus" />
        </s:restriction>
      </s:simpleType>
      <s:simpleType name="QualificationTypeAbi">
        <s:restriction base="s:string">
          <s:enumeration value="1" />
          <s:enumeration value="2" />
          <s:enumeration value="3" />
        </s:restriction>
      </s:simpleType>
      <s:complexType name="PMQuoteDataDriverRelationshipToProposer">
        <s:sequence>
          <s:element minOccurs="1" maxOccurs="1" name="Description" type="s1:RelationshipDescription" />
          <s:element minOccurs="1" maxOccurs="1" name="Abi" type="s1:RelationshipAbi" />
        </s:sequence>
      </s:complexType>
      <s:simpleType name="RelationshipDescription">
        <s:restriction base="s:string">
          <s:enumeration value="Spouse" />
          <s:enumeration value="Brother/Sister" />
          <s:enumeration value="Family" />
          <s:enumeration value="Daughter in Law or Son in Law" />
          <s:enumeration value="Sister in Law or Brother in Law" />
          <s:enumeration value="Parent" />
          <s:enumeration value="Daughter or Son" />
          <s:enumeration value="Proposer" />
          <s:enumeration value="Unrelated" />
          <s:enumeration value="Common Law Partner" />
          <s:enumeration value="Partner - Civil" />
        </s:restriction>
      </s:simpleType>
      <s:simpleType name="RelationshipAbi">
        <s:restriction base="s:string">
          <s:enumeration value="A" />
          <s:enumeration value="F" />
          <s:enumeration value="G" />
          <s:enumeration value="H" />
          <s:enumeration value="M" />
          <s:enumeration value="O" />
          <s:enumeration value="P" />
          <s:enumeration value="S" />
          <s:enumeration value="U" />
          <s:enumeration value="W" />
          <s:enumeration value="J" />
        </s:restriction>
      </s:simpleType>
      <s:complexType name="PMQuoteDataDriverResidency">
        <s:sequence>
          <s:element minOccurs="0" maxOccurs="1" name="AtProposersAddress" type="s:boolean" />
          <s:element minOccurs="0" maxOccurs="1" name="BirthCountry" type="s1:PMQuoteDataDriverResidencyBirthCountry" />
          <s:element minOccurs="0" maxOccurs="1" name="DateToUK" type="s:date" />
          <s:element minOccurs="0" maxOccurs="1" name="Permanent" type="s:boolean" />
          <s:element minOccurs="0" maxOccurs="1" name="Years" type="s:int" />
        </s:sequence>
      </s:complexType>
      <s:complexType name="PMQuoteDataDriverResidencyBirthCountry">
        <s:sequence>
          <s:element minOccurs="1" maxOccurs="1" name="Description" type="s1:BirthCountryDescription" />
          <s:element minOccurs="1" maxOccurs="1" name="Abi" type="s1:BirthCountryAbi" />
        </s:sequence>
      </s:complexType>
      <s:simpleType name="BirthCountryDescription">
        <s:restriction base="s:string">
          <s:enumeration value="UK" />
          <s:enumeration value="Outside UK" />
        </s:restriction>
      </s:simpleType>
      <s:simpleType name="BirthCountryAbi">
        <s:restriction base="s:string">
          <s:enumeration value="U" />
          <s:enumeration value="N" />
        </s:restriction>
      </s:simpleType>
      <s:complexType name="PMQuoteDataDriverSex">
        <s:sequence>
          <s:element minOccurs="1" maxOccurs="1" name="Description" type="s1:SexDescription" />
          <s:element minOccurs="1" maxOccurs="1" name="Abi" type="s1:SexAbi" />
        </s:sequence>
      </s:complexType>
      <s:simpleType name="SexDescription">
        <s:restriction base="s:string">
          <s:enumeration value="Male" />
          <s:enumeration value="Female" />
        </s:restriction>
      </s:simpleType>
      <s:simpleType name="SexAbi">
        <s:restriction base="s:string">
          <s:enumeration value="M" />
          <s:enumeration value="F" />
        </s:restriction>
      </s:simpleType>
      <s:complexType name="PMQuoteDataDriverUsageFrequency">
        <s:sequence>
          <s:element minOccurs="1" maxOccurs="1" name="Description" type="s1:UsageFrequencyDescription" />
          <s:element minOccurs="1" maxOccurs="1" name="Abi" type="s1:UsageFrequencyAbi" />
        </s:sequence>
      </s:complexType>
      <s:simpleType name="UsageFrequencyDescription">
        <s:restriction base="s:string">
          <s:enumeration value="Main User" />
          <s:enumeration value="Infrequent (Casual)" />
          <s:enumeration value="Frequent" />
        </s:restriction>
      </s:simpleType>
      <s:simpleType name="UsageFrequencyAbi">
        <s:restriction base="s:string">
          <s:enumeration value="M" />
          <s:enumeration value="F" />
          <s:enumeration value="C" />
        </s:restriction>
      </s:simpleType>
      <s:complexType name="ArrayOfPMQuoteDataVehicle">
        <s:sequence>
          <s:element minOccurs="0" maxOccurs="unbounded" name="Vehicle" type="s1:PMQuoteDataVehicle" />
        </s:sequence>
      </s:complexType>
      <s:complexType name="PMQuoteDataVehicle">
        <s:sequence>
          <s:element minOccurs="0" maxOccurs="1" name="Accessories" type="s:int" />
          <s:element minOccurs="0" maxOccurs="1" name="BodyType" type="s1:PMQuoteDataVehicleBodyType" />
          <s:element minOccurs="1" maxOccurs="1" name="BusinessMiles" type="s:int" />
          <s:element minOccurs="0" maxOccurs="1" name="VehicleColour" type="s1:PMQuoteDataVehicleVehicleColour" />
          <s:element minOccurs="0" maxOccurs="1" name="DateManufactured" type="s:date" />
          <s:element minOccurs="1" maxOccurs="1" name="DatePurchased" type="s:date" />
          <s:element minOccurs="1" maxOccurs="1" name="DateRegistered" type="s:date" />
          <s:element minOccurs="0" maxOccurs="1" name="DriveSide" type="s1:PMQuoteDataVehicleDriveSide" />
          <s:element minOccurs="0" maxOccurs="1" name="EngineSize" type="s:string" />
          <s:element minOccurs="0" maxOccurs="1" name="VehicleFinish" type="s1:PMQuoteDataVehicleVehicleFinish" />
          <s:element minOccurs="0" maxOccurs="1" name="Fuel" type="s1:PMQuoteDataVehicleFuel" />
          <s:element minOccurs="0" maxOccurs="1" name="Imported" type="s:boolean" />
          <s:element minOccurs="1" maxOccurs="1" name="KeptAtProposerAddress" type="s:boolean" />
          <s:element minOccurs="0" maxOccurs="1" name="KeptLocation" type="s1:PMQuoteDataVehicleKeptLocation" />
          <s:element minOccurs="0" maxOccurs="1" name="KeptAddress" type="s1:Address" />
          <s:element minOccurs="0" maxOccurs="1" name="Make" type="s:string" />
          <s:element minOccurs="0" maxOccurs="1" name="MilometerReading" type="s:int" />
          <s:element minOccurs="0" maxOccurs="1" name="Model" type="s:string" />
          <s:element minOccurs="0" maxOccurs="1" name="Modifications" type="s1:ArrayOfPMQuoteDataVehicleModification" />
          <s:element minOccurs="1" maxOccurs="1" name="PleasureMiles" type="s:int" />
          <s:element minOccurs="0" maxOccurs="1" name="NumberDoors" type="s:int" />
          <s:element minOccurs="1" maxOccurs="1" name="NumberSeats" type="s:int" />
          <s:element minOccurs="0" maxOccurs="1" name="QPlate" type="s:boolean" />
          <s:element minOccurs="0" maxOccurs="1" name="VehicleOwner" type="s1:PMQuoteDataVehicleVehicleOwner" />
          <s:element minOccurs="0" maxOccurs="1" name="VehicleKeeper" type="s1:PMQuoteDataVehicleVehicleKeeper" />
          <s:element minOccurs="0" maxOccurs="1" name="Registration" type="s:string" />
          <s:element minOccurs="0" maxOccurs="1" name="SecurityDevices" type="s1:ArrayOfPMQuoteDataVehicleSecurityDevice" />
          <s:element minOccurs="0" maxOccurs="1" name="TransmissionType" type="s1:PMQuoteDataVehicleTransmissionType" />
          <s:element minOccurs="0" maxOccurs="1" name="UKRegistered" type="s:boolean" />
          <s:element minOccurs="1" maxOccurs="1" name="Value" type="s:int" />
          <s:element minOccurs="0" maxOccurs="1" name="ValueType" type="s1:PMQuoteDataVehicleValueType" />
          <s:element minOccurs="0" maxOccurs="1" name="VehicleDetails" type="s1:PMQuoteDataVehicleVehicleDetails" />
        </s:sequence>
      </s:complexType>
      <s:complexType name="PMQuoteDataVehicleBodyType">
        <s:sequence>
          <s:element minOccurs="1" maxOccurs="1" name="Description" type="s1:BodyTypeDescription" />
          <s:element minOccurs="1" maxOccurs="1" name="Abi" type="s1:BodyTypeAbi" />
        </s:sequence>
      </s:complexType>
      <s:simpleType name="BodyTypeDescription">
        <s:restriction base="s:string">
          <s:enumeration value="Saloon/Coupe" />
          <s:enumeration value="Hatchback" />
          <s:enumeration value="Estate" />
          <s:enumeration value="Coupe" />
          <s:enumeration value="Light Van" />
          <s:enumeration value="Pickup" />
          <s:enumeration value="Van" />
          <s:enumeration value="Convertible" />
          <s:enumeration value="Caravanette" />
          <s:enumeration value="People Carrier" />
        </s:restriction>
      </s:simpleType>
      <s:simpleType name="BodyTypeAbi">
        <s:restriction base="s:string">
          <s:enumeration value="01" />
          <s:enumeration value="02" />
          <s:enumeration value="03" />
          <s:enumeration value="04" />
          <s:enumeration value="05" />
          <s:enumeration value="06" />
          <s:enumeration value="07" />
          <s:enumeration value="08" />
          <s:enumeration value="20" />
          <s:enumeration value="62" />
        </s:restriction>
      </s:simpleType>
      <s:complexType name="PMQuoteDataVehicleVehicleColour">
        <s:sequence>
          <s:element minOccurs="1" maxOccurs="1" name="Description" type="s1:VehicleColourDescription" />
          <s:element minOccurs="1" maxOccurs="1" name="Abi" type="s1:VehicleColourAbi" />
        </s:sequence>
      </s:complexType>
      <s:simpleType name="VehicleColourDescription">
        <s:restriction base="s:string">
          <s:enumeration value="Beige" />
          <s:enumeration value="Black" />
          <s:enumeration value="Blue" />
          <s:enumeration value="Brown" />
          <s:enumeration value="Gold" />
          <s:enumeration value="Green" />
          <s:enumeration value="Grey" />
          <s:enumeration value="Mixed" />
          <s:enumeration value="Other" />
          <s:enumeration value="Red" />
          <s:enumeration value="Silver" />
          <s:enumeration value="White" />
          <s:enumeration value="Yellow" />
          <s:enumeration value="Orange" />
          <s:enumeration value="Pink" />
          <s:enumeration value="Purple" />
        </s:restriction>
      </s:simpleType>
      <s:simpleType name="VehicleColourAbi">
        <s:restriction base="s:string">
          <s:enumeration value="1" />
          <s:enumeration value="2" />
          <s:enumeration value="3" />
          <s:enumeration value="4" />
          <s:enumeration value="5" />
          <s:enumeration value="6" />
          <s:enumeration value="7" />
          <s:enumeration value="8" />
          <s:enumeration value="9" />
          <s:enumeration value="10" />
          <s:enumeration value="11" />
          <s:enumeration value="12" />
          <s:enumeration value="13" />
          <s:enumeration value="14" />
          <s:enumeration value="15" />
          <s:enumeration value="16" />
        </s:restriction>
      </s:simpleType>
      <s:complexType name="PMQuoteDataVehicleDriveSide">
        <s:sequence>
          <s:element minOccurs="1" maxOccurs="1" name="Description" type="s1:DriveSideDescription" />
          <s:element minOccurs="1" maxOccurs="1" name="Abi" type="s1:DriveSideAbi" />
        </s:sequence>
      </s:complexType>
      <s:simpleType name="DriveSideDescription">
        <s:restriction base="s:string">
          <s:enumeration value="Right Hand Drive" />
          <s:enumeration value="Left Hand Drive" />
        </s:restriction>
      </s:simpleType>
      <s:simpleType name="DriveSideAbi">
        <s:restriction base="s:string">
          <s:enumeration value="R" />
          <s:enumeration value="L" />
        </s:restriction>
      </s:simpleType>
      <s:complexType name="PMQuoteDataVehicleVehicleFinish">
        <s:sequence>
          <s:element minOccurs="1" maxOccurs="1" name="Description" type="s1:VehicleFinishDescription" />
          <s:element minOccurs="1" maxOccurs="1" name="Abi" type="s1:VehicleFinishAbi" />
        </s:sequence>
      </s:complexType>
      <s:simpleType name="VehicleFinishDescription">
        <s:restriction base="s:string">
          <s:enumeration value="Metallic" />
          <s:enumeration value="Non-Metallic" />
          <s:enumeration value="Other" />
          <s:enumeration value="Pearlescent" />
          <s:enumeration value="Clear Over Base" />
          <s:enumeration value="Solid" />
        </s:restriction>
      </s:simpleType>
      <s:simpleType name="VehicleFinishAbi">
        <s:restriction base="s:string">
          <s:enumeration value="1" />
          <s:enumeration value="2" />
          <s:enumeration value="3" />
          <s:enumeration value="4" />
          <s:enumeration value="5" />
          <s:enumeration value="6" />
        </s:restriction>
      </s:simpleType>
      <s:complexType name="PMQuoteDataVehicleFuel">
        <s:sequence>
          <s:element minOccurs="1" maxOccurs="1" name="Description" type="s1:FuelDescription" />
          <s:element minOccurs="1" maxOccurs="1" name="Abi" type="s1:FuelAbi" />
        </s:sequence>
      </s:complexType>
      <s:simpleType name="FuelDescription">
        <s:restriction base="s:string">
          <s:enumeration value="Petrol" />
          <s:enumeration value="Diesel" />
          <s:enumeration value="LPG" />
          <s:enumeration value="Electricity" />
        </s:restriction>
      </s:simpleType>
      <s:simpleType name="FuelAbi">
        <s:restriction base="s:string">
          <s:enumeration value="002" />
          <s:enumeration value="001" />
          <s:enumeration value="003" />
          <s:enumeration value="004" />
        </s:restriction>
      </s:simpleType>
      <s:complexType name="PMQuoteDataVehicleKeptLocation">
        <s:sequence>
          <s:element minOccurs="1" maxOccurs="1" name="Description" type="s1:KeptLocationDescription" />
          <s:element minOccurs="1" maxOccurs="1" name="Abi" type="s1:KeptLocationAbi" />
        </s:sequence>
      </s:complexType>
      <s:simpleType name="KeptLocationDescription">
        <s:restriction base="s:string">
          <s:enumeration value="Parked on Drive" />
          <s:enumeration value="Kept on Public Road" />
          <s:enumeration value="Kept on Private Property" />
          <s:enumeration value="Garaged" />
          <s:enumeration value="Car Park" />
          <s:enumeration value="Locked Building" />
          <s:enumeration value="Locked Compound" />
        </s:restriction>
      </s:simpleType>
      <s:simpleType name="KeptLocationAbi">
        <s:restriction base="s:string">
          <s:enumeration value="2" />
          <s:enumeration value="1" />
          <s:enumeration value="3" />
          <s:enumeration value="4" />
          <s:enumeration value="5" />
          <s:enumeration value="6" />
          <s:enumeration value="7" />
        </s:restriction>
      </s:simpleType>
      <s:complexType name="ArrayOfPMQuoteDataVehicleModification">
        <s:sequence>
          <s:element minOccurs="0" maxOccurs="unbounded" name="Modification" type="s1:PMQuoteDataVehicleModification" />
        </s:sequence>
      </s:complexType>
      <s:complexType name="PMQuoteDataVehicleModification">
        <s:sequence>
          <s:element minOccurs="1" maxOccurs="1" name="Infirmity" type="s:boolean" />
          <s:element minOccurs="0" maxOccurs="1" name="ModificationType" type="s1:PMQuoteDataVehicleModificationModificationType" />
        </s:sequence>
      </s:complexType>
      <s:complexType name="PMQuoteDataVehicleModificationModificationType">
        <s:sequence>
          <s:element minOccurs="0" maxOccurs="1" name="Description" type="s:string" />
          <s:element minOccurs="0" maxOccurs="1" name="Abi" type="s:string" />
        </s:sequence>
      </s:complexType>
      <s:complexType name="PMQuoteDataVehicleVehicleOwner">
        <s:sequence>
          <s:element minOccurs="1" maxOccurs="1" name="Description" type="s1:VehicleOwnerDescription" />
          <s:element minOccurs="1" maxOccurs="1" name="Abi" type="s1:VehicleOwnerAbi" />
        </s:sequence>
      </s:complexType>
      <s:simpleType name="VehicleOwnerDescription">
        <s:restriction base="s:string">
          <s:enumeration value="Proposer" />
          <s:enumeration value="Spouse" />
          <s:enumeration value="Company other than Proposer" />
          <s:enumeration value="Vehicle Leasing Company" />
          <s:enumeration value="Parent" />
          <s:enumeration value="Common Law Partner" />
          <s:enumeration value="Employer" />
          <s:enumeration value="Other" />
          <s:enumeration value="Partner - Civil" />
        </s:restriction>
      </s:simpleType>
      <s:simpleType name="VehicleOwnerAbi">
        <s:restriction base="s:string">
          <s:enumeration value="1" />
          <s:enumeration value="2" />
          <s:enumeration value="3" />
          <s:enumeration value="4" />
          <s:enumeration value="6" />
          <s:enumeration value="7" />
          <s:enumeration value="A" />
          <s:enumeration value="9" />
          <s:enumeration value="E" />
        </s:restriction>
      </s:simpleType>
      <s:complexType name="PMQuoteDataVehicleVehicleKeeper">
        <s:sequence>
          <s:element minOccurs="1" maxOccurs="1" name="Description" type="s1:VehicleKeeperDescription" />
          <s:element minOccurs="1" maxOccurs="1" name="Abi" type="s1:VehicleKeeperAbi" />
        </s:sequence>
      </s:complexType>
      <s:simpleType name="VehicleKeeperDescription">
        <s:restriction base="s:string">
          <s:enumeration value="Proposer" />
          <s:enumeration value="Spouse" />
          <s:enumeration value="Company other than Proposer" />
          <s:enumeration value="Vehicle Leasing Company" />
          <s:enumeration value="Parent" />
          <s:enumeration value="Common Law Partner" />
          <s:enumeration value="Employer" />
          <s:enumeration value="Other" />
          <s:enumeration value="Partner - Civil" />
        </s:restriction>
      </s:simpleType>
      <s:simpleType name="VehicleKeeperAbi">
        <s:restriction base="s:string">
          <s:enumeration value="1" />
          <s:enumeration value="2" />
          <s:enumeration value="3" />
          <s:enumeration value="4" />
          <s:enumeration value="6" />
          <s:enumeration value="7" />
          <s:enumeration value="A" />
          <s:enumeration value="9" />
          <s:enumeration value="E" />
        </s:restriction>
      </s:simpleType>
      <s:complexType name="ArrayOfPMQuoteDataVehicleSecurityDevice">
        <s:sequence>
          <s:element minOccurs="0" maxOccurs="unbounded" name="SecurityDevice" type="s1:PMQuoteDataVehicleSecurityDevice" />
        </s:sequence>
      </s:complexType>
      <s:complexType name="PMQuoteDataVehicleSecurityDevice">
        <s:sequence>
          <s:element minOccurs="0" maxOccurs="1" name="DateFitted" type="s:date" />
          <s:element minOccurs="0" maxOccurs="1" name="DeviceFitter" type="s1:PMQuoteDataVehicleSecurityDeviceDeviceFitter" />
          <s:element minOccurs="0" maxOccurs="1" name="DeviceType" type="s1:PMQuoteDataVehicleSecurityDeviceDeviceType" />
        </s:sequence>
      </s:complexType>
      <s:complexType name="PMQuoteDataVehicleSecurityDeviceDeviceFitter">
        <s:sequence>
          <s:element minOccurs="1" maxOccurs="1" name="Description" type="s1:DeviceFitterDescription" />
          <s:element minOccurs="1" maxOccurs="1" name="Abi" type="s1:DeviceFitterAbi" />
        </s:sequence>
      </s:complexType>
      <s:simpleType name="DeviceFitterDescription">
        <s:restriction base="s:string">
          <s:enumeration value="Device Manufacturer Approved Fitter" />
          <s:enumeration value="DIY" />
          <s:enumeration value="Insurer Approved Fitter" />
          <s:enumeration value="Vehicle Manufacturer" />
          <s:enumeration value="Other" />
          <s:enumeration value="Unknown" />
          <s:enumeration value="Vehicle Manufacturer Franchised Fitter" />
          <s:enumeration value="VSIB Accred Inst" />
        </s:restriction>
      </s:simpleType>
      <s:simpleType name="DeviceFitterAbi">
        <s:restriction base="s:string">
          <s:enumeration value="1" />
          <s:enumeration value="2" />
          <s:enumeration value="3" />
          <s:enumeration value="4" />
          <s:enumeration value="5" />
          <s:enumeration value="6" />
          <s:enumeration value="7" />
          <s:enumeration value="8" />
        </s:restriction>
      </s:simpleType>
      <s:complexType name="PMQuoteDataVehicleSecurityDeviceDeviceType">
        <s:sequence>
          <s:element minOccurs="0" maxOccurs="1" name="Description" type="s:string" />
          <s:element minOccurs="0" maxOccurs="1" name="Abi" type="s:string" />
        </s:sequence>
      </s:complexType>
      <s:complexType name="PMQuoteDataVehicleTransmissionType">
        <s:sequence>
          <s:element minOccurs="1" maxOccurs="1" name="Description" type="s1:TransmissionDescription" />
          <s:element minOccurs="1" maxOccurs="1" name="Abi" type="s1:TransmissionAbi" />
        </s:sequence>
      </s:complexType>
      <s:simpleType name="TransmissionDescription">
        <s:restriction base="s:string">
          <s:enumeration value="Manual" />
          <s:enumeration value="Automatic" />
        </s:restriction>
      </s:simpleType>
      <s:simpleType name="TransmissionAbi">
        <s:restriction base="s:string">
          <s:enumeration value="002" />
          <s:enumeration value="001" />
        </s:restriction>
      </s:simpleType>
      <s:complexType name="PMQuoteDataVehicleValueType">
        <s:sequence>
          <s:element minOccurs="1" maxOccurs="1" name="Description" type="s1:ValueTypeDescription" />
          <s:element minOccurs="1" maxOccurs="1" name="Abi" type="s1:ValueTypeAbi" />
        </s:sequence>
      </s:complexType>
      <s:simpleType name="ValueTypeDescription">
        <s:restriction base="s:string">
          <s:enumeration value="Market" />
          <s:enumeration value="Agreed" />
        </s:restriction>
      </s:simpleType>
      <s:simpleType name="ValueTypeAbi">
        <s:restriction base="s:string">
          <s:enumeration value="M" />
          <s:enumeration value="A" />
        </s:restriction>
      </s:simpleType>
      <s:complexType name="PMQuoteDataVehicleVehicleDetails">
        <s:sequence>
          <s:element minOccurs="0" maxOccurs="1" name="Description" type="s:string" />
          <s:element minOccurs="0" maxOccurs="1" name="Abi" type="s:string" />
        </s:sequence>
      </s:complexType>
    </s:schema>
    <s:schema elementFormDefault="qualified" targetNamespace="http://testicons.ssp-uk.com/schemas/PMResults.xsd">
      <s:element name="GetPrivateMotorQuoteResult" type="s2:PMResults" />
      <s:complexType name="PMResults">
        <s:sequence>
          <s:element minOccurs="1" maxOccurs="1" name="PMQuoteDataID" type="s:int" />
          <s:element minOccurs="0" maxOccurs="1" name="QuoteRef" type="s:int" />
          <s:element minOccurs="0" maxOccurs="1" name="Pin" type="s:string" />
          <s:element minOccurs="0" maxOccurs="1" name="Error" type="s2:PMResultsError" />
          <s:element minOccurs="0" maxOccurs="1" name="Schemes" type="s2:ArrayOfPMResultsScheme" />
        </s:sequence>
      </s:complexType>
      <s:complexType name="PMResultsError">
        <s:sequence>
          <s:element minOccurs="0" maxOccurs="1" name="Code" type="s:string" />
          <s:element minOccurs="0" maxOccurs="1" name="Description" type="s:string" />
          <s:element minOccurs="0" maxOccurs="1" name="StackTrace" type="s:string" />
          <s:element minOccurs="0" maxOccurs="1" name="Method" type="s:string" />
          <s:element minOccurs="0" maxOccurs="1" name="Occurred" type="s:dateTime" />
          <s:element minOccurs="0" maxOccurs="1" name="Source" type="s:string" />
          <s:element minOccurs="1" maxOccurs="1" name="Type" type="s2:ErrorType" />
        </s:sequence>
      </s:complexType>
      <s:simpleType name="ErrorType">
        <s:restriction base="s:string">
          <s:enumeration value="Validation" />
          <s:enumeration value="Fatal" />
        </s:restriction>
      </s:simpleType>
      <s:complexType name="ArrayOfPMResultsScheme">
        <s:sequence>
          <s:element minOccurs="0" maxOccurs="unbounded" name="Scheme" type="s2:PMResultsScheme" />
        </s:sequence>
      </s:complexType>
      <s:complexType name="PMResultsScheme">
        <s:sequence>
          <s:element minOccurs="0" maxOccurs="1" name="SchemeName" type="s:string" />
          <s:element minOccurs="0" maxOccurs="1" name="SchemeNumber" type="s:string" />
          <s:element minOccurs="0" maxOccurs="1" name="CompanySchemeCode" type="s:string" />
          <s:element minOccurs="0" maxOccurs="1" name="SchemeRawData" type="s:string" />
          <s:element minOccurs="0" maxOccurs="1" name="DocumentsRequired" type="s2:ArrayOfPMResultsSchemeDocumentRequired" />
          <s:element minOccurs="0" maxOccurs="1" name="Endorsements" type="s2:ArrayOfPMResultsSchemeEndorsement" />
          <s:element minOccurs="0" maxOccurs="1" name="UWNotes" type="s2:ArrayOfPMResultsSchemeUWNote" />
          <s:element minOccurs="0" maxOccurs="1" name="Excesses" type="s2:ArrayOfPMResultsSchemeExcess" />
          <s:element minOccurs="0" maxOccurs="1" name="PremiumBreakdowns" type="s2:ArrayOfPMResultsSchemePremiumBreakdown" />
          <s:element minOccurs="0" maxOccurs="1" name="Warning" type="s:string" />
          <s:element minOccurs="0" maxOccurs="1" name="Usages" type="s2:ArrayOfPMResultsSchemeUsage" />
          <s:element minOccurs="0" maxOccurs="1" name="QuoteDetails" type="s2:ArrayOfPMResultsSchemeQuoteDetail" />
        </s:sequence>
      </s:complexType>
      <s:complexType name="ArrayOfPMResultsSchemeDocumentRequired">
        <s:sequence>
          <s:element minOccurs="0" maxOccurs="unbounded" name="DocumentRequired" type="s2:PMResultsSchemeDocumentRequired" />
        </s:sequence>
      </s:complexType>
      <s:complexType name="PMResultsSchemeDocumentRequired">
        <s:sequence>
          <s:element minOccurs="0" maxOccurs="1" name="Code" type="s:string" />
          <s:element minOccurs="0" maxOccurs="1" name="Abi" type="s:string" />
          <s:element minOccurs="1" maxOccurs="1" name="Driver" type="s:decimal" />
          <s:element minOccurs="0" maxOccurs="1" name="Description" type="s:string" />
        </s:sequence>
      </s:complexType>
      <s:complexType name="ArrayOfPMResultsSchemeEndorsement">
        <s:sequence>
          <s:element minOccurs="0" maxOccurs="unbounded" name="Endorsement" type="s2:PMResultsSchemeEndorsement" />
        </s:sequence>
      </s:complexType>
      <s:complexType name="PMResultsSchemeEndorsement">
        <s:sequence>
          <s:element minOccurs="0" maxOccurs="1" name="Code" type="s:string" />
          <s:element minOccurs="0" maxOccurs="1" name="DriverNumbers" type="s:string" />
          <s:element minOccurs="0" maxOccurs="1" name="Description" type="s:string" />
        </s:sequence>
      </s:complexType>
      <s:complexType name="ArrayOfPMResultsSchemeUWNote">
        <s:sequence>
          <s:element minOccurs="0" maxOccurs="unbounded" name="UWNote" type="s2:PMResultsSchemeUWNote" />
        </s:sequence>
      </s:complexType>
      <s:complexType name="PMResultsSchemeUWNote">
        <s:sequence>
          <s:element minOccurs="1" maxOccurs="1" name="Type" type="s:decimal" />
          <s:element minOccurs="0" maxOccurs="1" name="Description" type="s:string" />
        </s:sequence>
      </s:complexType>
      <s:complexType name="ArrayOfPMResultsSchemeExcess">
        <s:sequence>
          <s:element minOccurs="0" maxOccurs="unbounded" name="Excess" type="s2:PMResultsSchemeExcess" />
        </s:sequence>
      </s:complexType>
      <s:complexType name="PMResultsSchemeExcess">
        <s:sequence>
          <s:element minOccurs="0" maxOccurs="1" name="Categories" type="s2:ArrayOfCategoryDescription" />
          <s:element minOccurs="1" maxOccurs="1" name="Amount" type="s:decimal" />
          <s:element minOccurs="0" maxOccurs="1" name="Driver" type="s:string" />
          <s:element minOccurs="0" maxOccurs="1" name="Reasons" type="s2:ArrayOfReasonDescription" />
        </s:sequence>
      </s:complexType>
      <s:complexType name="ArrayOfCategoryDescription">
        <s:sequence>
          <s:element minOccurs="0" maxOccurs="unbounded" name="Category" type="s2:CategoryDescription" />
        </s:sequence>
      </s:complexType>
      <s:simpleType name="CategoryDescription">
        <s:restriction base="s:string">
          <s:enumeration value="Accidental Damage" />
          <s:enumeration value="Malicious Damage" />
          <s:enumeration value="Fire" />
          <s:enumeration value="Theft" />
          <s:enumeration value="Windscreen" />
        </s:restriction>
      </s:simpleType>
      <s:complexType name="ArrayOfReasonDescription">
        <s:sequence>
          <s:element minOccurs="0" maxOccurs="unbounded" name="Reason" type="s2:ReasonDescription" />
        </s:sequence>
      </s:complexType>
      <s:simpleType name="ReasonDescription">
        <s:restriction base="s:string">
          <s:enumeration value="Standard" />
          <s:enumeration value="Policy" />
          <s:enumeration value="Car" />
          <s:enumeration value="Area" />
          <s:enumeration value="Protected Bonus" />
          <s:enumeration value="Voluntary Excess" />
          <s:enumeration value="Windscreen" />
          <s:enumeration value="Mileage" />
          <s:enumeration value="Garage" />
          <s:enumeration value="Value" />
          <s:enumeration value="Firm's Vehicle" />
          <s:enumeration value="Scheme" />
          <s:enumeration value="Inexperience" />
          <s:enumeration value="Medical" />
          <s:enumeration value="Claim" />
          <s:enumeration value="Conviction" />
          <s:enumeration value="Occupation" />
          <s:enumeration value="Additional Drivers" />
        </s:restriction>
      </s:simpleType>
      <s:complexType name="ArrayOfPMResultsSchemePremiumBreakdown">
        <s:sequence>
          <s:element minOccurs="0" maxOccurs="unbounded" name="PremiumBreakdown" type="s2:PMResultsSchemePremiumBreakdown" />
        </s:sequence>
      </s:complexType>
      <s:complexType name="PMResultsSchemePremiumBreakdown">
        <s:sequence>
          <s:element minOccurs="0" maxOccurs="1" name="Description" type="s:string" />
        </s:sequence>
      </s:complexType>
      <s:complexType name="ArrayOfPMResultsSchemeUsage">
        <s:sequence>
          <s:element minOccurs="0" maxOccurs="unbounded" name="Usage" type="s2:PMResultsSchemeUsage" />
        </s:sequence>
      </s:complexType>
      <s:complexType name="PMResultsSchemeUsage">
        <s:sequence>
          <s:element minOccurs="0" maxOccurs="1" name="SSP" type="s:string" />
          <s:element minOccurs="0" maxOccurs="1" name="Insurer" type="s:string" />
          <s:element minOccurs="0" maxOccurs="1" name="ShortWording" type="s:string" />
          <s:element minOccurs="0" maxOccurs="1" name="LongWording" type="s:string" />
          <s:element minOccurs="0" maxOccurs="1" name="Exclusion" type="s:string" />
          <s:element minOccurs="0" maxOccurs="1" name="Driver" />
        </s:sequence>
      </s:complexType>
      <s:complexType name="ArrayOfPMResultsSchemeQuoteDetail">
        <s:sequence>
          <s:element minOccurs="0" maxOccurs="unbounded" name="QuoteDetail" type="s2:PMResultsSchemeQuoteDetail" />
        </s:sequence>
      </s:complexType>
      <s:complexType name="PMResultsSchemeQuoteDetail">
        <s:sequence>
          <s:element minOccurs="0" maxOccurs="1" name="VehicleGroup" type="s:string" />
          <s:element minOccurs="0" maxOccurs="1" name="NCD" type="s2:PMResultsSchemeQuoteDetailNCD" />
          <s:element minOccurs="1" maxOccurs="1" name="PremiumTotal" type="s:decimal" />
          <s:element minOccurs="1" maxOccurs="1" name="IPTAmount" type="s:decimal" />
          <s:element minOccurs="1" maxOccurs="1" name="IPTPercentage" type="s:decimal" />
          <s:element minOccurs="1" maxOccurs="1" name="CompulsoryExcess" type="s:decimal" />
          <s:element minOccurs="0" maxOccurs="1" name="CompulsoryExcessCode" type="s:string" />
          <s:element minOccurs="1" maxOccurs="1" name="VoluntaryExcess" type="s:decimal" />
          <s:element minOccurs="0" maxOccurs="1" name="VoluntaryExcessCode" type="s:string" />
          <s:element minOccurs="0" maxOccurs="1" name="RestrictionCode" type="s:string" />
          <s:element minOccurs="0" maxOccurs="1" name="RestrictionWording" type="s:string" />
          <s:element minOccurs="1" maxOccurs="1" name="EXDoc" type="s:boolean" />
          <s:element minOccurs="1" maxOccurs="1" name="BrokerPaymentPermitted" type="s:boolean" />
          <s:element minOccurs="1" maxOccurs="1" name="POAvailable" type="s:boolean" />
          <s:element minOccurs="1" maxOccurs="1" name="QuoteChanged" type="s:boolean" />
          <s:element minOccurs="0" maxOccurs="1" name="QuoteStatus" type="s:string" />
          <s:element minOccurs="1" maxOccurs="1" name="ULRIncluded" type="s:boolean" />
          <s:element minOccurs="1" maxOccurs="1" name="ULRAmount" type="s:decimal" />
          <s:element minOccurs="1" maxOccurs="1" name="RecoveryIncluded" type="s:boolean" />
          <s:element minOccurs="1" maxOccurs="1" name="RecoveryAmount" type="s:decimal" />
          <s:element minOccurs="1" maxOccurs="1" name="WindscreenIncluded" type="s:boolean" />
          <s:element minOccurs="1" maxOccurs="1" name="WindscreenAmount" type="s:decimal" />
        </s:sequence>
      </s:complexType>
      <s:complexType name="PMResultsSchemeQuoteDetailNCD">
        <s:sequence>
          <s:element minOccurs="1" maxOccurs="1" name="NCDPercentageQuoted" type="s:decimal" />
          <s:element minOccurs="1" maxOccurs="1" name="NCDProtected" type="s:boolean" />
          <s:element minOccurs="0" maxOccurs="1" name="NCDTypeGranted" type="s:string" />
          <s:element minOccurs="0" maxOccurs="1" name="NCDYearsGranted" type="s:string" />
        </s:sequence>
      </s:complexType>
    </s:schema>
  </wsdl:types>
  <wsdl:message name="GetPrivateMotorQuoteSoapIn">
    <wsdl:part name="parameters" element="tns:GetPrivateMotorQuote" />
  </wsdl:message>
  <wsdl:message name="GetPrivateMotorQuoteSoapOut">
    <wsdl:part name="parameters" element="tns:GetPrivateMotorQuoteResponse" />
  </wsdl:message>
  <wsdl:message name="PutQuoteOnMQQueueSoapIn">
    <wsdl:part name="parameters" element="tns:PutQuoteOnMQQueue" />
  </wsdl:message>
  <wsdl:message name="PutQuoteOnMQQueueSoapOut">
    <wsdl:part name="parameters" element="tns:PutQuoteOnMQQueueResponse" />
  </wsdl:message>
  <wsdl:portType name="QuoteRequestSoap">
    <wsdl:operation name="GetPrivateMotorQuote">
      <wsdl:input message="tns:GetPrivateMotorQuoteSoapIn" />
      <wsdl:output message="tns:GetPrivateMotorQuoteSoapOut" />
    </wsdl:operation>
    <wsdl:operation name="PutQuoteOnMQQueue">
      <wsdl:input message="tns:PutQuoteOnMQQueueSoapIn" />
      <wsdl:output message="tns:PutQuoteOnMQQueueSoapOut" />
    </wsdl:operation>
  </wsdl:portType>
  <wsdl:binding name="QuoteRequestSoap" type="tns:QuoteRequestSoap">
    <soap:binding transport="http://schemas.xmlsoap.org/soap/http" />
    <wsdl:operation name="GetPrivateMotorQuote">
      <soap:operation soapAction="http://ssp.staging.kfis.co.uk/webservice/GetPrivateMotorQuote" style="document" />
      <wsdl:input>
        <soap:body use="literal" />
      </wsdl:input>
      <wsdl:output>
        <soap:body use="literal" />
      </wsdl:output>
    </wsdl:operation>
    <wsdl:operation name="PutQuoteOnMQQueue">
      <soap:operation soapAction="http://ssp.staging.kfis.co.uk/webservice/PutQuoteOnMQQueue" style="document" />
      <wsdl:input>
        <soap:body use="literal" />
      </wsdl:input>
      <wsdl:output>
        <soap:body use="literal" />
      </wsdl:output>
    </wsdl:operation>
  </wsdl:binding>
  <wsdl:binding name="QuoteRequestSoap12" type="tns:QuoteRequestSoap">
    <soap12:binding transport="http://schemas.xmlsoap.org/soap/http" />
    <wsdl:operation name="GetPrivateMotorQuote">
      <soap12:operation soapAction="http://ssp.staging.kfis.co.uk/webservice/GetPrivateMotorQuote" style="document" />
      <wsdl:input>
        <soap12:body use="literal" />
      </wsdl:input>
      <wsdl:output>
        <soap12:body use="literal" />
      </wsdl:output>
    </wsdl:operation>
    <wsdl:operation name="PutQuoteOnMQQueue">
      <soap12:operation soapAction="http://ssp.staging.kfis.co.uk/webservice/PutQuoteOnMQQueue" style="document" />
      <wsdl:input>
        <soap12:body use="literal" />
      </wsdl:input>
      <wsdl:output>
        <soap12:body use="literal" />
      </wsdl:output>
    </wsdl:operation>
  </wsdl:binding>
  <wsdl:service name="QuoteRequest">
    <wsdl:port name="QuoteRequestSoap" binding="tns:QuoteRequestSoap">
      <soap:address location="http://www.greeninsurancecompany.co.uk/quoteservice/quoterequest.asmx" />
    </wsdl:port>
    <wsdl:port name="QuoteRequestSoap12" binding="tns:QuoteRequestSoap12">
      <soap12:address location="http://www.greeninsurancecompany.co.uk/quoteservice/quoterequest.asmx" />
    </wsdl:port>
  </wsdl:service>
</wsdl:definitions>
