<?xml version="1.0" encoding="UTF-8"?>

<!--
This is the seekda cache of the WSDL definition available at https://www.insightgateways.com/natprop.cfc?wsdl.
seekdas cache is a snapshot that we took as we crawled the Web.
The service may have changed since the last crawl.
seekda is neither affiliated with the authors of this service nor responsible for its advertised functionality.

-->

<wsdl:definitions targetNamespace="http://DefaultNamespace" xmlns:apachesoap="http://xml.apache.org/xml-soap" xmlns:impl="http://DefaultNamespace" xmlns:intf="http://DefaultNamespace" xmlns:soapenc="http://schemas.xmlsoap.org/soap/encoding/" xmlns:tns1="http://rpc.xml.coldfusion" xmlns:wsdl="http://schemas.xmlsoap.org/wsdl/" xmlns:wsdlsoap="http://schemas.xmlsoap.org/wsdl/soap/" xmlns:xsd="http://www.w3.org/2001/XMLSchema">
<!--WSDL created by Macromedia ColdFusion MX version 7,0,2,142559-->
 <wsdl:types>
  <schema targetNamespace="http://xml.apache.org/xml-soap" xmlns="http://www.w3.org/2001/XMLSchema">
   <import namespace="http://DefaultNamespace"/>
   <import namespace="http://rpc.xml.coldfusion"/>
   <import namespace="http://schemas.xmlsoap.org/soap/encoding/"/>
   <complexType name="mapItem">
    <sequence>
     <element name="key" nillable="true" type="xsd:anyType"/>
     <element name="value" nillable="true" type="xsd:anyType"/>
    </sequence>
   </complexType>
   <complexType name="Map">
    <sequence>
     <element maxOccurs="unbounded" minOccurs="0" name="item" type="apachesoap:mapItem"/>
    </sequence>
   </complexType>
  </schema>
  <schema targetNamespace="http://rpc.xml.coldfusion" xmlns="http://www.w3.org/2001/XMLSchema">
   <import namespace="http://DefaultNamespace"/>
   <import namespace="http://xml.apache.org/xml-soap"/>
   <import namespace="http://schemas.xmlsoap.org/soap/encoding/"/>
   <complexType name="CFCInvocationException">
    <sequence/>
   </complexType>
   <complexType name="QueryBean">
    <sequence>
     <element name="columnList" nillable="true" type="impl:ArrayOf_xsd_string"/>
     <element name="data" nillable="true" type="impl:ArrayOfArrayOf_xsd_anyType"/>
    </sequence>
   </complexType>
  </schema>
  <schema targetNamespace="http://DefaultNamespace" xmlns="http://www.w3.org/2001/XMLSchema">
   <import namespace="http://rpc.xml.coldfusion"/>
   <import namespace="http://xml.apache.org/xml-soap"/>
   <import namespace="http://schemas.xmlsoap.org/soap/encoding/"/>
   <complexType name="ArrayOf_xsd_string">
    <complexContent>
     <restriction base="soapenc:Array">
      <attribute ref="soapenc:arrayType" wsdl:arrayType="xsd:string[]"/>
     </restriction>
    </complexContent>
   </complexType>
   <complexType name="ArrayOfArrayOf_xsd_anyType">
    <complexContent>
     <restriction base="soapenc:Array">
      <attribute ref="soapenc:arrayType" wsdl:arrayType="xsd:anyType[][]"/>
     </restriction>
    </complexContent>
   </complexType>
  </schema>
 </wsdl:types>

   <wsdl:message name="testConnectionResponse">

      <wsdl:part name="testConnectionReturn" type="apachesoap:Map"/>

   </wsdl:message>

   <wsdl:message name="getListRequest">

      <wsdl:part name="UserID" type="xsd:string"/>

      <wsdl:part name="Password" type="xsd:string"/>

      <wsdl:part name="Version" type="xsd:string"/>

      <wsdl:part name="ClientCode" type="xsd:string"/>

      <wsdl:part name="FirstName" type="xsd:string"/>

      <wsdl:part name="LastName" type="xsd:string"/>

      <wsdl:part name="BusinessName" type="xsd:string"/>

      <wsdl:part name="HouseNumber" type="xsd:string"/>

      <wsdl:part name="StreetName" type="xsd:string"/>

      <wsdl:part name="City" type="xsd:string"/>

      <wsdl:part name="State" type="xsd:string"/>

      <wsdl:part name="Zip" type="xsd:string"/>

      <wsdl:part name="Phone" type="xsd:string"/>

      <wsdl:part name="ParcelNumber" type="xsd:string"/>

      <wsdl:part name="County" type="xsd:string"/>

      <wsdl:part name="UnitNumber" type="xsd:string"/>

      <wsdl:part name="CorpOwner" type="xsd:string"/>

      <wsdl:part name="StartRow" type="xsd:string"/>

      <wsdl:part name="MaxRows" type="xsd:string"/>

   </wsdl:message>

   <wsdl:message name="getCountRequest">

      <wsdl:part name="UserID" type="xsd:string"/>

      <wsdl:part name="Password" type="xsd:string"/>

      <wsdl:part name="Version" type="xsd:string"/>

      <wsdl:part name="ClientCode" type="xsd:string"/>

      <wsdl:part name="FirstName" type="xsd:string"/>

      <wsdl:part name="LastName" type="xsd:string"/>

      <wsdl:part name="BusinessName" type="xsd:string"/>

      <wsdl:part name="HouseNumber" type="xsd:string"/>

      <wsdl:part name="StreetName" type="xsd:string"/>

      <wsdl:part name="City" type="xsd:string"/>

      <wsdl:part name="State" type="xsd:string"/>

      <wsdl:part name="Zip" type="xsd:string"/>

      <wsdl:part name="Phone" type="xsd:string"/>

      <wsdl:part name="ParcelNumber" type="xsd:string"/>

      <wsdl:part name="County" type="xsd:string"/>

      <wsdl:part name="UnitNumber" type="xsd:string"/>

      <wsdl:part name="CorpOwner" type="xsd:string"/>

   </wsdl:message>

   <wsdl:message name="getResultsRequest">

      <wsdl:part name="UserID" type="xsd:string"/>

      <wsdl:part name="Password" type="xsd:string"/>

      <wsdl:part name="Version" type="xsd:string"/>

      <wsdl:part name="ClientCode" type="xsd:string"/>

      <wsdl:part name="FirstName" type="xsd:string"/>

      <wsdl:part name="LastName" type="xsd:string"/>

      <wsdl:part name="BusinessName" type="xsd:string"/>

      <wsdl:part name="HouseNumber" type="xsd:string"/>

      <wsdl:part name="StreetName" type="xsd:string"/>

      <wsdl:part name="City" type="xsd:string"/>

      <wsdl:part name="State" type="xsd:string"/>

      <wsdl:part name="Zip" type="xsd:string"/>

      <wsdl:part name="Phone" type="xsd:string"/>

      <wsdl:part name="ParcelNumber" type="xsd:string"/>

      <wsdl:part name="County" type="xsd:string"/>

      <wsdl:part name="UnitNumber" type="xsd:string"/>

      <wsdl:part name="CorpOwner" type="xsd:string"/>

      <wsdl:part name="StartRow" type="xsd:string"/>

      <wsdl:part name="MaxRows" type="xsd:string"/>

   </wsdl:message>

   <wsdl:message name="getListResponse">

      <wsdl:part name="getListReturn" type="apachesoap:Map"/>

   </wsdl:message>

   <wsdl:message name="getDetailResponse">

      <wsdl:part name="getDetailReturn" type="apachesoap:Map"/>

   </wsdl:message>

   <wsdl:message name="testConnectionRequest">

      <wsdl:part name="UserID" type="xsd:string"/>

      <wsdl:part name="Password" type="xsd:string"/>

      <wsdl:part name="Version" type="xsd:string"/>

   </wsdl:message>

   <wsdl:message name="getCountResponse">

      <wsdl:part name="getCountReturn" type="apachesoap:Map"/>

   </wsdl:message>

   <wsdl:message name="getResultsResponse">

      <wsdl:part name="getResultsReturn" type="apachesoap:Map"/>

   </wsdl:message>

   <wsdl:message name="getDetailRequest">

      <wsdl:part name="UserID" type="xsd:string"/>

      <wsdl:part name="Password" type="xsd:string"/>

      <wsdl:part name="Version" type="xsd:string"/>

      <wsdl:part name="ClientCode" type="xsd:string"/>

      <wsdl:part name="ParcelNumber" type="xsd:string"/>

      <wsdl:part name="RecNum" type="xsd:string"/>

      <wsdl:part name="SearchID" type="xsd:string"/>

   </wsdl:message>

   <wsdl:message name="CFCInvocationException">

      <wsdl:part name="fault" type="tns1:CFCInvocationException"/>

   </wsdl:message>

   <wsdl:portType name="natprop">

      <wsdl:operation name="getCount" parameterOrder="UserID Password Version ClientCode FirstName LastName BusinessName HouseNumber StreetName City State Zip Phone ParcelNumber County UnitNumber CorpOwner">

         <wsdl:input message="impl:getCountRequest" name="getCountRequest"/>

         <wsdl:output message="impl:getCountResponse" name="getCountResponse"/>

         <wsdl:fault message="impl:CFCInvocationException" name="CFCInvocationException"/>

      </wsdl:operation>

      <wsdl:operation name="getDetail" parameterOrder="UserID Password Version ClientCode ParcelNumber RecNum SearchID">

         <wsdl:input message="impl:getDetailRequest" name="getDetailRequest"/>

         <wsdl:output message="impl:getDetailResponse" name="getDetailResponse"/>

         <wsdl:fault message="impl:CFCInvocationException" name="CFCInvocationException"/>

      </wsdl:operation>

      <wsdl:operation name="getList" parameterOrder="UserID Password Version ClientCode FirstName LastName BusinessName HouseNumber StreetName City State Zip Phone ParcelNumber County UnitNumber CorpOwner StartRow MaxRows">

         <wsdl:input message="impl:getListRequest" name="getListRequest"/>

         <wsdl:output message="impl:getListResponse" name="getListResponse"/>

         <wsdl:fault message="impl:CFCInvocationException" name="CFCInvocationException"/>

      </wsdl:operation>

      <wsdl:operation name="testConnection" parameterOrder="UserID Password Version">

         <wsdl:input message="impl:testConnectionRequest" name="testConnectionRequest"/>

         <wsdl:output message="impl:testConnectionResponse" name="testConnectionResponse"/>

         <wsdl:fault message="impl:CFCInvocationException" name="CFCInvocationException"/>

      </wsdl:operation>

      <wsdl:operation name="getResults" parameterOrder="UserID Password Version ClientCode FirstName LastName BusinessName HouseNumber StreetName City State Zip Phone ParcelNumber County UnitNumber CorpOwner StartRow MaxRows">

         <wsdl:input message="impl:getResultsRequest" name="getResultsRequest"/>

         <wsdl:output message="impl:getResultsResponse" name="getResultsResponse"/>

         <wsdl:fault message="impl:CFCInvocationException" name="CFCInvocationException"/>

      </wsdl:operation>

   </wsdl:portType>

   <wsdl:binding name="natprop.cfcSoapBinding" type="impl:natprop">

      <wsdlsoap:binding style="rpc" transport="http://schemas.xmlsoap.org/soap/http"/>

      <wsdl:operation name="getCount">

         <wsdlsoap:operation soapAction=""/>

         <wsdl:input name="getCountRequest">

            <wsdlsoap:body encodingStyle="http://schemas.xmlsoap.org/soap/encoding/" namespace="http://DefaultNamespace" use="encoded"/>

         </wsdl:input>

         <wsdl:output name="getCountResponse">

            <wsdlsoap:body encodingStyle="http://schemas.xmlsoap.org/soap/encoding/" namespace="http://DefaultNamespace" use="encoded"/>

         </wsdl:output>

         <wsdl:fault name="CFCInvocationException">

            <wsdlsoap:fault encodingStyle="http://schemas.xmlsoap.org/soap/encoding/" name="CFCInvocationException" namespace="http://DefaultNamespace" use="encoded"/>

         </wsdl:fault>

      </wsdl:operation>

      <wsdl:operation name="getDetail">

         <wsdlsoap:operation soapAction=""/>

         <wsdl:input name="getDetailRequest">

            <wsdlsoap:body encodingStyle="http://schemas.xmlsoap.org/soap/encoding/" namespace="http://DefaultNamespace" use="encoded"/>

         </wsdl:input>

         <wsdl:output name="getDetailResponse">

            <wsdlsoap:body encodingStyle="http://schemas.xmlsoap.org/soap/encoding/" namespace="http://DefaultNamespace" use="encoded"/>

         </wsdl:output>

         <wsdl:fault name="CFCInvocationException">

            <wsdlsoap:fault encodingStyle="http://schemas.xmlsoap.org/soap/encoding/" name="CFCInvocationException" namespace="http://DefaultNamespace" use="encoded"/>

         </wsdl:fault>

      </wsdl:operation>

      <wsdl:operation name="getList">

         <wsdlsoap:operation soapAction=""/>

         <wsdl:input name="getListRequest">

            <wsdlsoap:body encodingStyle="http://schemas.xmlsoap.org/soap/encoding/" namespace="http://DefaultNamespace" use="encoded"/>

         </wsdl:input>

         <wsdl:output name="getListResponse">

            <wsdlsoap:body encodingStyle="http://schemas.xmlsoap.org/soap/encoding/" namespace="http://DefaultNamespace" use="encoded"/>

         </wsdl:output>

         <wsdl:fault name="CFCInvocationException">

            <wsdlsoap:fault encodingStyle="http://schemas.xmlsoap.org/soap/encoding/" name="CFCInvocationException" namespace="http://DefaultNamespace" use="encoded"/>

         </wsdl:fault>

      </wsdl:operation>

      <wsdl:operation name="testConnection">

         <wsdlsoap:operation soapAction=""/>

         <wsdl:input name="testConnectionRequest">

            <wsdlsoap:body encodingStyle="http://schemas.xmlsoap.org/soap/encoding/" namespace="http://DefaultNamespace" use="encoded"/>

         </wsdl:input>

         <wsdl:output name="testConnectionResponse">

            <wsdlsoap:body encodingStyle="http://schemas.xmlsoap.org/soap/encoding/" namespace="http://DefaultNamespace" use="encoded"/>

         </wsdl:output>

         <wsdl:fault name="CFCInvocationException">

            <wsdlsoap:fault encodingStyle="http://schemas.xmlsoap.org/soap/encoding/" name="CFCInvocationException" namespace="http://DefaultNamespace" use="encoded"/>

         </wsdl:fault>

      </wsdl:operation>

      <wsdl:operation name="getResults">

         <wsdlsoap:operation soapAction=""/>

         <wsdl:input name="getResultsRequest">

            <wsdlsoap:body encodingStyle="http://schemas.xmlsoap.org/soap/encoding/" namespace="http://DefaultNamespace" use="encoded"/>

         </wsdl:input>

         <wsdl:output name="getResultsResponse">

            <wsdlsoap:body encodingStyle="http://schemas.xmlsoap.org/soap/encoding/" namespace="http://DefaultNamespace" use="encoded"/>

         </wsdl:output>

         <wsdl:fault name="CFCInvocationException">

            <wsdlsoap:fault encodingStyle="http://schemas.xmlsoap.org/soap/encoding/" name="CFCInvocationException" namespace="http://DefaultNamespace" use="encoded"/>

         </wsdl:fault>

      </wsdl:operation>

   </wsdl:binding>

   <wsdl:service name="natpropService">

  <wsdl:documentation xmlns:wsdl="http://schemas.xmlsoap.org/wsdl/">
This web service submits search requests to the Specially Designated Nationals file  </wsdl:documentation>

      <wsdl:port binding="impl:natprop.cfcSoapBinding" name="natprop.cfc">

         <wsdlsoap:address location="http://www.insightgateways.com/natprop.cfc"/>

      </wsdl:port>

   </wsdl:service>

</wsdl:definitions>

