<?xml version="1.0" encoding="utf-8"?>

<!--
This is the seekda cache of the WSDL definition available at http://iconx.biz/IconWebServices/icontest.asmx?WSDL.
seekdas cache is a snapshot that we took as we crawled the Web.
The service may have changed since the last crawl.
seekda is neither affiliated with the authors of this service nor responsible for its advertised functionality.

-->

<wsdl:definitions xmlns:http="http://schemas.xmlsoap.org/wsdl/http/" xmlns:soap="http://schemas.xmlsoap.org/wsdl/soap/" xmlns:s="http://www.w3.org/2001/XMLSchema" xmlns:soapenc="http://schemas.xmlsoap.org/soap/encoding/" xmlns:tns="http://www.iconx.biz/webservices" xmlns:tm="http://microsoft.com/wsdl/mime/textMatching/" xmlns:mime="http://schemas.xmlsoap.org/wsdl/mime/" targetNamespace="http://www.iconx.biz/webservices" xmlns:wsdl="http://schemas.xmlsoap.org/wsdl/">
  <wsdl:types>
    <s:schema xmlns:xs="http://www.w3.org/2001/XMLSchema" elementFormDefault="qualified" targetNamespace="http://www.iconx.biz/webservices">
      <xs:element name="getDemoCompanies">
        <xs:complexType>
          <xs:sequence>
            <xs:element minOccurs="0" maxOccurs="1" name="Country" type="xs:string" />
          </xs:sequence>
        </xs:complexType>
      </xs:element>
      <xs:element name="getDemoCompaniesResponse">
        <xs:complexType>
          <xs:sequence>
            <xs:element minOccurs="0" maxOccurs="1" name="getDemoCompaniesResult" type="tns:GetDemoCompanies_Response" />
          </xs:sequence>
        </xs:complexType>
      </xs:element>
      <xs:complexType name="GetDemoCompanies_Response">
        <xs:sequence>
          <xs:element minOccurs="1" maxOccurs="1" name="ResponseCode" type="tns:GetDemoCompanies_ResponseCodes" />
          <xs:element minOccurs="0" maxOccurs="1" name="ResponseText" type="xs:string" />
          <xs:element minOccurs="0" maxOccurs="1" name="DemoCompanies" type="tns:ArrayOfCompany" />
        </xs:sequence>
      </xs:complexType>
      <xs:simpleType name="GetDemoCompanies_ResponseCodes">
        <xs:restriction base="xs:string">
          <xs:enumeration value="OK" />
        </xs:restriction>
      </xs:simpleType>
      <xs:complexType name="ArrayOfCompany">
        <xs:sequence>
          <xs:element minOccurs="0" maxOccurs="unbounded" name="Company" nillable="true" type="tns:Company" />
        </xs:sequence>
      </xs:complexType>
      <xs:complexType name="Company">
        <xs:sequence>
          <xs:element minOccurs="1" maxOccurs="1" name="Name" type="xs:string" />
          <xs:element minOccurs="0" maxOccurs="1" name="SortName" type="xs:string" />
          <xs:element minOccurs="0" maxOccurs="1" name="InternalID" type="xs:string" />
          <xs:element minOccurs="0" maxOccurs="1" name="InternationalName" type="xs:string" />
          <xs:element minOccurs="0" maxOccurs="1" name="RegistrationCountry" type="xs:string" />
          <xs:element minOccurs="0" maxOccurs="1" name="RegistrationPlace" type="xs:string" />
          <xs:element minOccurs="0" maxOccurs="1" name="RegistrationNumber" type="xs:string" />
          <xs:element minOccurs="0" maxOccurs="1" name="PrincipalAddress" type="tns:PostalAddress" />
          <xs:element minOccurs="0" maxOccurs="1" name="RegisteredAddress" type="tns:PostalAddress" />
          <xs:element minOccurs="0" maxOccurs="1" name="LegalForm" type="tns:LegalForm" />
          <xs:element minOccurs="0" maxOccurs="1" name="Identifiers" type="tns:ArrayOfCompanyIdentifier" />
          <xs:element minOccurs="0" maxOccurs="1" name="Activities" type="tns:ArrayOfActivity" />
          <xs:element minOccurs="1" maxOccurs="1" name="DateOfValidity" type="xs:dateTime" />
          <xs:element minOccurs="0" maxOccurs="1" name="DateOfLastUpdate" type="xs:dateTime" />
          <xs:element minOccurs="0" maxOccurs="1" name="DateOfLastBalanceSheet" type="xs:dateTime" />
          <xs:element minOccurs="0" maxOccurs="1" name="EasyNumber" type="xs:string" />
        </xs:sequence>
      </xs:complexType>
      <xs:complexType name="PostalAddress">
        <xs:sequence>
          <xs:element minOccurs="0" maxOccurs="1" name="Country" type="xs:string" />
          <xs:element minOccurs="0" maxOccurs="1" name="ZipCode" type="xs:string" />
          <xs:element minOccurs="0" maxOccurs="1" name="City" type="xs:string" />
          <xs:element minOccurs="0" maxOccurs="1" name="AddressItem1" type="xs:string" />
          <xs:element minOccurs="0" maxOccurs="1" name="AddressItem2" type="xs:string" />
          <xs:element minOccurs="0" maxOccurs="1" name="AddressItem3" type="xs:string" />
          <xs:element minOccurs="0" maxOccurs="1" name="Telephone" type="tns:Telephone" />
          <xs:element minOccurs="0" maxOccurs="1" name="Fax" type="tns:Telephone" />
        </xs:sequence>
      </xs:complexType>
      <xs:complexType name="Telephone">
        <xs:sequence>
          <xs:element minOccurs="0" maxOccurs="1" name="InternationalCode" type="xs:string" />
          <xs:element minOccurs="0" maxOccurs="1" name="AreaCode" type="xs:string" />
          <xs:element minOccurs="0" maxOccurs="1" name="Number" type="xs:string" />
        </xs:sequence>
      </xs:complexType>
      <xs:complexType name="LegalForm">
        <xs:sequence>
          <xs:element minOccurs="0" maxOccurs="1" name="LegalFormCode" type="xs:string" />
          <xs:element minOccurs="0" maxOccurs="1" name="LegalFormText" type="xs:string" />
        </xs:sequence>
      </xs:complexType>
      <xs:complexType name="ArrayOfCompanyIdentifier">
        <xs:sequence>
          <xs:element minOccurs="0" maxOccurs="unbounded" name="CompanyIdentifier" nillable="true" type="tns:CompanyIdentifier" />
        </xs:sequence>
      </xs:complexType>
      <xs:complexType name="CompanyIdentifier">
        <xs:sequence>
          <xs:element minOccurs="0" maxOccurs="1" name="Type" type="xs:string" />
          <xs:element minOccurs="0" maxOccurs="1" name="Description" type="xs:string" />
          <xs:element minOccurs="1" maxOccurs="1" name="Identifier" type="xs:string" />
        </xs:sequence>
      </xs:complexType>
      <xs:complexType name="ArrayOfActivity">
        <xs:sequence>
          <xs:element minOccurs="0" maxOccurs="unbounded" name="Activity" nillable="true" type="tns:Activity" />
        </xs:sequence>
      </xs:complexType>
      <xs:complexType name="Activity">
        <xs:sequence>
          <xs:element minOccurs="0" maxOccurs="1" name="Code" type="xs:string" />
          <xs:element minOccurs="0" maxOccurs="1" name="Type" type="xs:string" />
          <xs:element minOccurs="0" maxOccurs="1" name="CodeDescription" type="xs:string" />
        </xs:sequence>
      </xs:complexType>
      <xs:element name="AuthHeader" type="tns:AuthHeader" />
      <xs:complexType name="AuthHeader">
        <xs:sequence>
          <xs:element minOccurs="0" maxOccurs="1" name="Username" type="xs:string" />
          <xs:element minOccurs="0" maxOccurs="1" name="Password" type="xs:string" />
          <xs:element minOccurs="0" maxOccurs="1" name="Private1" type="xs:string" />
        </xs:sequence>
      </xs:complexType>
      <xs:element name="submitMonitoringOrder">
        <xs:complexType>
          <xs:sequence>
            <xs:element minOccurs="0" maxOccurs="1" name="InternalID" type="xs:string" />
            <xs:element minOccurs="0" maxOccurs="1" name="AdditionalIdentifiers" type="tns:ArrayOfCompanyIdentifier" />
            <xs:element minOccurs="0" maxOccurs="1" name="CompanyName" type="xs:string" />
            <xs:element minOccurs="0" maxOccurs="1" name="Address" type="tns:PostalAddress" />
            <xs:element minOccurs="0" maxOccurs="1" name="ConsumerOrderReference" type="xs:string" />
            <xs:element minOccurs="0" maxOccurs="1" name="Language" type="xs:string" />
            <xs:element minOccurs="0" maxOccurs="1" name="ReportMimeType" type="xs:string" />
            <xs:element minOccurs="1" maxOccurs="1" name="ProductCode" type="xs:string" />
            <xs:element minOccurs="1" maxOccurs="1" name="MonitoringStartDate" type="xs:dateTime" />
            <xs:element minOccurs="1" maxOccurs="1" name="MonitoringDurationInMonth" type="xs:int" />
          </xs:sequence>
        </xs:complexType>
      </xs:element>
      <xs:element name="submitMonitoringOrderResponse">
        <xs:complexType>
          <xs:sequence>
            <xs:element minOccurs="0" maxOccurs="1" name="submitMonitoringOrderResult" type="tns:SubmitMonitoringOrder_Response" />
          </xs:sequence>
        </xs:complexType>
      </xs:element>
      <xs:complexType name="SubmitMonitoringOrder_Response">
        <xs:sequence>
          <xs:element minOccurs="1" maxOccurs="1" name="ResponseCode" type="tns:SubmitMonitoringOrder_ResponseCodes" />
          <xs:element minOccurs="0" maxOccurs="1" name="ResponseText" type="xs:string" />
          <xs:element minOccurs="0" maxOccurs="1" name="OrderStatus" type="tns:OrderStatus" />
        </xs:sequence>
      </xs:complexType>
      <xs:simpleType name="SubmitMonitoringOrder_ResponseCodes">
        <xs:restriction base="xs:string">
          <xs:enumeration value="OK" />
        </xs:restriction>
      </xs:simpleType>
      <xs:complexType name="OrderStatus">
        <xs:sequence>
          <xs:element minOccurs="1" maxOccurs="1" name="ProviderOrderReference" type="xs:string" />
          <xs:element minOccurs="0" maxOccurs="1" name="ConsumerOrderReference" type="xs:string" />
          <xs:element minOccurs="1" maxOccurs="1" name="ProductCode" type="xs:string" />
          <xs:element minOccurs="0" maxOccurs="1" name="Provider" type="tns:Party" />
          <xs:element minOccurs="0" maxOccurs="1" name="Consumer" type="tns:Party" />
          <xs:element minOccurs="0" maxOccurs="1" name="OriginalRequest" type="tns:Company" />
          <xs:element minOccurs="0" maxOccurs="1" name="Company" type="tns:Company" />
          <xs:element minOccurs="0" maxOccurs="1" name="ReportLanguage" type="xs:string" />
          <xs:element minOccurs="1" maxOccurs="1" name="StatusCode" type="tns:OrderStatusType" />
          <xs:element minOccurs="1" maxOccurs="1" name="Ordered" type="xs:dateTime" />
          <xs:element minOccurs="1" maxOccurs="1" name="RequestedDelivery" type="xs:dateTime" />
          <xs:element minOccurs="1" maxOccurs="1" name="Delivered" type="xs:dateTime" />
          <xs:element minOccurs="0" maxOccurs="1" name="ConsumerQuestion" type="xs:string" />
          <xs:element minOccurs="0" maxOccurs="1" name="ProviderAnswer" type="xs:string" />
          <xs:element minOccurs="0" maxOccurs="1" name="MaximumCreditRecommendationAmount" type="xs:double" />
          <xs:element minOccurs="0" maxOccurs="1" name="MaximumCreditRecommendationCurrency" type="xs:string" />
          <xs:element minOccurs="0" maxOccurs="1" name="MaximumCreditRecommendationComment" type="xs:string" />
          <xs:element minOccurs="0" maxOccurs="1" name="PaymentBehaviorScore" type="xs:string" />
          <xs:element minOccurs="0" maxOccurs="1" name="PaymentBehaviorText" type="xs:string" />
          <xs:element minOccurs="0" maxOccurs="1" name="CompanyAssessmentScore" type="xs:string" />
          <xs:element minOccurs="0" maxOccurs="1" name="CompanyAssessmentText" type="xs:string" />
          <xs:element minOccurs="1" maxOccurs="1" name="CompanyRegistrationDate" type="xs:dateTime" />
          <xs:element minOccurs="0" maxOccurs="1" name="NegativeReason" type="xs:string" />
          <xs:element minOccurs="0" maxOccurs="1" name="NegativeComment" type="xs:string" />
          <xs:element minOccurs="0" maxOccurs="1" name="ReportMimeType" type="xs:string" />
        </xs:sequence>
      </xs:complexType>
      <xs:complexType name="Party">
        <xs:sequence>
          <xs:element minOccurs="0" maxOccurs="1" name="PartyID" type="xs:string" />
          <xs:element minOccurs="1" maxOccurs="1" name="Name" type="xs:string" />
          <xs:element minOccurs="0" maxOccurs="1" name="ContactInformation" type="tns:PostalAddress" />
          <xs:element minOccurs="0" maxOccurs="1" name="Email" type="xs:string" />
          <xs:element minOccurs="0" maxOccurs="1" name="WebAddress" type="xs:string" />
        </xs:sequence>
      </xs:complexType>
      <xs:simpleType name="OrderStatusType">
        <xs:restriction base="xs:string">
          <xs:enumeration value="Received" />
          <xs:enumeration value="Finished" />
          <xs:enumeration value="FinishedNegative" />
          <xs:enumeration value="Cancelled" />
        </xs:restriction>
      </xs:simpleType>
      <xs:element name="getActiveMonitoringOrders">
        <xs:complexType />
      </xs:element>
      <xs:element name="getActiveMonitoringOrdersResponse">
        <xs:complexType>
          <xs:sequence>
            <xs:element minOccurs="0" maxOccurs="1" name="getActiveMonitoringOrdersResult" type="tns:GetActiveMonitoringOrders_Response" />
          </xs:sequence>
        </xs:complexType>
      </xs:element>
      <xs:complexType name="GetActiveMonitoringOrders_Response">
        <xs:sequence>
          <xs:element minOccurs="1" maxOccurs="1" name="ResponseCode" type="tns:GetActiveMonitoringOrders_ResponseCodes" />
          <xs:element minOccurs="0" maxOccurs="1" name="ResponseText" type="xs:string" />
          <xs:element minOccurs="0" maxOccurs="1" name="ActiveMonitoringOrders" type="tns:ArrayOfActiveMonitoringOrder" />
        </xs:sequence>
      </xs:complexType>
      <xs:simpleType name="GetActiveMonitoringOrders_ResponseCodes">
        <xs:restriction base="xs:string">
          <xs:enumeration value="OK" />
          <xs:enumeration value="NoOrdersAvailable" />
        </xs:restriction>
      </xs:simpleType>
      <xs:complexType name="ArrayOfActiveMonitoringOrder">
        <xs:sequence>
          <xs:element minOccurs="0" maxOccurs="unbounded" name="ActiveMonitoringOrder" nillable="true" type="tns:ActiveMonitoringOrder" />
        </xs:sequence>
      </xs:complexType>
      <xs:complexType name="ActiveMonitoringOrder">
        <xs:sequence>
          <xs:element minOccurs="1" maxOccurs="1" name="ProviderPartyID" type="xs:string" />
          <xs:element minOccurs="1" maxOccurs="1" name="ProviderOrderReference" type="xs:string" />
          <xs:element minOccurs="0" maxOccurs="1" name="ConsumerOrderReference" type="xs:string" />
          <xs:element minOccurs="0" maxOccurs="1" name="CompanyInternalID" type="xs:string" />
          <xs:element minOccurs="0" maxOccurs="1" name="CompanyName" type="xs:string" />
          <xs:element minOccurs="0" maxOccurs="1" name="CompanyRegistrationCountry" type="xs:string" />
          <xs:element minOccurs="1" maxOccurs="1" name="MonitoringStartDate" type="xs:dateTime" />
          <xs:element minOccurs="1" maxOccurs="1" name="MonitoringEndDate" type="xs:dateTime" />
        </xs:sequence>
      </xs:complexType>
      <xs:element name="cancelStopMonitoring">
        <xs:complexType>
          <xs:sequence>
            <xs:element minOccurs="1" maxOccurs="1" name="ProviderPartyID" type="xs:string" />
            <xs:element minOccurs="1" maxOccurs="1" name="ProviderOrderReference" type="xs:string" />
          </xs:sequence>
        </xs:complexType>
      </xs:element>
      <xs:element name="cancelStopMonitoringResponse">
        <xs:complexType>
          <xs:sequence>
            <xs:element minOccurs="0" maxOccurs="1" name="cancelStopMonitoringResult" type="tns:CancelStopMonitoring_Response" />
          </xs:sequence>
        </xs:complexType>
      </xs:element>
      <xs:complexType name="CancelStopMonitoring_Response">
        <xs:sequence>
          <xs:element minOccurs="1" maxOccurs="1" name="ResponseCode" type="tns:CancelStopMonitoring_ResponseCodes" />
          <xs:element minOccurs="0" maxOccurs="1" name="ResponseText" type="xs:string" />
        </xs:sequence>
      </xs:complexType>
      <xs:simpleType name="CancelStopMonitoring_ResponseCodes">
        <xs:restriction base="xs:string">
          <xs:enumeration value="OK" />
          <xs:enumeration value="NotFound" />
        </xs:restriction>
      </xs:simpleType>
      <xs:element name="stopMonitoring">
        <xs:complexType>
          <xs:sequence>
            <xs:element minOccurs="1" maxOccurs="1" name="ProviderPartyID" type="xs:string" />
            <xs:element minOccurs="1" maxOccurs="1" name="ProviderOrderReference" type="xs:string" />
          </xs:sequence>
        </xs:complexType>
      </xs:element>
      <xs:element name="stopMonitoringResponse">
        <xs:complexType>
          <xs:sequence>
            <xs:element minOccurs="0" maxOccurs="1" name="stopMonitoringResult" type="tns:StopMonitoring_Response" />
          </xs:sequence>
        </xs:complexType>
      </xs:element>
      <xs:complexType name="StopMonitoring_Response">
        <xs:sequence>
          <xs:element minOccurs="1" maxOccurs="1" name="ResponseCode" type="tns:StopMonitoring_ResponseCodes" />
          <xs:element minOccurs="0" maxOccurs="1" name="ResponseText" type="xs:string" />
          <xs:element minOccurs="1" maxOccurs="1" name="MonitoringStopDate" type="xs:dateTime" />
        </xs:sequence>
      </xs:complexType>
      <xs:simpleType name="StopMonitoring_ResponseCodes">
        <xs:restriction base="xs:string">
          <xs:enumeration value="OK" />
          <xs:enumeration value="NotFound" />
        </xs:restriction>
      </xs:simpleType>
      <xs:element name="getAllMonitoringNotifications">
        <xs:complexType>
          <xs:sequence>
            <xs:element minOccurs="1" maxOccurs="1" name="MonitoringNotificationsFromDate" type="xs:dateTime" />
            <xs:element minOccurs="1" maxOccurs="1" name="MonitoringNotificationsToDate" type="xs:dateTime" />
          </xs:sequence>
        </xs:complexType>
      </xs:element>
      <xs:element name="getAllMonitoringNotificationsResponse">
        <xs:complexType>
          <xs:sequence>
            <xs:element minOccurs="0" maxOccurs="1" name="getAllMonitoringNotificationsResult" type="tns:GetAllMonitoringNotifications_Response" />
          </xs:sequence>
        </xs:complexType>
      </xs:element>
      <xs:complexType name="GetAllMonitoringNotifications_Response">
        <xs:sequence>
          <xs:element minOccurs="1" maxOccurs="1" name="ResponseCode" type="tns:GetAllMonitoringNotifications_ResponseCodes" />
          <xs:element minOccurs="0" maxOccurs="1" name="ResponseText" type="xs:string" />
          <xs:element minOccurs="0" maxOccurs="1" name="MonitoringNotifications" type="tns:ArrayOfMonitoringNotification" />
        </xs:sequence>
      </xs:complexType>
      <xs:simpleType name="GetAllMonitoringNotifications_ResponseCodes">
        <xs:restriction base="xs:string">
          <xs:enumeration value="OK" />
          <xs:enumeration value="NoMonitoringNotificationsAvailable" />
        </xs:restriction>
      </xs:simpleType>
      <xs:complexType name="ArrayOfMonitoringNotification">
        <xs:sequence>
          <xs:element minOccurs="0" maxOccurs="unbounded" name="MonitoringNotification" nillable="true" type="tns:MonitoringNotification" />
        </xs:sequence>
      </xs:complexType>
      <xs:complexType name="MonitoringNotification">
        <xs:sequence>
          <xs:element minOccurs="1" maxOccurs="1" name="ProviderPartyID" type="xs:string" />
          <xs:element minOccurs="1" maxOccurs="1" name="ProviderOrderReference" type="xs:string" />
          <xs:element minOccurs="0" maxOccurs="1" name="ConsumerOrderReference" type="xs:string" />
          <xs:element minOccurs="0" maxOccurs="1" name="Company" type="tns:Company" />
          <xs:element minOccurs="0" maxOccurs="1" name="Changes" type="tns:ArrayOfMonitoringNotificationChange" />
          <xs:element minOccurs="0" maxOccurs="1" name="ReportMimeType" type="xs:string" />
          <xs:element minOccurs="0" maxOccurs="1" name="ReportText" type="xs:string" />
          <xs:element minOccurs="0" maxOccurs="1" name="ReportBinary" type="xs:base64Binary" />
          <xs:element minOccurs="0" maxOccurs="1" name="ReportXML">
            <xs:complexType mixed="true">
              <xs:sequence>
                <xs:any />
              </xs:sequence>
            </xs:complexType>
          </xs:element>
        </xs:sequence>
      </xs:complexType>
      <xs:complexType name="ArrayOfMonitoringNotificationChange">
        <xs:sequence>
          <xs:element minOccurs="0" maxOccurs="unbounded" name="MonitoringNotificationChange" nillable="true" type="tns:MonitoringNotificationChange" />
        </xs:sequence>
      </xs:complexType>
      <xs:complexType name="MonitoringNotificationChange">
        <xs:sequence>
          <xs:element minOccurs="0" maxOccurs="1" name="ChangeCode" type="xs:string" />
          <xs:element minOccurs="0" maxOccurs="1" name="ChangeSubCode1" type="xs:string" />
          <xs:element minOccurs="0" maxOccurs="1" name="ChangeSubCode2" type="xs:string" />
          <xs:element minOccurs="0" maxOccurs="1" name="OldValue" type="xs:string" />
          <xs:element minOccurs="0" maxOccurs="1" name="OldValueText" type="xs:string" />
          <xs:element minOccurs="0" maxOccurs="1" name="NewValue" type="xs:string" />
          <xs:element minOccurs="0" maxOccurs="1" name="NewValueText" type="xs:string" />
        </xs:sequence>
      </xs:complexType>
      <xs:element name="getAllCompletedOrders">
        <xs:complexType>
          <xs:sequence>
            <xs:element minOccurs="1" maxOccurs="1" name="CompletedFromDate" type="xs:dateTime" />
            <xs:element minOccurs="1" maxOccurs="1" name="CompletedToDate" type="xs:dateTime" />
          </xs:sequence>
        </xs:complexType>
      </xs:element>
      <xs:element name="getAllCompletedOrdersResponse">
        <xs:complexType>
          <xs:sequence>
            <xs:element minOccurs="0" maxOccurs="1" name="getAllCompletedOrdersResult" type="tns:GetAllCompletedOrders_Response" />
          </xs:sequence>
        </xs:complexType>
      </xs:element>
      <xs:complexType name="GetAllCompletedOrders_Response">
        <xs:sequence>
          <xs:element minOccurs="1" maxOccurs="1" name="ResponseCode" type="tns:GetAllCompletedOrders_ResponseCodes" />
          <xs:element minOccurs="0" maxOccurs="1" name="ResponseText" type="xs:string" />
          <xs:element minOccurs="0" maxOccurs="1" name="CompletedOrders" type="tns:ArrayOfCompletedOrderStatus" />
        </xs:sequence>
      </xs:complexType>
      <xs:simpleType name="GetAllCompletedOrders_ResponseCodes">
        <xs:restriction base="xs:string">
          <xs:enumeration value="OK" />
          <xs:enumeration value="NoOrdersAvailable" />
        </xs:restriction>
      </xs:simpleType>
      <xs:complexType name="ArrayOfCompletedOrderStatus">
        <xs:sequence>
          <xs:element minOccurs="0" maxOccurs="unbounded" name="CompletedOrderStatus" nillable="true" type="tns:CompletedOrderStatus" />
        </xs:sequence>
      </xs:complexType>
      <xs:complexType name="CompletedOrderStatus">
        <xs:sequence>
          <xs:element minOccurs="1" maxOccurs="1" name="ProviderPartyID" type="xs:string" />
          <xs:element minOccurs="1" maxOccurs="1" name="ProviderOrderReference" type="xs:string" />
          <xs:element minOccurs="0" maxOccurs="1" name="ConsumerOrderReference" type="xs:string" />
          <xs:element minOccurs="1" maxOccurs="1" name="ProductCode" type="xs:string" />
          <xs:element minOccurs="1" maxOccurs="1" name="StatusCode" type="tns:OrderStatusType" />
        </xs:sequence>
      </xs:complexType>
      <xs:element name="getCompanyReport">
        <xs:complexType>
          <xs:sequence>
            <xs:element minOccurs="1" maxOccurs="1" name="ProviderPartyID" type="xs:string" />
            <xs:element minOccurs="1" maxOccurs="1" name="ProviderOrderReference" type="xs:string" />
          </xs:sequence>
        </xs:complexType>
      </xs:element>
      <xs:element name="getCompanyReportResponse">
        <xs:complexType>
          <xs:sequence>
            <xs:element minOccurs="0" maxOccurs="1" name="getCompanyReportResult" type="tns:GetCompanyReport_Response" />
          </xs:sequence>
        </xs:complexType>
      </xs:element>
      <xs:complexType name="GetCompanyReport_Response">
        <xs:sequence>
          <xs:element minOccurs="1" maxOccurs="1" name="ResponseCode" type="tns:GetCompanyReport_ResponseCodes" />
          <xs:element minOccurs="0" maxOccurs="1" name="ResponseText" type="xs:string" />
          <xs:element minOccurs="0" maxOccurs="1" name="Report" type="tns:Report" />
        </xs:sequence>
      </xs:complexType>
      <xs:simpleType name="GetCompanyReport_ResponseCodes">
        <xs:restriction base="xs:string">
          <xs:enumeration value="OK" />
          <xs:enumeration value="UnknownProviderIDOrProviderOrderReference" />
          <xs:enumeration value="ReportNotAvailable" />
          <xs:enumeration value="AccessDenied" />
        </xs:restriction>
      </xs:simpleType>
      <xs:complexType name="Report">
        <xs:complexContent mixed="false">
          <xs:extension base="tns:OrderStatus">
            <xs:sequence>
              <xs:element minOccurs="0" maxOccurs="1" name="ReportText" type="xs:string" />
              <xs:element minOccurs="0" maxOccurs="1" name="ReportBinary" type="xs:base64Binary" />
              <xs:element minOccurs="0" maxOccurs="1" name="ReportXML">
                <xs:complexType mixed="true">
                  <xs:sequence>
                    <xs:any />
                  </xs:sequence>
                </xs:complexType>
              </xs:element>
            </xs:sequence>
          </xs:extension>
        </xs:complexContent>
      </xs:complexType>
      <xs:element name="getOrderStatus">
        <xs:complexType>
          <xs:sequence>
            <xs:element minOccurs="1" maxOccurs="1" name="ProviderPartyID" type="xs:string" />
            <xs:element minOccurs="1" maxOccurs="1" name="ProviderOrderReference" type="xs:string" />
          </xs:sequence>
        </xs:complexType>
      </xs:element>
      <xs:element name="getOrderStatusResponse">
        <xs:complexType>
          <xs:sequence>
            <xs:element minOccurs="0" maxOccurs="1" name="getOrderStatusResult" type="tns:GetOrderStatus_Response" />
          </xs:sequence>
        </xs:complexType>
      </xs:element>
      <xs:complexType name="GetOrderStatus_Response">
        <xs:sequence>
          <xs:element minOccurs="1" maxOccurs="1" name="ResponseCode" type="tns:GetOrderStatus_ResponseCodes" />
          <xs:element minOccurs="0" maxOccurs="1" name="ResponseText" type="xs:string" />
          <xs:element minOccurs="0" maxOccurs="1" name="OrderStatus" type="tns:OrderStatus" />
        </xs:sequence>
      </xs:complexType>
      <xs:simpleType name="GetOrderStatus_ResponseCodes">
        <xs:restriction base="xs:string">
          <xs:enumeration value="OK" />
          <xs:enumeration value="UnknownProviderIDOrProviderOrderReference" />
          <xs:enumeration value="AccessDenied" />
        </xs:restriction>
      </xs:simpleType>
      <xs:element name="getAllOrderComments">
        <xs:complexType>
          <xs:sequence>
            <xs:element minOccurs="1" maxOccurs="1" name="OrderCommentFromDate" type="xs:dateTime" />
            <xs:element minOccurs="1" maxOccurs="1" name="OrderCommentToDate" type="xs:dateTime" />
          </xs:sequence>
        </xs:complexType>
      </xs:element>
      <xs:element name="getAllOrderCommentsResponse">
        <xs:complexType>
          <xs:sequence>
            <xs:element minOccurs="0" maxOccurs="1" name="getAllOrderCommentsResult" type="tns:GetAllOrderComments_Response" />
          </xs:sequence>
        </xs:complexType>
      </xs:element>
      <xs:complexType name="GetAllOrderComments_Response">
        <xs:sequence>
          <xs:element minOccurs="1" maxOccurs="1" name="ResponseCode" type="tns:GetAllOrderComments_ResponseCodes" />
          <xs:element minOccurs="0" maxOccurs="1" name="ResponseText" type="xs:string" />
          <xs:element minOccurs="0" maxOccurs="1" name="OrderComments" type="tns:ArrayOfOrderComment" />
        </xs:sequence>
      </xs:complexType>
      <xs:simpleType name="GetAllOrderComments_ResponseCodes">
        <xs:restriction base="xs:string">
          <xs:enumeration value="OK" />
          <xs:enumeration value="NoCommentsAvailable" />
        </xs:restriction>
      </xs:simpleType>
      <xs:complexType name="ArrayOfOrderComment">
        <xs:sequence>
          <xs:element minOccurs="1" maxOccurs="unbounded" name="OrderComment" nillable="true" type="tns:OrderComment" />
        </xs:sequence>
      </xs:complexType>
      <xs:complexType name="OrderComment">
        <xs:sequence>
          <xs:element minOccurs="1" maxOccurs="1" name="ProviderPartyID" type="xs:string" />
          <xs:element minOccurs="0" maxOccurs="1" name="ProviderOrderReference" type="xs:string" />
          <xs:element minOccurs="0" maxOccurs="1" name="ConsumerOrderReference" type="xs:string" />
          <xs:element minOccurs="1" maxOccurs="1" name="TimeStamp" type="xs:dateTime" />
          <xs:element minOccurs="0" maxOccurs="1" name="ContactName" type="xs:string" />
          <xs:element minOccurs="0" maxOccurs="1" name="ContactEmail" type="xs:string" />
          <xs:element minOccurs="0" maxOccurs="1" name="ContactTelephoneNumber" type="xs:string" />
          <xs:element minOccurs="0" maxOccurs="1" name="ContactFaxNumber" type="xs:string" />
          <xs:element minOccurs="0" maxOccurs="1" name="Comment" type="xs:string" />
        </xs:sequence>
      </xs:complexType>
      <xs:element name="submitOrderComment">
        <xs:complexType>
          <xs:sequence>
            <xs:element minOccurs="1" maxOccurs="1" name="OrderComment" type="tns:OrderComment" />
          </xs:sequence>
        </xs:complexType>
      </xs:element>
      <xs:element name="submitOrderCommentResponse">
        <xs:complexType>
          <xs:sequence>
            <xs:element minOccurs="0" maxOccurs="1" name="submitOrderCommentResult" type="tns:SubmitOrderComment_Response" />
          </xs:sequence>
        </xs:complexType>
      </xs:element>
      <xs:complexType name="SubmitOrderComment_Response">
        <xs:sequence>
          <xs:element minOccurs="1" maxOccurs="1" name="ResponseCode" type="tns:SubmitOrderComment_ResponseCodes" />
          <xs:element minOccurs="0" maxOccurs="1" name="ResponseText" type="xs:string" />
        </xs:sequence>
      </xs:complexType>
      <xs:simpleType name="SubmitOrderComment_ResponseCodes">
        <xs:restriction base="xs:string">
          <xs:enumeration value="OK" />
          <xs:enumeration value="UnknownProviderIDOrProviderOrderReference" />
          <xs:enumeration value="AccessDenied" />
        </xs:restriction>
      </xs:simpleType>
      <xs:element name="submitOrder">
        <xs:complexType>
          <xs:sequence>
            <xs:element minOccurs="0" maxOccurs="1" name="InternalID" type="xs:string" />
            <xs:element minOccurs="0" maxOccurs="1" name="AdditionalIdentifiers" type="tns:ArrayOfCompanyIdentifier" />
            <xs:element minOccurs="0" maxOccurs="1" name="CompanyName" type="xs:string" />
            <xs:element minOccurs="0" maxOccurs="1" name="Address" type="tns:PostalAddress" />
            <xs:element minOccurs="0" maxOccurs="1" name="ConsumerOrderReference" type="xs:string" />
            <xs:element minOccurs="1" maxOccurs="1" name="DeliverySpeed" type="tns:DeliverySpeed" />
            <xs:element minOccurs="0" maxOccurs="1" name="Language" type="xs:string" />
            <xs:element minOccurs="0" maxOccurs="1" name="MaxCreditAmount" type="xs:double" />
            <xs:element minOccurs="0" maxOccurs="1" name="MaxCreditCurrency" type="xs:string" />
            <xs:element minOccurs="0" maxOccurs="1" name="Question" type="xs:string" />
            <xs:element minOccurs="0" maxOccurs="1" name="ReportMimeType" type="xs:string" />
            <xs:element minOccurs="1" maxOccurs="1" name="ProductCode" type="xs:string" />
            <xs:element minOccurs="1" maxOccurs="1" name="OrderOptions" type="tns:OrderOptions" />
          </xs:sequence>
        </xs:complexType>
      </xs:element>
      <xs:simpleType name="DeliverySpeed">
        <xs:restriction base="xs:string">
          <xs:enumeration value="normal" />
          <xs:enumeration value="flash" />
          <xs:enumeration value="superflash" />
        </xs:restriction>
      </xs:simpleType>
      <xs:simpleType name="OrderOptions">
        <xs:restriction base="xs:string">
          <xs:enumeration value="Immediate_NoResearch" />
          <xs:enumeration value="ImmediateIfAvailable_OtherwiseResearch" />
          <xs:enumeration value="Research_NoImmediate" />
        </xs:restriction>
      </xs:simpleType>
      <xs:element name="submitOrderResponse">
        <xs:complexType>
          <xs:sequence>
            <xs:element minOccurs="0" maxOccurs="1" name="submitOrderResult" type="tns:SubmitOrder_Response" />
          </xs:sequence>
        </xs:complexType>
      </xs:element>
      <xs:complexType name="SubmitOrder_Response">
        <xs:sequence>
          <xs:element minOccurs="1" maxOccurs="1" name="ResponseCode" type="tns:SubmitOrder_ResponseCodes" />
          <xs:element minOccurs="0" maxOccurs="1" name="ResponseText" type="xs:string" />
          <xs:element minOccurs="0" maxOccurs="1" name="OrderStatus" type="tns:OrderStatus" />
        </xs:sequence>
      </xs:complexType>
      <xs:simpleType name="SubmitOrder_ResponseCodes">
        <xs:restriction base="xs:string">
          <xs:enumeration value="OK" />
        </xs:restriction>
      </xs:simpleType>
      <xs:element name="placeOrder">
        <xs:complexType>
          <xs:sequence>
            <xs:element minOccurs="0" maxOccurs="1" name="InternalID" type="xs:string" />
            <xs:element minOccurs="0" maxOccurs="1" name="AdditionalIdentifiers" type="tns:ArrayOfCompanyIdentifier" />
            <xs:element minOccurs="0" maxOccurs="1" name="CompanyName" type="xs:string" />
            <xs:element minOccurs="0" maxOccurs="1" name="Address" type="tns:PostalAddress" />
            <xs:element minOccurs="0" maxOccurs="1" name="ConsumerOrderReference" type="xs:string" />
            <xs:element minOccurs="1" maxOccurs="1" name="DeliverySpeed" type="tns:DeliverySpeed" />
            <xs:element minOccurs="0" maxOccurs="1" name="Language" type="xs:string" />
            <xs:element minOccurs="0" maxOccurs="1" name="MaxCreditAmount" type="xs:double" />
            <xs:element minOccurs="0" maxOccurs="1" name="MaxCreditCurrency" type="xs:string" />
            <xs:element minOccurs="0" maxOccurs="1" name="Question" type="xs:string" />
            <xs:element minOccurs="0" maxOccurs="1" name="ReportMimeType" type="xs:string" />
            <xs:element minOccurs="1" maxOccurs="1" name="ProductCode" type="xs:string" />
            <xs:element minOccurs="1" maxOccurs="1" name="WithUpdate" type="xs:boolean" />
          </xs:sequence>
        </xs:complexType>
      </xs:element>
      <xs:element name="placeOrderResponse">
        <xs:complexType>
          <xs:sequence>
            <xs:element minOccurs="0" maxOccurs="1" name="placeOrderResult" type="tns:PlaceOrder_Response" />
          </xs:sequence>
        </xs:complexType>
      </xs:element>
      <xs:complexType name="PlaceOrder_Response">
        <xs:sequence>
          <xs:element minOccurs="1" maxOccurs="1" name="ResponseCode" type="tns:PlaceOrder_ResponseCodes" />
          <xs:element minOccurs="0" maxOccurs="1" name="ResponseText" type="xs:string" />
          <xs:element minOccurs="0" maxOccurs="1" name="OrderStatus" type="tns:OrderStatus" />
        </xs:sequence>
      </xs:complexType>
      <xs:simpleType name="PlaceOrder_ResponseCodes">
        <xs:restriction base="xs:string">
          <xs:enumeration value="OK" />
        </xs:restriction>
      </xs:simpleType>
      <xs:element name="getCompanyDetails">
        <xs:complexType>
          <xs:sequence>
            <xs:element minOccurs="0" maxOccurs="1" name="InternalID" type="xs:string" />
          </xs:sequence>
        </xs:complexType>
      </xs:element>
      <xs:element name="getCompanyDetailsResponse">
        <xs:complexType>
          <xs:sequence>
            <xs:element minOccurs="0" maxOccurs="1" name="getCompanyDetailsResult" type="tns:GetCompanyDetails_Response" />
          </xs:sequence>
        </xs:complexType>
      </xs:element>
      <xs:complexType name="GetCompanyDetails_Response">
        <xs:sequence>
          <xs:element minOccurs="1" maxOccurs="1" name="ResponseCode" type="tns:GetCompanyDetails_ResponseCodes" />
          <xs:element minOccurs="0" maxOccurs="1" name="ResponseText" type="xs:string" />
          <xs:element minOccurs="0" maxOccurs="1" name="CompanyDetails" type="tns:CompanyDetails" />
        </xs:sequence>
      </xs:complexType>
      <xs:simpleType name="GetCompanyDetails_ResponseCodes">
        <xs:restriction base="xs:string">
          <xs:enumeration value="OK" />
          <xs:enumeration value="NotFound" />
        </xs:restriction>
      </xs:simpleType>
      <xs:complexType name="CompanyDetails">
        <xs:sequence>
          <xs:element minOccurs="0" maxOccurs="1" name="Company" type="tns:Company" />
          <xs:element minOccurs="0" maxOccurs="1" name="AvailableProducts" type="tns:ArrayOfProduct" />
        </xs:sequence>
      </xs:complexType>
      <xs:complexType name="ArrayOfProduct">
        <xs:sequence>
          <xs:element minOccurs="0" maxOccurs="unbounded" name="Product" nillable="true" type="tns:Product" />
        </xs:sequence>
      </xs:complexType>
      <xs:complexType name="Product">
        <xs:sequence>
          <xs:element minOccurs="0" maxOccurs="1" name="Code" type="xs:string" />
          <xs:element minOccurs="0" maxOccurs="1" name="Description" type="xs:string" />
          <xs:element minOccurs="0" maxOccurs="1" name="MimeTypes" type="tns:ArrayOfString" />
          <xs:element minOccurs="1" maxOccurs="1" name="Availability" type="tns:ProductAvailability" />
        </xs:sequence>
      </xs:complexType>
      <xs:complexType name="ArrayOfString">
        <xs:sequence>
          <xs:element minOccurs="0" maxOccurs="unbounded" name="string" nillable="true" type="xs:string" />
        </xs:sequence>
      </xs:complexType>
      <xs:simpleType name="ProductAvailability">
        <xs:restriction base="xs:string">
          <xs:enumeration value="AvailableImmediately" />
          <xs:enumeration value="AvailableOnOrder" />
        </xs:restriction>
      </xs:simpleType>
      <xs:element name="searchByNameAndAddress">
        <xs:complexType>
          <xs:sequence>
            <xs:element minOccurs="1" maxOccurs="1" name="Name" type="xs:string" />
            <xs:element minOccurs="0" maxOccurs="1" name="Country" type="xs:string" />
            <xs:element minOccurs="0" maxOccurs="1" name="ZipCode" type="xs:string" />
            <xs:element minOccurs="0" maxOccurs="1" name="City" type="xs:string" />
            <xs:element minOccurs="1" maxOccurs="1" name="MaxResults" type="xs:int" />
          </xs:sequence>
        </xs:complexType>
      </xs:element>
      <xs:element name="searchByNameAndAddressResponse">
        <xs:complexType>
          <xs:sequence>
            <xs:element minOccurs="0" maxOccurs="1" name="searchByNameAndAddressResult" type="tns:SearchByNameAndAddress_Response" />
          </xs:sequence>
        </xs:complexType>
      </xs:element>
      <xs:complexType name="SearchByNameAndAddress_Response">
        <xs:sequence>
          <xs:element minOccurs="1" maxOccurs="1" name="ResponseCode" type="tns:Search_ResponseCodes" />
          <xs:element minOccurs="0" maxOccurs="1" name="ResponseText" type="xs:string" />
          <xs:element minOccurs="0" maxOccurs="1" name="SearchResults" type="tns:ArrayOfSearchResult" />
        </xs:sequence>
      </xs:complexType>
      <xs:simpleType name="Search_ResponseCodes">
        <xs:restriction base="xs:string">
          <xs:enumeration value="OK" />
          <xs:enumeration value="NotFound" />
          <xs:enumeration value="TooManyResults" />
          <xs:enumeration value="UnknownIdentifier" />
        </xs:restriction>
      </xs:simpleType>
      <xs:complexType name="ArrayOfSearchResult">
        <xs:sequence>
          <xs:element minOccurs="0" maxOccurs="unbounded" name="SearchResult" nillable="true" type="tns:SearchResult" />
        </xs:sequence>
      </xs:complexType>
      <xs:complexType name="SearchResult">
        <xs:sequence>
          <xs:element minOccurs="1" maxOccurs="1" name="Name" type="xs:string" />
          <xs:element minOccurs="0" maxOccurs="1" name="SortName" type="xs:string" />
          <xs:element minOccurs="0" maxOccurs="1" name="InternalID" type="xs:string" />
          <xs:element minOccurs="0" maxOccurs="1" name="Identifiers" type="tns:ArrayOfCompanyIdentifier" />
          <xs:element minOccurs="0" maxOccurs="1" name="RegistrationCountry" type="xs:string" />
          <xs:element minOccurs="0" maxOccurs="1" name="Address" type="tns:PostalAddress" />
          <xs:element minOccurs="0" maxOccurs="1" name="RegisteredAddress" type="tns:PostalAddress" />
        </xs:sequence>
      </xs:complexType>
      <xs:element name="getAvailableCompanyIdentifiers">
        <xs:complexType>
          <xs:sequence>
            <xs:element minOccurs="1" maxOccurs="1" name="ProviderPartyID" type="xs:string" />
          </xs:sequence>
        </xs:complexType>
      </xs:element>
      <xs:element name="getAvailableCompanyIdentifiersResponse">
        <xs:complexType>
          <xs:sequence>
            <xs:element minOccurs="0" maxOccurs="1" name="getAvailableCompanyIdentifiersResult" type="tns:GetAvailableCompanyIdentifiers_Response" />
          </xs:sequence>
        </xs:complexType>
      </xs:element>
      <xs:complexType name="GetAvailableCompanyIdentifiers_Response">
        <xs:sequence>
          <xs:element minOccurs="1" maxOccurs="1" name="ResponseCode" type="tns:GetAvailableCompanyIdentifiers_ResponseCodes" />
          <xs:element minOccurs="0" maxOccurs="1" name="ResponseText" type="xs:string" />
          <xs:element minOccurs="0" maxOccurs="1" name="AvailableIdentifiers" type="tns:ArrayOfCompanyIdentifier" />
        </xs:sequence>
      </xs:complexType>
      <xs:simpleType name="GetAvailableCompanyIdentifiers_ResponseCodes">
        <xs:restriction base="xs:string">
          <xs:enumeration value="OK" />
        </xs:restriction>
      </xs:simpleType>
      <xs:element name="getAvailableCountries">
        <xs:complexType />
      </xs:element>
      <xs:element name="getAvailableCountriesResponse">
        <xs:complexType>
          <xs:sequence>
            <xs:element minOccurs="0" maxOccurs="1" name="getAvailableCountriesResult" type="tns:GetAvailableCountries_Response" />
          </xs:sequence>
        </xs:complexType>
      </xs:element>
      <xs:complexType name="GetAvailableCountries_Response">
        <xs:sequence>
          <xs:element minOccurs="1" maxOccurs="1" name="ResponseCode" type="tns:GetAvailableCountries_ResponseCodes" />
          <xs:element minOccurs="0" maxOccurs="1" name="ResponseText" type="xs:string" />
          <xs:element minOccurs="0" maxOccurs="1" name="CountryAndProvider" type="tns:ArrayOfCountryAndProvider" />
        </xs:sequence>
      </xs:complexType>
      <xs:simpleType name="GetAvailableCountries_ResponseCodes">
        <xs:restriction base="xs:string">
          <xs:enumeration value="OK" />
        </xs:restriction>
      </xs:simpleType>
      <xs:complexType name="ArrayOfCountryAndProvider">
        <xs:sequence>
          <xs:element minOccurs="0" maxOccurs="unbounded" name="CountryAndProvider" nillable="true" type="tns:CountryAndProvider" />
        </xs:sequence>
      </xs:complexType>
      <xs:complexType name="CountryAndProvider">
        <xs:sequence>
          <xs:element minOccurs="0" maxOccurs="1" name="Country" type="xs:string" />
          <xs:element minOccurs="0" maxOccurs="1" name="Provider" type="tns:Party" />
        </xs:sequence>
      </xs:complexType>
      <xs:element name="searchByIdentifier">
        <xs:complexType>
          <xs:sequence>
            <xs:element minOccurs="0" maxOccurs="1" name="Country" type="xs:string" />
            <xs:element minOccurs="1" maxOccurs="1" name="Identifier" type="xs:string" />
            <xs:element minOccurs="1" maxOccurs="1" name="TypeOfIdentifier" type="xs:string" />
            <xs:element minOccurs="1" maxOccurs="1" name="MaxResults" type="xs:int" />
          </xs:sequence>
        </xs:complexType>
      </xs:element>
      <xs:element name="searchByIdentifierResponse">
        <xs:complexType>
          <xs:sequence>
            <xs:element minOccurs="0" maxOccurs="1" name="searchByIdentifierResult" type="tns:SearchByIdentifier_Response" />
          </xs:sequence>
        </xs:complexType>
      </xs:element>
      <xs:complexType name="SearchByIdentifier_Response">
        <xs:sequence>
          <xs:element minOccurs="1" maxOccurs="1" name="ResponseCode" type="tns:Search_ResponseCodes" />
          <xs:element minOccurs="0" maxOccurs="1" name="ResponseText" type="xs:string" />
          <xs:element minOccurs="0" maxOccurs="1" name="SearchResults" type="tns:ArrayOfSearchResult" />
        </xs:sequence>
      </xs:complexType>
      <xs:element name="ping">
        <xs:complexType>
          <xs:sequence>
            <xs:element minOccurs="1" maxOccurs="1" name="type" type="tns:PingType" />
          </xs:sequence>
        </xs:complexType>
      </xs:element>
      <xs:simpleType name="PingType">
        <xs:restriction base="xs:string">
          <xs:enumeration value="simple" />
          <xs:enumeration value="thorough" />
        </xs:restriction>
      </xs:simpleType>
      <xs:element name="pingResponse">
        <xs:complexType>
          <xs:sequence>
            <xs:element minOccurs="0" maxOccurs="1" name="pingResult" type="tns:Ping_Response" />
          </xs:sequence>
        </xs:complexType>
      </xs:element>
      <xs:complexType name="Ping_Response">
        <xs:sequence>
          <xs:element minOccurs="1" maxOccurs="1" name="ResponseCode" type="tns:Ping_ResponseCodes" />
          <xs:element minOccurs="0" maxOccurs="1" name="ResponseText" type="xs:string" />
        </xs:sequence>
      </xs:complexType>
      <xs:simpleType name="Ping_ResponseCodes">
        <xs:restriction base="xs:string">
          <xs:enumeration value="OK" />
          <xs:enumeration value="ServiceNotAvailable" />
        </xs:restriction>
      </xs:simpleType>
      <xs:element name="getAllMonitoringOrders">
        <xs:complexType>
          <xs:sequence>
            <xs:element minOccurs="0" maxOccurs="1" name="ExcludeProductCodes" type="xs:string" />
            <xs:element minOccurs="1" maxOccurs="1" name="ActiveOnly" type="xs:boolean" />
            <xs:element minOccurs="1" maxOccurs="1" name="ExpiredOnly" type="xs:boolean" />
            <xs:element minOccurs="1" maxOccurs="1" name="StoppedOnly" type="xs:boolean" />
            <xs:element minOccurs="1" maxOccurs="1" name="OrderedFromDate" type="xs:dateTime" />
            <xs:element minOccurs="1" maxOccurs="1" name="OrderedToDate" type="xs:dateTime" />
          </xs:sequence>
        </xs:complexType>
      </xs:element>
      <xs:element name="getAllMonitoringOrdersResponse">
        <xs:complexType>
          <xs:sequence>
            <xs:element minOccurs="0" maxOccurs="1" name="getAllMonitoringOrdersResult" type="tns:GetAllMonitoringOrders_Response" />
          </xs:sequence>
        </xs:complexType>
      </xs:element>
      <xs:complexType name="GetAllMonitoringOrders_Response">
        <xs:sequence>
          <xs:element minOccurs="1" maxOccurs="1" name="ResponseCode" type="tns:GetAllMonitoringOrders_ResponseCodes" />
          <xs:element minOccurs="0" maxOccurs="1" name="ResponseText" type="xs:string" />
          <xs:element minOccurs="0" maxOccurs="1" name="MonitoringOrders" type="tns:ArrayOfMonitoringOrder" />
        </xs:sequence>
      </xs:complexType>
      <xs:simpleType name="GetAllMonitoringOrders_ResponseCodes">
        <xs:restriction base="xs:string">
          <xs:enumeration value="OK" />
          <xs:enumeration value="NoOrdersAvailable" />
        </xs:restriction>
      </xs:simpleType>
      <xs:complexType name="ArrayOfMonitoringOrder">
        <xs:sequence>
          <xs:element minOccurs="0" maxOccurs="unbounded" name="MonitoringOrder" nillable="true" type="tns:MonitoringOrder" />
        </xs:sequence>
      </xs:complexType>
      <xs:complexType name="MonitoringOrder">
        <xs:sequence>
          <xs:element minOccurs="0" maxOccurs="1" name="ProviderPartyID" type="xs:string" />
          <xs:element minOccurs="0" maxOccurs="1" name="ProviderOrderReference" type="xs:string" />
          <xs:element minOccurs="0" maxOccurs="1" name="ConsumerOrderReference" type="xs:string" />
          <xs:element minOccurs="0" maxOccurs="1" name="CompanyInternalID" type="xs:string" />
          <xs:element minOccurs="0" maxOccurs="1" name="CompanyName" type="xs:string" />
          <xs:element minOccurs="0" maxOccurs="1" name="CompanyRegistrationCountry" type="xs:string" />
          <xs:element minOccurs="0" maxOccurs="1" name="ProductCode" type="xs:string" />
          <xs:element minOccurs="1" maxOccurs="1" name="MonitoringStartDate" type="xs:dateTime" />
          <xs:element minOccurs="1" maxOccurs="1" name="MonitoringEndDate" type="xs:dateTime" />
        </xs:sequence>
      </xs:complexType>
      <xs:element name="searchOrders">
        <xs:complexType>
          <xs:sequence>
            <xs:element minOccurs="0" maxOccurs="1" name="SearchCriteria" type="tns:SearchOrdersCriteria" />
          </xs:sequence>
        </xs:complexType>
      </xs:element>
      <xs:complexType name="SearchOrdersCriteria">
        <xs:sequence>
          <xs:element minOccurs="0" maxOccurs="1" name="ProviderOrderReference" type="xs:string" />
          <xs:element minOccurs="0" maxOccurs="1" name="ConsumerOrderReference" type="xs:string" />
          <xs:element minOccurs="0" maxOccurs="1" name="ProductCode" type="xs:string" />
          <xs:element minOccurs="1" maxOccurs="1" name="OrderStatusCode" type="tns:OrderStatusType" />
          <xs:element minOccurs="1" maxOccurs="1" name="OrderedFromDate" type="xs:dateTime" />
          <xs:element minOccurs="1" maxOccurs="1" name="OrderedToDate" type="xs:dateTime" />
          <xs:element minOccurs="0" maxOccurs="1" name="subjectInternalID" type="xs:string" />
        </xs:sequence>
      </xs:complexType>
      <xs:element name="searchOrdersResponse">
        <xs:complexType>
          <xs:sequence>
            <xs:element minOccurs="0" maxOccurs="1" name="searchOrdersResult" type="tns:SearchOrders_Response" />
          </xs:sequence>
        </xs:complexType>
      </xs:element>
      <xs:complexType name="SearchOrders_Response">
        <xs:sequence>
          <xs:element minOccurs="1" maxOccurs="1" name="ResponseCode" type="tns:SearchOrders_ResponseCodes" />
          <xs:element minOccurs="0" maxOccurs="1" name="ResponseText" type="xs:string" />
          <xs:element minOccurs="0" maxOccurs="1" name="SearchResults" type="tns:ArrayOfSearchOrdersResult" />
        </xs:sequence>
      </xs:complexType>
      <xs:simpleType name="SearchOrders_ResponseCodes">
        <xs:restriction base="xs:string">
          <xs:enumeration value="OK" />
          <xs:enumeration value="NoOrdersAvailable" />
        </xs:restriction>
      </xs:simpleType>
      <xs:complexType name="ArrayOfSearchOrdersResult">
        <xs:sequence>
          <xs:element minOccurs="0" maxOccurs="unbounded" name="SearchOrdersResult" nillable="true" type="tns:SearchOrdersResult" />
        </xs:sequence>
      </xs:complexType>
      <xs:complexType name="SearchOrdersResult">
        <xs:sequence>
          <xs:element minOccurs="0" maxOccurs="1" name="ProviderPartyID" type="xs:string" />
          <xs:element minOccurs="0" maxOccurs="1" name="ProviderOrderReference" type="xs:string" />
          <xs:element minOccurs="0" maxOccurs="1" name="ConsumerOrderReference" type="xs:string" />
          <xs:element minOccurs="1" maxOccurs="1" name="Ordered" type="xs:dateTime" />
          <xs:element minOccurs="1" maxOccurs="1" name="Delivered" type="xs:dateTime" />
          <xs:element minOccurs="0" maxOccurs="1" name="ProductCode" type="xs:string" />
          <xs:element minOccurs="1" maxOccurs="1" name="StatusCode" type="tns:OrderStatusType" />
          <xs:element minOccurs="0" maxOccurs="1" name="subjectInternalID" type="xs:string" />
        </xs:sequence>
      </xs:complexType>
    </s:schema>
  </wsdl:types>
  <wsdl:message name="getDemoCompaniesSoapIn">
    <wsdl:part name="parameters" element="tns:getDemoCompanies" />
  </wsdl:message>
  <wsdl:message name="getDemoCompaniesSoapOut">
    <wsdl:part name="parameters" element="tns:getDemoCompaniesResponse" />
  </wsdl:message>
  <wsdl:message name="getDemoCompaniesAuthHeader">
    <wsdl:part name="AuthHeader" element="tns:AuthHeader" />
  </wsdl:message>
  <wsdl:message name="submitMonitoringOrderSoapIn">
    <wsdl:part name="parameters" element="tns:submitMonitoringOrder" />
  </wsdl:message>
  <wsdl:message name="submitMonitoringOrderSoapOut">
    <wsdl:part name="parameters" element="tns:submitMonitoringOrderResponse" />
  </wsdl:message>
  <wsdl:message name="submitMonitoringOrderAuthHeader">
    <wsdl:part name="AuthHeader" element="tns:AuthHeader" />
  </wsdl:message>
  <wsdl:message name="getActiveMonitoringOrdersSoapIn">
    <wsdl:part name="parameters" element="tns:getActiveMonitoringOrders" />
  </wsdl:message>
  <wsdl:message name="getActiveMonitoringOrdersSoapOut">
    <wsdl:part name="parameters" element="tns:getActiveMonitoringOrdersResponse" />
  </wsdl:message>
  <wsdl:message name="getActiveMonitoringOrdersAuthHeader">
    <wsdl:part name="AuthHeader" element="tns:AuthHeader" />
  </wsdl:message>
  <wsdl:message name="cancelStopMonitoringSoapIn">
    <wsdl:part name="parameters" element="tns:cancelStopMonitoring" />
  </wsdl:message>
  <wsdl:message name="cancelStopMonitoringSoapOut">
    <wsdl:part name="parameters" element="tns:cancelStopMonitoringResponse" />
  </wsdl:message>
  <wsdl:message name="cancelStopMonitoringAuthHeader">
    <wsdl:part name="AuthHeader" element="tns:AuthHeader" />
  </wsdl:message>
  <wsdl:message name="stopMonitoringSoapIn">
    <wsdl:part name="parameters" element="tns:stopMonitoring" />
  </wsdl:message>
  <wsdl:message name="stopMonitoringSoapOut">
    <wsdl:part name="parameters" element="tns:stopMonitoringResponse" />
  </wsdl:message>
  <wsdl:message name="stopMonitoringAuthHeader">
    <wsdl:part name="AuthHeader" element="tns:AuthHeader" />
  </wsdl:message>
  <wsdl:message name="getAllMonitoringNotificationsSoapIn">
    <wsdl:part name="parameters" element="tns:getAllMonitoringNotifications" />
  </wsdl:message>
  <wsdl:message name="getAllMonitoringNotificationsSoapOut">
    <wsdl:part name="parameters" element="tns:getAllMonitoringNotificationsResponse" />
  </wsdl:message>
  <wsdl:message name="getAllMonitoringNotificationsAuthHeader">
    <wsdl:part name="AuthHeader" element="tns:AuthHeader" />
  </wsdl:message>
  <wsdl:message name="getAllCompletedOrdersSoapIn">
    <wsdl:part name="parameters" element="tns:getAllCompletedOrders" />
  </wsdl:message>
  <wsdl:message name="getAllCompletedOrdersSoapOut">
    <wsdl:part name="parameters" element="tns:getAllCompletedOrdersResponse" />
  </wsdl:message>
  <wsdl:message name="getAllCompletedOrdersAuthHeader">
    <wsdl:part name="AuthHeader" element="tns:AuthHeader" />
  </wsdl:message>
  <wsdl:message name="getCompanyReportSoapIn">
    <wsdl:part name="parameters" element="tns:getCompanyReport" />
  </wsdl:message>
  <wsdl:message name="getCompanyReportSoapOut">
    <wsdl:part name="parameters" element="tns:getCompanyReportResponse" />
  </wsdl:message>
  <wsdl:message name="getCompanyReportAuthHeader">
    <wsdl:part name="AuthHeader" element="tns:AuthHeader" />
  </wsdl:message>
  <wsdl:message name="getOrderStatusSoapIn">
    <wsdl:part name="parameters" element="tns:getOrderStatus" />
  </wsdl:message>
  <wsdl:message name="getOrderStatusSoapOut">
    <wsdl:part name="parameters" element="tns:getOrderStatusResponse" />
  </wsdl:message>
  <wsdl:message name="getOrderStatusAuthHeader">
    <wsdl:part name="AuthHeader" element="tns:AuthHeader" />
  </wsdl:message>
  <wsdl:message name="getAllOrderCommentsSoapIn">
    <wsdl:part name="parameters" element="tns:getAllOrderComments" />
  </wsdl:message>
  <wsdl:message name="getAllOrderCommentsSoapOut">
    <wsdl:part name="parameters" element="tns:getAllOrderCommentsResponse" />
  </wsdl:message>
  <wsdl:message name="getAllOrderCommentsAuthHeader">
    <wsdl:part name="AuthHeader" element="tns:AuthHeader" />
  </wsdl:message>
  <wsdl:message name="submitOrderCommentSoapIn">
    <wsdl:part name="parameters" element="tns:submitOrderComment" />
  </wsdl:message>
  <wsdl:message name="submitOrderCommentSoapOut">
    <wsdl:part name="parameters" element="tns:submitOrderCommentResponse" />
  </wsdl:message>
  <wsdl:message name="submitOrderCommentAuthHeader">
    <wsdl:part name="AuthHeader" element="tns:AuthHeader" />
  </wsdl:message>
  <wsdl:message name="submitOrderSoapIn">
    <wsdl:part name="parameters" element="tns:submitOrder" />
  </wsdl:message>
  <wsdl:message name="submitOrderSoapOut">
    <wsdl:part name="parameters" element="tns:submitOrderResponse" />
  </wsdl:message>
  <wsdl:message name="submitOrderAuthHeader">
    <wsdl:part name="AuthHeader" element="tns:AuthHeader" />
  </wsdl:message>
  <wsdl:message name="placeOrderSoapIn">
    <wsdl:part name="parameters" element="tns:placeOrder" />
  </wsdl:message>
  <wsdl:message name="placeOrderSoapOut">
    <wsdl:part name="parameters" element="tns:placeOrderResponse" />
  </wsdl:message>
  <wsdl:message name="placeOrderAuthHeader">
    <wsdl:part name="AuthHeader" element="tns:AuthHeader" />
  </wsdl:message>
  <wsdl:message name="getCompanyDetailsSoapIn">
    <wsdl:part name="parameters" element="tns:getCompanyDetails" />
  </wsdl:message>
  <wsdl:message name="getCompanyDetailsSoapOut">
    <wsdl:part name="parameters" element="tns:getCompanyDetailsResponse" />
  </wsdl:message>
  <wsdl:message name="getCompanyDetailsAuthHeader">
    <wsdl:part name="AuthHeader" element="tns:AuthHeader" />
  </wsdl:message>
  <wsdl:message name="searchByNameAndAddressSoapIn">
    <wsdl:part name="parameters" element="tns:searchByNameAndAddress" />
  </wsdl:message>
  <wsdl:message name="searchByNameAndAddressSoapOut">
    <wsdl:part name="parameters" element="tns:searchByNameAndAddressResponse" />
  </wsdl:message>
  <wsdl:message name="searchByNameAndAddressAuthHeader">
    <wsdl:part name="AuthHeader" element="tns:AuthHeader" />
  </wsdl:message>
  <wsdl:message name="getAvailableCompanyIdentifiersSoapIn">
    <wsdl:part name="parameters" element="tns:getAvailableCompanyIdentifiers" />
  </wsdl:message>
  <wsdl:message name="getAvailableCompanyIdentifiersSoapOut">
    <wsdl:part name="parameters" element="tns:getAvailableCompanyIdentifiersResponse" />
  </wsdl:message>
  <wsdl:message name="getAvailableCompanyIdentifiersAuthHeader">
    <wsdl:part name="AuthHeader" element="tns:AuthHeader" />
  </wsdl:message>
  <wsdl:message name="getAvailableCountriesSoapIn">
    <wsdl:part name="parameters" element="tns:getAvailableCountries" />
  </wsdl:message>
  <wsdl:message name="getAvailableCountriesSoapOut">
    <wsdl:part name="parameters" element="tns:getAvailableCountriesResponse" />
  </wsdl:message>
  <wsdl:message name="getAvailableCountriesAuthHeader">
    <wsdl:part name="AuthHeader" element="tns:AuthHeader" />
  </wsdl:message>
  <wsdl:message name="searchByIdentifierSoapIn">
    <wsdl:part name="parameters" element="tns:searchByIdentifier" />
  </wsdl:message>
  <wsdl:message name="searchByIdentifierSoapOut">
    <wsdl:part name="parameters" element="tns:searchByIdentifierResponse" />
  </wsdl:message>
  <wsdl:message name="searchByIdentifierAuthHeader">
    <wsdl:part name="AuthHeader" element="tns:AuthHeader" />
  </wsdl:message>
  <wsdl:message name="pingSoapIn">
    <wsdl:part name="parameters" element="tns:ping" />
  </wsdl:message>
  <wsdl:message name="pingSoapOut">
    <wsdl:part name="parameters" element="tns:pingResponse" />
  </wsdl:message>
  <wsdl:message name="pingAuthHeader">
    <wsdl:part name="AuthHeader" element="tns:AuthHeader" />
  </wsdl:message>
  <wsdl:message name="getAllMonitoringOrdersSoapIn">
    <wsdl:part name="parameters" element="tns:getAllMonitoringOrders" />
  </wsdl:message>
  <wsdl:message name="getAllMonitoringOrdersSoapOut">
    <wsdl:part name="parameters" element="tns:getAllMonitoringOrdersResponse" />
  </wsdl:message>
  <wsdl:message name="getAllMonitoringOrdersAuthHeader">
    <wsdl:part name="AuthHeader" element="tns:AuthHeader" />
  </wsdl:message>
  <wsdl:message name="searchOrdersSoapIn">
    <wsdl:part name="parameters" element="tns:searchOrders" />
  </wsdl:message>
  <wsdl:message name="searchOrdersSoapOut">
    <wsdl:part name="parameters" element="tns:searchOrdersResponse" />
  </wsdl:message>
  <wsdl:message name="searchOrdersAuthHeader">
    <wsdl:part name="AuthHeader" element="tns:AuthHeader" />
  </wsdl:message>
  <wsdl:portType name="IconTestSoap">
    <wsdl:operation name="getDemoCompanies">
      <documentation xmlns="http://schemas.xmlsoap.org/wsdl/">Queries a list of companies which can be ordered without cost for demonstration purposes.</documentation>
      <wsdl:input message="tns:getDemoCompaniesSoapIn" />
      <wsdl:output message="tns:getDemoCompaniesSoapOut" />
    </wsdl:operation>
    <wsdl:operation name="submitMonitoringOrder">
      <documentation xmlns="http://schemas.xmlsoap.org/wsdl/">Place a monitoring order for a company. The company is identified by a unique InternalID or by name and address (if InternalID is not provided, the report cannot be provided immediately).</documentation>
      <wsdl:input message="tns:submitMonitoringOrderSoapIn" />
      <wsdl:output message="tns:submitMonitoringOrderSoapOut" />
    </wsdl:operation>
    <wsdl:operation name="getActiveMonitoringOrders">
      <documentation xmlns="http://schemas.xmlsoap.org/wsdl/">This method has been replaced by "GetAllMonitoringOrders" and is provided only for backward compatibility with existing clients. Returns a list of all active monitoring orders.</documentation>
      <wsdl:input message="tns:getActiveMonitoringOrdersSoapIn" />
      <wsdl:output message="tns:getActiveMonitoringOrdersSoapOut" />
    </wsdl:operation>
    <wsdl:operation name="cancelStopMonitoring">
      <documentation xmlns="http://schemas.xmlsoap.org/wsdl/">if stopMonitoring has been called, this cancels the stop request.</documentation>
      <wsdl:input message="tns:cancelStopMonitoringSoapIn" />
      <wsdl:output message="tns:cancelStopMonitoringSoapOut" />
    </wsdl:operation>
    <wsdl:operation name="stopMonitoring">
      <documentation xmlns="http://schemas.xmlsoap.org/wsdl/">Stops monitoring a company.</documentation>
      <wsdl:input message="tns:stopMonitoringSoapIn" />
      <wsdl:output message="tns:stopMonitoringSoapOut" />
    </wsdl:operation>
    <wsdl:operation name="getAllMonitoringNotifications">
      <documentation xmlns="http://schemas.xmlsoap.org/wsdl/">Retrieves all monitoring notifications.</documentation>
      <wsdl:input message="tns:getAllMonitoringNotificationsSoapIn" />
      <wsdl:output message="tns:getAllMonitoringNotificationsSoapOut" />
    </wsdl:operation>
    <wsdl:operation name="getAllCompletedOrders">
      <documentation xmlns="http://schemas.xmlsoap.org/wsdl/">Request a list of all completed orders. A start and end date are passed as parameters ("CompletedFromDate", "CompletedToDate"). Included in the response (GetAllCompletedOrdersResponse) is an array of OrderStatus elements.</documentation>
      <wsdl:input message="tns:getAllCompletedOrdersSoapIn" />
      <wsdl:output message="tns:getAllCompletedOrdersSoapOut" />
    </wsdl:operation>
    <wsdl:operation name="getCompanyReport">
      <documentation xmlns="http://schemas.xmlsoap.org/wsdl/">When an order has been completed, GetCompanyReport retrieves the report. Parameters "ProviderPartyID" and "ProviderOrderReference" are required to identify the order. The response message (GetCompanyReportResponse) includes a "Report" element.</documentation>
      <wsdl:input message="tns:getCompanyReportSoapIn" />
      <wsdl:output message="tns:getCompanyReportSoapOut" />
    </wsdl:operation>
    <wsdl:operation name="getOrderStatus">
      <documentation xmlns="http://schemas.xmlsoap.org/wsdl/">Retrieves the current status of an order previously placed with the PlaceOrder method. The response (GetOrderStatusResponse) includes the same OrderStatus element that is returned in the "PlaceOrder" response, but with updated information.</documentation>
      <wsdl:input message="tns:getOrderStatusSoapIn" />
      <wsdl:output message="tns:getOrderStatusSoapOut" />
    </wsdl:operation>
    <wsdl:operation name="getAllOrderComments">
      <documentation xmlns="http://schemas.xmlsoap.org/wsdl/">Retrieves all pending comments or questions from the provider regarding your orders.</documentation>
      <wsdl:input message="tns:getAllOrderCommentsSoapIn" />
      <wsdl:output message="tns:getAllOrderCommentsSoapOut" />
    </wsdl:operation>
    <wsdl:operation name="submitOrderComment">
      <documentation xmlns="http://schemas.xmlsoap.org/wsdl/">Contact the provider regarding an order.</documentation>
      <wsdl:input message="tns:submitOrderCommentSoapIn" />
      <wsdl:output message="tns:submitOrderCommentSoapOut" />
    </wsdl:operation>
    <wsdl:operation name="submitOrder">
      <documentation xmlns="http://schemas.xmlsoap.org/wsdl/">Place an order for a business credit report. The company is identified by a unique InternalID or by name and address (if InternalID is not provided, the report cannot be provided immediately). The response includes the seller's order number ("ProviderOrderReference").</documentation>
      <wsdl:input message="tns:submitOrderSoapIn" />
      <wsdl:output message="tns:submitOrderSoapOut" />
    </wsdl:operation>
    <wsdl:operation name="placeOrder">
      <documentation xmlns="http://schemas.xmlsoap.org/wsdl/">This method has been replaced by "submitOrder" and is provided only for backward compatibility with existing clients.</documentation>
      <wsdl:input message="tns:placeOrderSoapIn" />
      <wsdl:output message="tns:placeOrderSoapOut" />
    </wsdl:operation>
    <wsdl:operation name="getCompanyDetails">
      <documentation xmlns="http://schemas.xmlsoap.org/wsdl/">After a company has been found using SearchByIdentifier or SearchByNameAndAddress, GetCompanyDetails can be used to get more information about the company before placing an order for it. The InternalID parameter (previously returned in the search results) uniquely identifies the company.</documentation>
      <wsdl:input message="tns:getCompanyDetailsSoapIn" />
      <wsdl:output message="tns:getCompanyDetailsSoapOut" />
    </wsdl:operation>
    <wsdl:operation name="searchByNameAndAddress">
      <documentation xmlns="http://schemas.xmlsoap.org/wsdl/">Searches for a company by name and address.</documentation>
      <wsdl:input message="tns:searchByNameAndAddressSoapIn" />
      <wsdl:output message="tns:searchByNameAndAddressSoapOut" />
    </wsdl:operation>
    <wsdl:operation name="getAvailableCompanyIdentifiers">
      <documentation xmlns="http://schemas.xmlsoap.org/wsdl/">Query a list of the types of identifiers that, in addition to the unique "InternalID", can be used to help locate a company. (See also "searchByIdentifier"). Examples of what might be included in this list of identifier types are: VAT number, national registration code, tax number etc.</documentation>
      <wsdl:input message="tns:getAvailableCompanyIdentifiersSoapIn" />
      <wsdl:output message="tns:getAvailableCompanyIdentifiersSoapOut" />
    </wsdl:operation>
    <wsdl:operation name="getAvailableCountries">
      <documentation xmlns="http://schemas.xmlsoap.org/wsdl/">Query a list of the countries for which business reports are available. Included in the response message is one or more "CountryAndProvider" nodes which match an ISO country code to a specific provider whose reports are used for that country.</documentation>
      <wsdl:input message="tns:getAvailableCountriesSoapIn" />
      <wsdl:output message="tns:getAvailableCountriesSoapOut" />
    </wsdl:operation>
    <wsdl:operation name="searchByIdentifier">
      <documentation xmlns="http://schemas.xmlsoap.org/wsdl/">Search for a company based on an identifying number/code for the company (see also "GetAvailableCompanyIdentifiers").</documentation>
      <wsdl:input message="tns:searchByIdentifierSoapIn" />
      <wsdl:output message="tns:searchByIdentifierSoapOut" />
    </wsdl:operation>
    <wsdl:operation name="ping">
      <documentation xmlns="http://schemas.xmlsoap.org/wsdl/">Confirm that the web service is alive.</documentation>
      <wsdl:input message="tns:pingSoapIn" />
      <wsdl:output message="tns:pingSoapOut" />
    </wsdl:operation>
    <wsdl:operation name="getAllMonitoringOrders">
      <documentation xmlns="http://schemas.xmlsoap.org/wsdl/">Returns a list of all monitoring orders based on the given filter criterias.</documentation>
      <wsdl:input message="tns:getAllMonitoringOrdersSoapIn" />
      <wsdl:output message="tns:getAllMonitoringOrdersSoapOut" />
    </wsdl:operation>
    <wsdl:operation name="searchOrders">
      <documentation xmlns="http://schemas.xmlsoap.org/wsdl/">Search for orders. Included in the response (SearchOrders_Response) is an array of SearchOrderResult elements.</documentation>
      <wsdl:input message="tns:searchOrdersSoapIn" />
      <wsdl:output message="tns:searchOrdersSoapOut" />
    </wsdl:operation>
  </wsdl:portType>
  <wsdl:binding name="IconTestSoap" type="tns:IconTestSoap">
    <soap:binding transport="http://schemas.xmlsoap.org/soap/http" style="document" />
    <wsdl:operation name="getDemoCompanies">
      <soap:operation soapAction="http://www.iconx.biz/webservices/getDemoCompanies" style="document" />
      <wsdl:input>
        <soap:body use="literal" />
        <soap:header message="tns:getDemoCompaniesAuthHeader" part="AuthHeader" use="literal" />
      </wsdl:input>
      <wsdl:output>
        <soap:body use="literal" />
      </wsdl:output>
    </wsdl:operation>
    <wsdl:operation name="submitMonitoringOrder">
      <soap:operation soapAction="http://www.iconx.biz/webservices/submitMonitoringOrder" style="document" />
      <wsdl:input>
        <soap:body use="literal" />
        <soap:header message="tns:submitMonitoringOrderAuthHeader" part="AuthHeader" use="literal" />
      </wsdl:input>
      <wsdl:output>
        <soap:body use="literal" />
      </wsdl:output>
    </wsdl:operation>
    <wsdl:operation name="getActiveMonitoringOrders">
      <soap:operation soapAction="http://www.iconx.biz/webservices/getActiveMonitoringOrders" style="document" />
      <wsdl:input>
        <soap:body use="literal" />
        <soap:header message="tns:getActiveMonitoringOrdersAuthHeader" part="AuthHeader" use="literal" />
      </wsdl:input>
      <wsdl:output>
        <soap:body use="literal" />
      </wsdl:output>
    </wsdl:operation>
    <wsdl:operation name="cancelStopMonitoring">
      <soap:operation soapAction="http://www.iconx.biz/webservices/cancelStopMonitoring" style="document" />
      <wsdl:input>
        <soap:body use="literal" />
        <soap:header message="tns:cancelStopMonitoringAuthHeader" part="AuthHeader" use="literal" />
      </wsdl:input>
      <wsdl:output>
        <soap:body use="literal" />
      </wsdl:output>
    </wsdl:operation>
    <wsdl:operation name="stopMonitoring">
      <soap:operation soapAction="http://www.iconx.biz/webservices/stopMonitoring" style="document" />
      <wsdl:input>
        <soap:body use="literal" />
        <soap:header message="tns:stopMonitoringAuthHeader" part="AuthHeader" use="literal" />
      </wsdl:input>
      <wsdl:output>
        <soap:body use="literal" />
      </wsdl:output>
    </wsdl:operation>
    <wsdl:operation name="getAllMonitoringNotifications">
      <soap:operation soapAction="http://www.iconx.biz/webservices/getAllMonitoringNotifications" style="document" />
      <wsdl:input>
        <soap:body use="literal" />
        <soap:header message="tns:getAllMonitoringNotificationsAuthHeader" part="AuthHeader" use="literal" />
      </wsdl:input>
      <wsdl:output>
        <soap:body use="literal" />
      </wsdl:output>
    </wsdl:operation>
    <wsdl:operation name="getAllCompletedOrders">
      <soap:operation soapAction="http://www.iconx.biz/webservices/getAllCompletedOrders" style="document" />
      <wsdl:input>
        <soap:body use="literal" />
        <soap:header message="tns:getAllCompletedOrdersAuthHeader" part="AuthHeader" use="literal" />
      </wsdl:input>
      <wsdl:output>
        <soap:body use="literal" />
      </wsdl:output>
    </wsdl:operation>
    <wsdl:operation name="getCompanyReport">
      <soap:operation soapAction="http://www.iconx.biz/webservices/getCompanyReport" style="document" />
      <wsdl:input>
        <soap:body use="literal" />
        <soap:header message="tns:getCompanyReportAuthHeader" part="AuthHeader" use="literal" />
      </wsdl:input>
      <wsdl:output>
        <soap:body use="literal" />
      </wsdl:output>
    </wsdl:operation>
    <wsdl:operation name="getOrderStatus">
      <soap:operation soapAction="http://www.iconx.biz/webservices/getOrderStatus" style="document" />
      <wsdl:input>
        <soap:body use="literal" />
        <soap:header message="tns:getOrderStatusAuthHeader" part="AuthHeader" use="literal" />
      </wsdl:input>
      <wsdl:output>
        <soap:body use="literal" />
      </wsdl:output>
    </wsdl:operation>
    <wsdl:operation name="getAllOrderComments">
      <soap:operation soapAction="http://www.iconx.biz/webservices/getAllOrderComments" style="document" />
      <wsdl:input>
        <soap:body use="literal" />
        <soap:header message="tns:getAllOrderCommentsAuthHeader" part="AuthHeader" use="literal" />
      </wsdl:input>
      <wsdl:output>
        <soap:body use="literal" />
      </wsdl:output>
    </wsdl:operation>
    <wsdl:operation name="submitOrderComment">
      <soap:operation soapAction="http://www.iconx.biz/webservices/submitOrderComment" style="document" />
      <wsdl:input>
        <soap:body use="literal" />
        <soap:header message="tns:submitOrderCommentAuthHeader" part="AuthHeader" use="literal" />
      </wsdl:input>
      <wsdl:output>
        <soap:body use="literal" />
      </wsdl:output>
    </wsdl:operation>
    <wsdl:operation name="submitOrder">
      <soap:operation soapAction="http://www.iconx.biz/webservices/submitOrder" style="document" />
      <wsdl:input>
        <soap:body use="literal" />
        <soap:header message="tns:submitOrderAuthHeader" part="AuthHeader" use="literal" />
      </wsdl:input>
      <wsdl:output>
        <soap:body use="literal" />
      </wsdl:output>
    </wsdl:operation>
    <wsdl:operation name="placeOrder">
      <soap:operation soapAction="http://www.iconx.biz/webservices/placeOrder" style="document" />
      <wsdl:input>
        <soap:body use="literal" />
        <soap:header message="tns:placeOrderAuthHeader" part="AuthHeader" use="literal" />
      </wsdl:input>
      <wsdl:output>
        <soap:body use="literal" />
      </wsdl:output>
    </wsdl:operation>
    <wsdl:operation name="getCompanyDetails">
      <soap:operation soapAction="http://www.iconx.biz/webservices/getCompanyDetails" style="document" />
      <wsdl:input>
        <soap:body use="literal" />
        <soap:header message="tns:getCompanyDetailsAuthHeader" part="AuthHeader" use="literal" />
      </wsdl:input>
      <wsdl:output>
        <soap:body use="literal" />
      </wsdl:output>
    </wsdl:operation>
    <wsdl:operation name="searchByNameAndAddress">
      <soap:operation soapAction="http://www.iconx.biz/webservices/searchByNameAndAddress" style="document" />
      <wsdl:input>
        <soap:body use="literal" />
        <soap:header message="tns:searchByNameAndAddressAuthHeader" part="AuthHeader" use="literal" />
      </wsdl:input>
      <wsdl:output>
        <soap:body use="literal" />
      </wsdl:output>
    </wsdl:operation>
    <wsdl:operation name="getAvailableCompanyIdentifiers">
      <soap:operation soapAction="http://www.iconx.biz/webservices/getAvailableCompanyIdentifiers" style="document" />
      <wsdl:input>
        <soap:body use="literal" />
        <soap:header message="tns:getAvailableCompanyIdentifiersAuthHeader" part="AuthHeader" use="literal" />
      </wsdl:input>
      <wsdl:output>
        <soap:body use="literal" />
      </wsdl:output>
    </wsdl:operation>
    <wsdl:operation name="getAvailableCountries">
      <soap:operation soapAction="http://www.iconx.biz/webservices/getAvailableCountries" style="document" />
      <wsdl:input>
        <soap:body use="literal" />
        <soap:header message="tns:getAvailableCountriesAuthHeader" part="AuthHeader" use="literal" />
      </wsdl:input>
      <wsdl:output>
        <soap:body use="literal" />
      </wsdl:output>
    </wsdl:operation>
    <wsdl:operation name="searchByIdentifier">
      <soap:operation soapAction="http://www.iconx.biz/webservices/searchByIdentifier" style="document" />
      <wsdl:input>
        <soap:body use="literal" />
        <soap:header message="tns:searchByIdentifierAuthHeader" part="AuthHeader" use="literal" />
      </wsdl:input>
      <wsdl:output>
        <soap:body use="literal" />
      </wsdl:output>
    </wsdl:operation>
    <wsdl:operation name="ping">
      <soap:operation soapAction="http://www.iconx.biz/webservices/ping" style="document" />
      <wsdl:input>
        <soap:body use="literal" />
        <soap:header message="tns:pingAuthHeader" part="AuthHeader" use="literal" />
      </wsdl:input>
      <wsdl:output>
        <soap:body use="literal" />
      </wsdl:output>
    </wsdl:operation>
    <wsdl:operation name="getAllMonitoringOrders">
      <soap:operation soapAction="http://www.iconx.biz/webservices/getAllMonitoringOrders" style="document" />
      <wsdl:input>
        <soap:body use="literal" />
        <soap:header message="tns:getAllMonitoringOrdersAuthHeader" part="AuthHeader" use="literal" />
      </wsdl:input>
      <wsdl:output>
        <soap:body use="literal" />
      </wsdl:output>
    </wsdl:operation>
    <wsdl:operation name="searchOrders">
      <soap:operation soapAction="http://www.iconx.biz/webservices/searchOrders" style="document" />
      <wsdl:input>
        <soap:body use="literal" />
        <soap:header message="tns:searchOrdersAuthHeader" part="AuthHeader" use="literal" />
      </wsdl:input>
      <wsdl:output>
        <soap:body use="literal" />
      </wsdl:output>
    </wsdl:operation>
  </wsdl:binding>
  <wsdl:service name="IconTest">
    <documentation xmlns="http://schemas.xmlsoap.org/wsdl/">ICON Web Services provide B2B services for purchasing and selling business credit reports.  To sell reports, you will need to implement this web service, to purchase credit reports you need to use the web service of a seller.</documentation>
    <wsdl:port name="IconTestSoap" binding="tns:IconTestSoap">
      <soap:address location="http://iconx.biz/IconWebServices/icontest.asmx" />
    </wsdl:port>
  </wsdl:service>
</wsdl:definitions>
