<?xml version="1.0" encoding="UTF-8"?>

<!--
This is the seekda cache of the WSDL definition available at https://208.57.4.35:8443/axis/services/Reseller?wsdl.
seekdas cache is a snapshot that we took as we crawled the Web.
The service may have changed since the last crawl.
seekda is neither affiliated with the authors of this service nor responsible for its advertised functionality.

-->

<wsdl:definitions targetNamespace="urn:Wholesale" xmlns:apachesoap="http://xml.apache.org/xml-soap" xmlns:impl="urn:Wholesale" xmlns:intf="urn:Wholesale" xmlns:soapenc="http://schemas.xmlsoap.org/soap/encoding/" xmlns:wsdl="http://schemas.xmlsoap.org/wsdl/" xmlns:wsdlsoap="http://schemas.xmlsoap.org/wsdl/soap/" xmlns:xsd="http://www.w3.org/2001/XMLSchema">
<!--WSDL created by Apache Axis version: 1.4
Built on Dec 07, 2005 (08:12:29 GMT+00:00)-->
 <wsdl:types>
  <schema targetNamespace="urn:Wholesale" xmlns="http://www.w3.org/2001/XMLSchema">
   <import namespace="http://schemas.xmlsoap.org/soap/encoding/"/>
   <complexType name="businessPartnerType">
    <sequence>
     <element name="id" type="xsd:string"/>
     <element name="key" type="xsd:string"/>
    </sequence>
   </complexType>
   <complexType name="residentialNameType">
    <sequence>
     <element name="lastName" type="xsd:string"/>
     <element name="firstName" type="xsd:string"/>
     <element maxOccurs="1" minOccurs="0" name="middleInitial" type="xsd:string"/>
     <element maxOccurs="1" minOccurs="0" name="lifeLine" type="xsd:boolean"/>
    </sequence>
   </complexType>
   <complexType name="businessNameType">
    <sequence>
     <element name="name1" type="xsd:string"/>
     <element maxOccurs="1" minOccurs="0" name="name2" type="xsd:string"/>
    </sequence>
   </complexType>
   <complexType name="payphoneNameType">
    <sequence>
     <element name="name1" type="xsd:string"/>
     <element maxOccurs="1" minOccurs="0" name="name2" type="xsd:string"/>
    </sequence>
   </complexType>
   <complexType name="floorType">
    <simpleContent>
     <extension/>
    </simpleContent>
   </complexType>
   <complexType name="customerNameType">
    <sequence>
     <element maxOccurs="1" minOccurs="0" name="residentialCustomerName" type="impl:residentialNameType"/>
     <element maxOccurs="1" minOccurs="0" name="businessCustomerName" type="impl:businessNameType"/>
     <element maxOccurs="1" minOccurs="0" name="payphoneCustomerName" type="impl:payphoneNameType"/>
     <element name="nameForCustomer" nillable="true" type="impl:floorType"/>
    </sequence>
   </complexType>
   <complexType name="CentrexAtLocationType">
    <sequence>
     <element name="prefixDial" type="xsd:string"/>
     <element name="fourDigitDialing" type="xsd:boolean"/>
    </sequence>
   </complexType>
   <complexType name="serviceAddressType">
    <sequence>
     <element name="clliCode" type="xsd:string"/>
     <element name="customerName" type="impl:customerNameType"/>
     <element maxOccurs="1" minOccurs="0" name="addressLine1" type="xsd:string"/>
     <element maxOccurs="1" minOccurs="0" name="addressLine2" type="xsd:string"/>
     <element name="houseNumber" type="xsd:string"/>
     <element name="houseSuffix" type="xsd:string"/>
     <element name="directionPrefix" type="xsd:string"/>
     <element name="street" type="xsd:string"/>
     <element name="streetSuffix" type="xsd:string"/>
     <element name="postDirectional" type="xsd:string"/>
     <element name="zip" type="xsd:string"/>
     <element name="city" type="xsd:string"/>
     <element name="state" type="xsd:string"/>
     <element name="building" type="xsd:string"/>
     <element name="floor" type="xsd:string"/>
     <element name="unit" type="xsd:string"/>
     <element maxOccurs="1" minOccurs="0" name="centrexAtLocation" type="impl:CentrexAtLocationType"/>
     <element maxOccurs="1" minOccurs="0" name="locationDetail" type="xsd:string"/>
     <element name="address" nillable="true" type="impl:floorType"/>
    </sequence>
   </complexType>
   <complexType name="newDirectoryType">
    <sequence>
     <element name="listing" type="xsd:string"/>
     <element maxOccurs="1" minOccurs="0" name="convertAsIs" type="xsd:boolean"/>
     <element maxOccurs="1" minOccurs="0" name="yellowPageClassHeading" type="xsd:string"/>
     <element maxOccurs="1" minOccurs="0" name="yellowPageAdditional" type="xsd:string"/>
     <element maxOccurs="1" minOccurs="0" name="omitAddress" type="xsd:boolean"/>
    </sequence>
   </complexType>
   <complexType name="callerIdType">
    <sequence/>
   </complexType>
   <complexType name="callWaitingType">
    <sequence/>
   </complexType>
   <complexType name="callWaitingCallerIdType">
    <sequence/>
   </complexType>
   <complexType name="repeatDialingType">
    <sequence/>
   </complexType>
   <complexType name="returnCallType">
    <sequence/>
   </complexType>
   <complexType name="anonymousCallRejectionType">
    <sequence/>
   </complexType>
   <complexType name="selectiveCallRejectionType">
    <sequence/>
   </complexType>
   <complexType name="callForwardingType">
    <sequence/>
   </complexType>
   <complexType name="callForwardNoAnswerType">
    <sequence>
     <element name="numberOfRings" type="xsd:byte"/>
     <element name="telno" type="xsd:string"/>
    </sequence>
   </complexType>
   <complexType name="callForwardBusyType">
    <sequence>
     <element name="telno" type="xsd:string"/>
    </sequence>
   </complexType>
   <complexType name="callForwardGroupNoAnswerType">
    <sequence>
     <element name="numberOfRings" type="xsd:byte"/>
     <element name="telno" type="xsd:string"/>
    </sequence>
   </complexType>
   <complexType name="callForwardGroupBusyType">
    <sequence>
     <element name="telno" type="xsd:string"/>
    </sequence>
   </complexType>
   <complexType name="callForwardingRemoteAccessType">
    <sequence/>
   </complexType>
   <complexType name="callTransferType">
    <sequence/>
   </complexType>
   <complexType name="threeWayCallingType">
    <sequence/>
   </complexType>
   <complexType name="speedCall8Type">
    <sequence/>
   </complexType>
   <complexType name="tollRestrictionType">
    <sequence/>
   </complexType>
   <complexType name="tollRestrictionPlus800Type">
    <sequence/>
   </complexType>
   <complexType name="internationalBlockType">
    <sequence/>
   </complexType>
   <complexType name="payCallBlock900And976Type">
    <sequence/>
   </complexType>
   <complexType name="thirdPartyBlockType">
    <sequence/>
   </complexType>
   <complexType name="directoryAssistanceBlockType">
    <sequence/>
   </complexType>
   <complexType name="collectCallBlockType">
    <sequence/>
   </complexType>
   <complexType name="denyIncomingCallsType">
    <sequence/>
   </complexType>
   <complexType name="callerIdBlockType">
    <sequence/>
   </complexType>
   <complexType name="ringDownCapabilityType">
    <sequence>
     <element name="telno" type="xsd:string"/>
    </sequence>
   </complexType>
   <complexType name="circularHuntType">
    <sequence>
     <element name="whichMemberInHunt" type="xsd:byte"/>
    </sequence>
   </complexType>
   <complexType name="huntingType">
    <sequence>
     <element name="whichMemberInHunt" type="xsd:byte"/>
    </sequence>
   </complexType>
   <complexType name="voiceMailType">
    <sequence/>
   </complexType>
   <complexType name="remoteCallForwardingType">
    <sequence>
     <element name="telno" type="xsd:string"/>
    </sequence>
   </complexType>
   <complexType name="remoteCallForwardingAdditionalPathsType">
    <sequence>
     <element name="numberOfPaths" type="xsd:byte"/>
    </sequence>
   </complexType>
   <complexType name="centrexLineType">
    <sequence/>
   </complexType>
   <complexType name="additionalListingType">
    <sequence>
     <element name="directory" type="impl:newDirectoryType"/>
    </sequence>
   </complexType>
   <complexType name="featureType">
    <sequence>
     <element maxOccurs="1" minOccurs="0" name="callerId" type="impl:callerIdType"/>
     <element maxOccurs="1" minOccurs="0" name="callWaiting" type="impl:callWaitingType"/>
     <element maxOccurs="1" minOccurs="0" name="callWaitingCallerId" type="impl:callWaitingCallerIdType"/>
     <element maxOccurs="1" minOccurs="0" name="repeatDialing" type="impl:repeatDialingType"/>
     <element maxOccurs="1" minOccurs="0" name="returnCall" type="impl:returnCallType"/>
     <element maxOccurs="1" minOccurs="0" name="anonymousCallRejection" type="impl:anonymousCallRejectionType"/>
     <element maxOccurs="1" minOccurs="0" name="selectiveCallRejection" type="impl:selectiveCallRejectionType"/>
     <element maxOccurs="1" minOccurs="0" name="callForwarding" type="impl:callForwardingType"/>
     <element maxOccurs="1" minOccurs="0" name="callForwardNoAnswer" type="impl:callForwardNoAnswerType"/>
     <element maxOccurs="1" minOccurs="0" name="callForwardBusy" type="impl:callForwardBusyType"/>
     <element maxOccurs="1" minOccurs="0" name="callForwardGroupNoAnswer" type="impl:callForwardGroupNoAnswerType"/>
     <element maxOccurs="1" minOccurs="0" name="callForwardGroupBusy" type="impl:callForwardGroupBusyType"/>
     <element maxOccurs="1" minOccurs="0" name="callForwardingRemoteAccess" type="impl:callForwardingRemoteAccessType"/>
     <element maxOccurs="1" minOccurs="0" name="callTransfer" type="impl:callTransferType"/>
     <element maxOccurs="1" minOccurs="0" name="threeWayCalling" type="impl:threeWayCallingType"/>
     <element maxOccurs="1" minOccurs="0" name="speedCall8" type="impl:speedCall8Type"/>
     <element maxOccurs="1" minOccurs="0" name="tollRestriction" type="impl:tollRestrictionType"/>
     <element maxOccurs="1" minOccurs="0" name="tollRestrictionPlus800" type="impl:tollRestrictionPlus800Type"/>
     <element maxOccurs="1" minOccurs="0" name="internationalBlock" type="impl:internationalBlockType"/>
     <element maxOccurs="1" minOccurs="0" name="payCallBlock900And976" type="impl:payCallBlock900And976Type"/>
     <element maxOccurs="1" minOccurs="0" name="thirdPartyBlock" type="impl:thirdPartyBlockType"/>
     <element maxOccurs="1" minOccurs="0" name="directoryAssistanceBlock" type="impl:directoryAssistanceBlockType"/>
     <element maxOccurs="1" minOccurs="0" name="collectCallBlock" type="impl:collectCallBlockType"/>
     <element maxOccurs="1" minOccurs="0" name="denyIncomingCalls" type="impl:denyIncomingCallsType"/>
     <element maxOccurs="1" minOccurs="0" name="callerIdBlock" type="impl:callerIdBlockType"/>
     <element maxOccurs="1" minOccurs="0" name="ringDownCapability" type="impl:ringDownCapabilityType"/>
     <element maxOccurs="1" minOccurs="0" name="circularHunt" type="impl:circularHuntType"/>
     <element maxOccurs="1" minOccurs="0" name="hunting" type="impl:huntingType"/>
     <element maxOccurs="1" minOccurs="0" name="voiceMail" type="impl:voiceMailType"/>
     <element maxOccurs="1" minOccurs="0" name="remoteCallForwarding" type="impl:remoteCallForwardingType"/>
     <element maxOccurs="1" minOccurs="0" name="remoteCallForwardingAdditionalPaths" type="impl:remoteCallForwardingAdditionalPathsType"/>
     <element maxOccurs="1" minOccurs="0" name="centrexLine" type="impl:centrexLineType"/>
     <element maxOccurs="1" minOccurs="0" name="additionalListing" type="impl:additionalListingType"/>
    </sequence>
   </complexType>
   <complexType name="newLineType">
    <sequence>
     <element name="whichLine" type="xsd:int"/>
     <element name="telno" type="xsd:string"/>
     <element maxOccurs="1" minOccurs="0" name="portFrom" type="xsd:string"/>
     <element maxOccurs="1" minOccurs="0" name="intraLataCarrier" type="xsd:string"/>
     <element name="intraLataFreeze" type="xsd:boolean"/>
     <element maxOccurs="1" minOccurs="0" name="oldIntraLataCarrier" type="xsd:string"/>
     <element name="interLataCarrier" type="xsd:string"/>
     <element name="interLataFreeze" type="xsd:boolean"/>
     <element maxOccurs="1" minOccurs="0" name="oldInterLataCarrier" type="xsd:string"/>
     <element name="directory" type="impl:newDirectoryType"/>
     <element maxOccurs="1" minOccurs="0" name="bindingPost" type="xsd:string"/>
     <element maxOccurs="unbounded" minOccurs="0" name="feature" type="impl:featureType"/>
    </sequence>
   </complexType>
   <complexType name="newCustomerType">
    <sequence>
     <element name="businessPartner" type="impl:businessPartnerType"/>
     <element name="serviceAddress" type="impl:serviceAddressType"/>
     <element maxOccurs="1" minOccurs="0" name="requestDate" type="xsd:date"/>
     <element maxOccurs="1" minOccurs="0" name="frameDueTime" type="xsd:time"/>
     <element maxOccurs="1" minOccurs="0" name="customerPON" type="xsd:string"/>
     <element maxOccurs="1" minOccurs="0" name="orderRemarks" type="xsd:string"/>
     <element name="ilec" type="xsd:string"/>
     <element name="has800Service" type="xsd:boolean"/>
     <element maxOccurs="unbounded" name="lines" type="impl:newLineType"/>
     <element name="firstTelno" nillable="true" type="impl:floorType"/>
    </sequence>
   </complexType>
   <complexType name="newCustomerResponseType">
    <sequence>
     <element maxOccurs="1" minOccurs="0" name="transactionId" type="xsd:long"/>
     <element maxOccurs="1" minOccurs="0" name="error" type="xsd:string"/>
    </sequence>
   </complexType>
   <complexType name="orderStatusRequestType">
    <sequence>
     <element name="businessPartner" type="impl:businessPartnerType"/>
     <element name="transactionId" type="xsd:long"/>
    </sequence>
   </complexType>
   <complexType name="orderStatusResponseType">
    <sequence>
     <element maxOccurs="1" minOccurs="0" name="status" type="xsd:string"/>
     <element maxOccurs="1" minOccurs="0" name="error" type="xsd:string"/>
    </sequence>
   </complexType>
   <complexType name="orderStatusDetailType">
    <sequence>
     <element maxOccurs="1" minOccurs="0" name="status" type="xsd:string"/>
     <element maxOccurs="1" minOccurs="0" name="rocDate" type="xsd:date"/>
     <element maxOccurs="1" minOccurs="0" name="focDate" type="xsd:dateTime"/>
     <element maxOccurs="1" minOccurs="0" name="socDate" type="xsd:date"/>
     <element maxOccurs="1" minOccurs="0" name="postToBillDate" type="xsd:date"/>
    </sequence>
   </complexType>
   <complexType name="orderStatusDetailResponseType">
    <sequence>
     <element maxOccurs="1" minOccurs="0" name="error" type="xsd:string"/>
     <element maxOccurs="1" minOccurs="0" name="detail" type="impl:orderStatusDetailType"/>
    </sequence>
   </complexType>
   <complexType name="orderStatusByDateRequestType">
    <sequence>
     <element name="businessPartner" type="impl:businessPartnerType"/>
     <element name="date" type="xsd:date"/>
    </sequence>
   </complexType>
   <complexType name="orderStatusByDateResponseDetailType">
    <sequence>
     <element name="transactionId" type="xsd:long"/>
     <element name="created" type="xsd:dateTime"/>
     <element name="status" type="xsd:string"/>
    </sequence>
   </complexType>
   <complexType name="orderStatusByDateResponseType">
    <complexContent>
     <restriction base="soapenc:Array">
      <attribute ref="soapenc:arrayType" wsdl:arrayType="impl:orderStatusByDateResponseDetailType[]"/>
     </restriction>
    </complexContent>
   </complexType>
   <complexType name="focDateQueryByRangeRequestType">
    <sequence>
     <element name="businessPartner" type="impl:businessPartnerType"/>
     <element name="start" type="xsd:dateTime"/>
     <element name="end" type="xsd:dateTime"/>
    </sequence>
   </complexType>
   <complexType name="orderStatusChangeByRangeResponseDetailType">
    <sequence>
     <element name="transactionId" type="xsd:long"/>
     <element name="created" type="xsd:dateTime"/>
     <element name="lastChange" type="xsd:dateTime"/>
     <element name="status" type="xsd:string"/>
     <element maxOccurs="1" minOccurs="0" name="rocDate" type="xsd:date"/>
     <element maxOccurs="1" minOccurs="0" name="focDate" type="xsd:dateTime"/>
     <element maxOccurs="1" minOccurs="0" name="socDate" type="xsd:date"/>
     <element maxOccurs="1" minOccurs="0" name="postToBillDate" type="xsd:date"/>
    </sequence>
   </complexType>
   <complexType name="focDateQueryByRangeResponseType">
    <complexContent>
     <restriction base="soapenc:Array">
      <attribute ref="soapenc:arrayType" wsdl:arrayType="impl:orderStatusChangeByRangeResponseDetailType[]"/>
     </restriction>
    </complexContent>
   </complexType>
   <complexType name="orderStatusChangeByRangeRequestType">
    <sequence>
     <element name="businessPartner" type="impl:businessPartnerType"/>
     <element name="start" type="xsd:dateTime"/>
     <element name="end" type="xsd:dateTime"/>
    </sequence>
   </complexType>
   <complexType name="orderStatusChangeByRangeResponseType">
    <complexContent>
     <restriction base="soapenc:Array">
      <attribute ref="soapenc:arrayType" wsdl:arrayType="impl:orderStatusChangeByRangeResponseDetailType[]"/>
     </restriction>
    </complexContent>
   </complexType>
   <complexType name="orderTelnoQueryRequestType">
    <sequence>
     <element name="businessPartner" type="impl:businessPartnerType"/>
     <element name="transactionId" type="xsd:long"/>
    </sequence>
   </complexType>
   <complexType name="orderTelnoQueryResponseSubDetailType">
    <sequence>
     <element name="whichLine" type="xsd:int"/>
     <element name="telno" type="xsd:string"/>
    </sequence>
   </complexType>
   <complexType name="orderTelnoQueryResponseDetailType">
    <complexContent>
     <restriction base="soapenc:Array">
      <attribute ref="soapenc:arrayType" wsdl:arrayType="impl:orderTelnoQueryResponseSubDetailType[]"/>
     </restriction>
    </complexContent>
   </complexType>
   <complexType name="orderTelnoQueryResponseType">
    <sequence>
     <element maxOccurs="1" minOccurs="0" name="telnoInfo" type="impl:orderTelnoQueryResponseDetailType"/>
     <element maxOccurs="1" minOccurs="0" name="error" type="xsd:string"/>
    </sequence>
   </complexType>
   <complexType name="bindingPostQueryRequestType">
    <sequence>
     <element name="businessPartner" type="impl:businessPartnerType"/>
     <element name="transactionId" type="xsd:long"/>
    </sequence>
   </complexType>
   <complexType name="bindingPostQueryResponseSubDetailType">
    <sequence>
     <element name="whichLine" type="xsd:int"/>
     <element name="telno" type="xsd:string"/>
     <element name="bindingPost" type="xsd:string"/>
    </sequence>
   </complexType>
   <complexType name="bindingPostQueryResponseDetailType">
    <complexContent>
     <restriction base="soapenc:Array">
      <attribute ref="soapenc:arrayType" wsdl:arrayType="impl:bindingPostQueryResponseSubDetailType[]"/>
     </restriction>
    </complexContent>
   </complexType>
   <complexType name="bindingPostQueryResponseType">
    <sequence>
     <element maxOccurs="1" minOccurs="0" name="telnoInfo" type="impl:bindingPostQueryResponseDetailType"/>
     <element maxOccurs="1" minOccurs="0" name="error" type="xsd:string"/>
    </sequence>
   </complexType>
   <complexType name="orderCancelRequestType">
    <sequence>
     <element name="businessPartner" type="impl:businessPartnerType"/>
     <element name="transactionId" type="xsd:long"/>
    </sequence>
   </complexType>
   <complexType name="orderCancelResponseType">
    <sequence>
     <element maxOccurs="1" minOccurs="0" name="success" type="xsd:boolean"/>
     <element maxOccurs="1" minOccurs="0" name="error" type="xsd:string"/>
    </sequence>
   </complexType>
   <complexType name="orderCancelByResellerPONRequestType">
    <sequence>
     <element name="businessPartner" type="impl:businessPartnerType"/>
     <element name="resellerPON" type="xsd:string"/>
    </sequence>
   </complexType>
   <complexType name="orderCancelByResellerPONResponseDetailType">
    <sequence>
     <element name="transactionId" type="xsd:long"/>
     <element name="success" type="xsd:boolean"/>
     <element name="error" type="xsd:string"/>
    </sequence>
   </complexType>
   <complexType name="orderCancelByResellerPONResponseType">
    <complexContent>
     <restriction base="soapenc:Array">
      <attribute ref="soapenc:arrayType" wsdl:arrayType="impl:orderCancelByResellerPONResponseDetailType[]"/>
     </restriction>
    </complexContent>
   </complexType>
   <complexType name="telnoType">
    <simpleContent>
     <extension/>
    </simpleContent>
   </complexType>
   <complexType name="temporaryDisconnectType">
    <sequence>
     <element name="businessPartner" type="impl:businessPartnerType"/>
     <element maxOccurs="unbounded" name="telnoToDisconnect" type="impl:telnoType"/>
     <element maxOccurs="1" minOccurs="0" name="requestDate" type="xsd:date"/>
     <element maxOccurs="1" minOccurs="0" name="frameDueTime" type="xsd:time"/>
     <element maxOccurs="1" minOccurs="0" name="customerPON" type="xsd:string"/>
     <element maxOccurs="1" minOccurs="0" name="orderRemarks" type="xsd:string"/>
     <element name="firstTelno" nillable="true" type="impl:floorType"/>
    </sequence>
   </complexType>
   <complexType name="transactionResponseType">
    <sequence>
     <element maxOccurs="1" minOccurs="0" name="transactionId" type="xsd:long"/>
     <element maxOccurs="1" minOccurs="0" name="error" type="xsd:string"/>
    </sequence>
   </complexType>
   <complexType name="reconnectAfterTemporaryDisconnectType">
    <sequence>
     <element name="businessPartner" type="impl:businessPartnerType"/>
     <element maxOccurs="unbounded" name="telnoToReconnect" type="impl:telnoType"/>
     <element maxOccurs="1" minOccurs="0" name="requestDate" type="xsd:date"/>
     <element maxOccurs="1" minOccurs="0" name="frameDueTime" type="xsd:time"/>
     <element maxOccurs="1" minOccurs="0" name="customerPON" type="xsd:string"/>
     <element maxOccurs="1" minOccurs="0" name="orderRemarks" type="xsd:string"/>
     <element name="firstTelno" nillable="true" type="impl:floorType"/>
    </sequence>
   </complexType>
   <complexType name="tollRestrictType">
    <sequence>
     <element name="businessPartner" type="impl:businessPartnerType"/>
     <element maxOccurs="unbounded" name="telnoToDisconnect" type="impl:telnoType"/>
     <element maxOccurs="1" minOccurs="0" name="requestDate" type="xsd:date"/>
     <element maxOccurs="1" minOccurs="0" name="frameDueTime" type="xsd:time"/>
     <element maxOccurs="1" minOccurs="0" name="customerPON" type="xsd:string"/>
     <element maxOccurs="1" minOccurs="0" name="orderRemarks" type="xsd:string"/>
     <element name="firstTelno" nillable="true" type="impl:floorType"/>
    </sequence>
   </complexType>
   <complexType name="tollRestoreType">
    <sequence>
     <element name="businessPartner" type="impl:businessPartnerType"/>
     <element maxOccurs="unbounded" name="telnoToReconnect" type="impl:telnoType"/>
     <element maxOccurs="1" minOccurs="0" name="requestDate" type="xsd:date"/>
     <element maxOccurs="1" minOccurs="0" name="frameDueTime" type="xsd:time"/>
     <element maxOccurs="1" minOccurs="0" name="customerPON" type="xsd:string"/>
     <element maxOccurs="1" minOccurs="0" name="orderRemarks" type="xsd:string"/>
     <element name="firstTelno" nillable="true" type="impl:floorType"/>
    </sequence>
   </complexType>
   <complexType name="addLineToExistingCustomerType">
    <sequence>
     <element name="businessPartner" type="impl:businessPartnerType"/>
     <element name="existingTelnoAtLocation" type="xsd:string"/>
     <element maxOccurs="unbounded" name="lineToAdd" type="impl:newLineType"/>
     <element maxOccurs="1" minOccurs="0" name="requestDate" type="xsd:date"/>
     <element maxOccurs="1" minOccurs="0" name="frameDueTime" type="xsd:time"/>
     <element maxOccurs="1" minOccurs="0" name="customerPON" type="xsd:string"/>
     <element maxOccurs="1" minOccurs="0" name="orderRemarks" type="xsd:string"/>
     <element name="firstTelno" nillable="true" type="impl:floorType"/>
     <element name="nameForCustomer" nillable="true" type="impl:floorType"/>
    </sequence>
   </complexType>
   <complexType name="addFeaturesDetailType">
    <sequence>
     <element name="telnoToAddFeaturesTo" type="xsd:string"/>
     <element maxOccurs="unbounded" name="featuresToAdd" type="impl:featureType"/>
    </sequence>
   </complexType>
   <complexType name="addFeaturesToExistingCustomerType">
    <sequence>
     <element name="businessPartner" type="impl:businessPartnerType"/>
     <element maxOccurs="unbounded" name="detail" type="impl:addFeaturesDetailType"/>
     <element maxOccurs="1" minOccurs="0" name="requestDate" type="xsd:date"/>
     <element maxOccurs="1" minOccurs="0" name="frameDueTime" type="xsd:time"/>
     <element maxOccurs="1" minOccurs="0" name="customerPON" type="xsd:string"/>
     <element maxOccurs="1" minOccurs="0" name="orderRemarks" type="xsd:string"/>
     <element name="firstTelno" nillable="true" type="impl:floorType"/>
     <element name="nameForCustomer" nillable="true" type="impl:floorType"/>
    </sequence>
   </complexType>
   <complexType name="removeFeaturesDetailType">
    <sequence>
     <element name="telnoToRemoveFeaturesFrom" type="xsd:string"/>
     <element maxOccurs="unbounded" name="featuresToRemove" type="impl:featureType"/>
    </sequence>
   </complexType>
   <complexType name="removeFeaturesFromExistingCustomerType">
    <sequence>
     <element name="businessPartner" type="impl:businessPartnerType"/>
     <element maxOccurs="unbounded" name="detail" type="impl:removeFeaturesDetailType"/>
     <element maxOccurs="1" minOccurs="0" name="requestDate" type="xsd:date"/>
     <element maxOccurs="1" minOccurs="0" name="frameDueTime" type="xsd:time"/>
     <element maxOccurs="1" minOccurs="0" name="customerPON" type="xsd:string"/>
     <element maxOccurs="1" minOccurs="0" name="orderRemarks" type="xsd:string"/>
     <element name="firstTelno" nillable="true" type="impl:floorType"/>
     <element name="nameForCustomer" nillable="true" type="impl:floorType"/>
    </sequence>
   </complexType>
   <complexType name="interceptReferralType">
    <sequence>
     <element name="origTelno" type="xsd:string"/>
     <element name="referToTelno" type="xsd:string"/>
     <element name="numberOfDays" type="xsd:byte"/>
    </sequence>
   </complexType>
   <complexType name="disconnectLinesOnExistingCustomerType">
    <sequence>
     <element name="businessPartner" type="impl:businessPartnerType"/>
     <element maxOccurs="unbounded" name="telnoToDisconnect" type="impl:telnoType"/>
     <element maxOccurs="unbounded" minOccurs="0" name="interceptReferralInfo" type="impl:interceptReferralType"/>
     <element maxOccurs="1" minOccurs="0" name="requestDate" type="xsd:date"/>
     <element maxOccurs="1" minOccurs="0" name="frameDueTime" type="xsd:time"/>
     <element maxOccurs="1" minOccurs="0" name="customerPON" type="xsd:string"/>
     <element maxOccurs="1" minOccurs="0" name="orderRemarks" type="xsd:string"/>
     <element name="firstTelno" nillable="true" type="impl:floorType"/>
     <element name="nameForCustomer" nillable="true" type="impl:floorType"/>
    </sequence>
   </complexType>
   <complexType name="multiChangeOrderDisconnectDetailType">
    <sequence>
     <element name="telnoToDisconnect" type="xsd:string"/>
     <element maxOccurs="1" minOccurs="0" name="referToTelno" type="xsd:string"/>
     <element maxOccurs="1" minOccurs="0" name="numberOfDays" type="xsd:byte"/>
    </sequence>
   </complexType>
   <complexType name="picChangeRequestDetailType">
    <sequence>
     <element name="telno" type="xsd:string"/>
     <element maxOccurs="1" minOccurs="0" name="intraLataCarrier" type="xsd:string"/>
     <element maxOccurs="1" minOccurs="0" name="intraLataFreeze" type="xsd:boolean"/>
     <element maxOccurs="1" minOccurs="0" name="oldIntraLataCarrier" type="xsd:string"/>
     <element maxOccurs="1" minOccurs="0" name="interLataCarrier" type="xsd:string"/>
     <element maxOccurs="1" minOccurs="0" name="interLataFreeze" type="xsd:boolean"/>
     <element maxOccurs="1" minOccurs="0" name="oldInterLataCarrier" type="xsd:string"/>
    </sequence>
   </complexType>
   <complexType name="multiChangeOrderDetailType">
    <sequence>
     <element maxOccurs="1" minOccurs="0" name="addFeaturesDetail" type="impl:addFeaturesDetailType"/>
     <element maxOccurs="1" minOccurs="0" name="removeFeaturesDetail" type="impl:removeFeaturesDetailType"/>
     <element maxOccurs="1" minOccurs="0" name="addLineDetail" type="impl:newLineType"/>
     <element maxOccurs="1" minOccurs="0" name="disconnectLineDetail" type="impl:multiChangeOrderDisconnectDetailType"/>
     <element maxOccurs="1" minOccurs="0" name="picChangeRequestDetail" type="impl:picChangeRequestDetailType"/>
    </sequence>
   </complexType>
   <complexType name="multiChangeOrderType">
    <sequence>
     <element name="businessPartner" type="impl:businessPartnerType"/>
     <element name="existingTelnoAtLocation" type="xsd:string"/>
     <element maxOccurs="1" minOccurs="0" name="requestDate" type="xsd:date"/>
     <element maxOccurs="1" minOccurs="0" name="frameDueTime" type="xsd:time"/>
     <element maxOccurs="1" minOccurs="0" name="customerPON" type="xsd:string"/>
     <element maxOccurs="1" minOccurs="0" name="orderRemarks" type="xsd:string"/>
     <element maxOccurs="unbounded" name="multiChangeOrderDetail" type="impl:multiChangeOrderDetailType"/>
     <element name="nameForCustomer" nillable="true" type="impl:floorType"/>
    </sequence>
   </complexType>
   <complexType name="changeMainDirectoryListingType">
    <sequence>
     <element maxOccurs="1" minOccurs="0" name="customerName" type="impl:customerNameType"/>
     <element name="businessPartner" type="impl:businessPartnerType"/>
     <element name="telnoToChange" type="xsd:string"/>
     <element name="listing" type="xsd:string"/>
     <element maxOccurs="1" minOccurs="0" name="yellowPageClassHeading" type="xsd:string"/>
     <element maxOccurs="1" minOccurs="0" name="yellowPageAdditional" type="xsd:string"/>
     <element maxOccurs="1" minOccurs="0" name="omitAddress" type="xsd:boolean"/>
     <element maxOccurs="1" minOccurs="0" name="requestDate" type="xsd:date"/>
     <element maxOccurs="1" minOccurs="0" name="frameDueTime" type="xsd:time"/>
     <element maxOccurs="1" minOccurs="0" name="customerPON" type="xsd:string"/>
     <element maxOccurs="1" minOccurs="0" name="orderRemarks" type="xsd:string"/>
     <element name="firstTelno" nillable="true" type="impl:floorType"/>
     <element name="nameForCustomer" nillable="true" type="impl:floorType"/>
    </sequence>
   </complexType>
   <complexType name="telnoWithNewType">
    <simpleContent>
     <extension/>
    </simpleContent>
   </complexType>
   <complexType name="changeTelephoneNumberType">
    <sequence>
     <element name="businessPartner" type="impl:businessPartnerType"/>
     <element maxOccurs="1" minOccurs="0" name="interceptReferralDuration" type="xsd:byte"/>
     <element maxOccurs="unbounded" name="telnoTochange" type="impl:telnoType"/>
     <element maxOccurs="1" minOccurs="0" name="requestDate" type="xsd:date"/>
     <element maxOccurs="1" minOccurs="0" name="frameDueTime" type="xsd:time"/>
     <element maxOccurs="1" minOccurs="0" name="customerPON" type="xsd:string"/>
     <element maxOccurs="1" minOccurs="0" name="orderRemarks" type="xsd:string"/>
     <element maxOccurs="unbounded" minOccurs="0" name="newTelnos" type="impl:telnoWithNewType"/>
     <element name="firstTelno" nillable="true" type="impl:floorType"/>
     <element name="nameForCustomer" nillable="true" type="impl:floorType"/>
    </sequence>
   </complexType>
   <complexType name="bindingPostType">
    <simpleContent>
     <extension/>
    </simpleContent>
   </complexType>
   <complexType name="moveToNewLocationwithinRateCenterType">
    <sequence>
     <element name="businessPartner" type="impl:businessPartnerType"/>
     <element maxOccurs="unbounded" name="telnoToMove" type="impl:telnoType"/>
     <element maxOccurs="unbounded" minOccurs="0" name="bindingPosts" type="impl:bindingPostType"/>
     <element name="newServiceAddress" type="impl:serviceAddressType"/>
     <element maxOccurs="1" minOccurs="0" name="requestDate" type="xsd:date"/>
     <element maxOccurs="1" minOccurs="0" name="frameDueTime" type="xsd:time"/>
     <element maxOccurs="1" minOccurs="0" name="customerPON" type="xsd:string"/>
     <element maxOccurs="1" minOccurs="0" name="orderRemarks" type="xsd:string"/>
     <element name="firstTelno" nillable="true" type="impl:floorType"/>
     <element name="nameForCustomer" nillable="true" type="impl:floorType"/>
    </sequence>
   </complexType>
   <complexType name="moveToNewLocationOutsideRateCenterType">
    <sequence>
     <element name="businessPartner" type="impl:businessPartnerType"/>
     <element maxOccurs="unbounded" name="telnoToMove" type="impl:telnoType"/>
     <element maxOccurs="unbounded" minOccurs="0" name="bindingPosts" type="impl:bindingPostType"/>
     <element name="newServiceAddress" type="impl:serviceAddressType"/>
     <element maxOccurs="1" minOccurs="0" name="interceptReferralDuration" type="xsd:byte"/>
     <element maxOccurs="1" minOccurs="0" name="requestDate" type="xsd:date"/>
     <element maxOccurs="1" minOccurs="0" name="frameDueTime" type="xsd:time"/>
     <element maxOccurs="1" minOccurs="0" name="customerPON" type="xsd:string"/>
     <element maxOccurs="1" minOccurs="0" name="orderRemarks" type="xsd:string"/>
     <element name="ilec" type="xsd:string"/>
     <element maxOccurs="unbounded" minOccurs="0" name="newTelnos" type="impl:telnoWithNewType"/>
     <element name="firstTelno" nillable="true" type="impl:floorType"/>
     <element name="nameForCustomer" nillable="true" type="impl:floorType"/>
    </sequence>
   </complexType>
   <complexType name="moveWithinNewLocationType">
    <sequence>
     <element name="businessPartner" type="impl:businessPartnerType"/>
     <element maxOccurs="unbounded" name="telnoToMove" type="impl:telnoType"/>
     <element maxOccurs="unbounded" minOccurs="0" name="bindingPosts" type="impl:bindingPostType"/>
     <element name="newLocationDetail" type="xsd:string"/>
     <element maxOccurs="1" minOccurs="0" name="requestDate" type="xsd:date"/>
     <element maxOccurs="1" minOccurs="0" name="frameDueTime" type="xsd:time"/>
     <element maxOccurs="1" minOccurs="0" name="customerPON" type="xsd:string"/>
     <element maxOccurs="1" minOccurs="0" name="orderRemarks" type="xsd:string"/>
     <element name="firstTelno" nillable="true" type="impl:floorType"/>
     <element name="nameForCustomer" nillable="true" type="impl:floorType"/>
    </sequence>
   </complexType>
   <complexType name="suiteToSuiteMoveType">
    <sequence>
     <element name="businessPartner" type="impl:businessPartnerType"/>
     <element maxOccurs="unbounded" name="telnoToMove" type="impl:telnoType"/>
     <element maxOccurs="unbounded" minOccurs="0" name="bindingPosts" type="impl:bindingPostType"/>
     <element name="newBuilding" type="xsd:string"/>
     <element name="newFloor" type="xsd:string"/>
     <element name="newUnit" type="xsd:string"/>
     <element maxOccurs="1" minOccurs="0" name="requestDate" type="xsd:date"/>
     <element maxOccurs="1" minOccurs="0" name="frameDueTime" type="xsd:time"/>
     <element maxOccurs="1" minOccurs="0" name="customerPON" type="xsd:string"/>
     <element maxOccurs="1" minOccurs="0" name="orderRemarks" type="xsd:string"/>
     <element name="firstTelno" nillable="true" type="impl:floorType"/>
     <element name="nameForCustomer" nillable="true" type="impl:floorType"/>
    </sequence>
   </complexType>
   <complexType name="nidDemarcMoveType">
    <sequence>
     <element name="businessPartner" type="impl:businessPartnerType"/>
     <element maxOccurs="unbounded" name="telnoToMove" type="impl:telnoType"/>
     <element maxOccurs="unbounded" minOccurs="0" name="bindingPosts" type="impl:bindingPostType"/>
     <element name="newLocationDetail" type="xsd:string"/>
     <element maxOccurs="1" minOccurs="0" name="requestDate" type="xsd:date"/>
     <element maxOccurs="1" minOccurs="0" name="frameDueTime" type="xsd:time"/>
     <element maxOccurs="1" minOccurs="0" name="customerPON" type="xsd:string"/>
     <element maxOccurs="1" minOccurs="0" name="orderRemarks" type="xsd:string"/>
     <element name="firstTelno" nillable="true" type="impl:floorType"/>
     <element name="nameForCustomer" nillable="true" type="impl:floorType"/>
    </sequence>
   </complexType>
   <complexType name="portOutQueryRequestType">
    <sequence>
     <element name="businessPartner" type="impl:businessPartnerType"/>
     <element name="startDate" type="xsd:date"/>
     <element name="endDate" type="xsd:date"/>
    </sequence>
   </complexType>
   <complexType name="portOutQueryResponseDetailType">
    <sequence>
     <element name="portedOutTelno" type="xsd:string"/>
     <element name="portedto" type="xsd:string"/>
     <element name="portOutCompleted" type="xsd:date"/>
    </sequence>
   </complexType>
   <complexType name="portOutQueryResponseType">
    <complexContent>
     <restriction base="soapenc:Array">
      <attribute ref="soapenc:arrayType" wsdl:arrayType="impl:portOutQueryResponseDetailType[]"/>
     </restriction>
    </complexContent>
   </complexType>
   <complexType name="lsogRequestType">
    <sequence>
     <element name="businessPartner" type="impl:businessPartnerType"/>
     <element name="lsogXML" type="xsd:string"/>
    </sequence>
   </complexType>
   <complexType name="picChangeRequestType">
    <sequence>
     <element name="businessPartner" type="impl:businessPartnerType"/>
     <element maxOccurs="1" minOccurs="0" name="requestDate" type="xsd:date"/>
     <element maxOccurs="1" minOccurs="0" name="frameDueTime" type="xsd:time"/>
     <element maxOccurs="1" minOccurs="0" name="customerPON" type="xsd:string"/>
     <element maxOccurs="1" minOccurs="0" name="orderRemarks" type="xsd:string"/>
     <element maxOccurs="unbounded" name="picChangeRequestDetail" type="impl:picChangeRequestDetailType"/>
    </sequence>
   </complexType>
   <complexType name="orderDetailQueryRequestType">
    <sequence>
     <element name="businessPartner" type="impl:businessPartnerType"/>
     <element name="transactionId" type="xsd:long"/>
    </sequence>
   </complexType>
   <complexType name="orderDetailQueryResponseType">
    <sequence>
     <element name="error" type="xsd:string"/>
     <element name="transactionId" type="xsd:long"/>
     <element name="created" type="xsd:dateTime"/>
     <element name="customerPON" type="xsd:string"/>
     <element maxOccurs="1" minOccurs="0" name="orderRemarks" type="xsd:string"/>
     <element name="xml" type="xsd:string"/>
     <element name="lastChange" type="xsd:dateTime"/>
     <element name="status" type="impl:orderStatusDetailType"/>
    </sequence>
   </complexType>
   <complexType name="accessNumberQueryRequestType">
    <sequence>
     <element name="businessPartner" type="impl:businessPartnerType"/>
     <element name="transactionId" type="xsd:long"/>
    </sequence>
   </complexType>
   <complexType name="accessNumberQueryResponseType">
    <sequence>
     <element maxOccurs="1" minOccurs="0" name="error" type="xsd:string"/>
     <element maxOccurs="1" minOccurs="0" name="callForwardRemoteAccessNumber" type="xsd:string"/>
     <element maxOccurs="1" minOccurs="0" name="voiceMailAccessNumber" type="xsd:string"/>
    </sequence>
   </complexType>
  </schema>
 </wsdl:types>

   <wsdl:message name="orderCancel_version1Request">

      <wsdl:part name="request" type="impl:orderCancelRequestType"/>

   </wsdl:message>

   <wsdl:message name="lsog9Order_version1Request">

      <wsdl:part name="request" type="impl:lsogRequestType"/>

   </wsdl:message>

   <wsdl:message name="addFeaturesToExistingCustomer_version1Response">

      <wsdl:part name="result" type="impl:transactionResponseType"/>

   </wsdl:message>

   <wsdl:message name="moveToNewLocationwithinRateCenter_version1Response">

      <wsdl:part name="result" type="impl:transactionResponseType"/>

   </wsdl:message>

   <wsdl:message name="moveWithinNewLocation_version1Request">

      <wsdl:part name="request" type="impl:moveWithinNewLocationType"/>

   </wsdl:message>

   <wsdl:message name="orderStatusByDate_version1Response">

      <wsdl:part name="result" type="impl:orderStatusByDateResponseType"/>

   </wsdl:message>

   <wsdl:message name="suiteToSuiteMove_version1Response">

      <wsdl:part name="result" type="impl:transactionResponseType"/>

   </wsdl:message>

   <wsdl:message name="bindingPostQuery_version1Response">

      <wsdl:part name="result" type="impl:bindingPostQueryResponseType"/>

   </wsdl:message>

   <wsdl:message name="multiChangeOrder_version1Response">

      <wsdl:part name="result" type="impl:transactionResponseType"/>

   </wsdl:message>

   <wsdl:message name="changeMainDirectoryListing_version1Response">

      <wsdl:part name="result" type="impl:transactionResponseType"/>

   </wsdl:message>

   <wsdl:message name="reconnectAfterTemporaryDisconnect_version1Request">

      <wsdl:part name="request" type="impl:reconnectAfterTemporaryDisconnectType"/>

   </wsdl:message>

   <wsdl:message name="moveToNewLocationwithinRateCenter_version1Request">

      <wsdl:part name="request" type="impl:moveToNewLocationwithinRateCenterType"/>

   </wsdl:message>

   <wsdl:message name="reconnectAfterTemporaryDisconnect_version1Response">

      <wsdl:part name="result" type="impl:transactionResponseType"/>

   </wsdl:message>

   <wsdl:message name="suiteToSuiteMove_version1Request">

      <wsdl:part name="request" type="impl:suiteToSuiteMoveType"/>

   </wsdl:message>

   <wsdl:message name="removeFeaturesFromExistingCustomer_version1Response">

      <wsdl:part name="result" type="impl:transactionResponseType"/>

   </wsdl:message>

   <wsdl:message name="addCustomer_version1Request">

      <wsdl:part name="newCustomer" type="impl:newCustomerType"/>

   </wsdl:message>

   <wsdl:message name="temporaryDisconnect_version1Response">

      <wsdl:part name="result" type="impl:transactionResponseType"/>

   </wsdl:message>

   <wsdl:message name="changeTelephoneNumber_version1Request">

      <wsdl:part name="request" type="impl:changeTelephoneNumberType"/>

   </wsdl:message>

   <wsdl:message name="changeTelephoneNumber_version1Response">

      <wsdl:part name="result" type="impl:transactionResponseType"/>

   </wsdl:message>

   <wsdl:message name="orderCancelByResellerPON_version1Response">

      <wsdl:part name="result" type="impl:orderCancelByResellerPONResponseType"/>

   </wsdl:message>

   <wsdl:message name="orderDetailQuery_version1Request">

      <wsdl:part name="request" type="impl:orderDetailQueryRequestType"/>

   </wsdl:message>

   <wsdl:message name="orderTelnoQuery_version1Response">

      <wsdl:part name="result" type="impl:orderTelnoQueryResponseType"/>

   </wsdl:message>

   <wsdl:message name="multiChangeOrder_version1Request">

      <wsdl:part name="request" type="impl:multiChangeOrderType"/>

   </wsdl:message>

   <wsdl:message name="picChange_version1Response">

      <wsdl:part name="result" type="impl:transactionResponseType"/>

   </wsdl:message>

   <wsdl:message name="portOutQuery_version1Request">

      <wsdl:part name="request" type="impl:portOutQueryRequestType"/>

   </wsdl:message>

   <wsdl:message name="orderStatusChangeByRange_version1Response">

      <wsdl:part name="result" type="impl:orderStatusChangeByRangeResponseType"/>

   </wsdl:message>

   <wsdl:message name="nidDemarcMove_version1Request">

      <wsdl:part name="request" type="impl:nidDemarcMoveType"/>

   </wsdl:message>

   <wsdl:message name="orderStatusChangeByRange_version1Request">

      <wsdl:part name="request" type="impl:orderStatusChangeByRangeRequestType"/>

   </wsdl:message>

   <wsdl:message name="moveWithinNewLocation_version1Response">

      <wsdl:part name="result" type="impl:transactionResponseType"/>

   </wsdl:message>

   <wsdl:message name="nidDemarcMove_version1Response">

      <wsdl:part name="result" type="impl:transactionResponseType"/>

   </wsdl:message>

   <wsdl:message name="temporaryDisconnect_version1Request">

      <wsdl:part name="request" type="impl:temporaryDisconnectType"/>

   </wsdl:message>

   <wsdl:message name="orderCancel_version1Response">

      <wsdl:part name="result" type="impl:orderCancelResponseType"/>

   </wsdl:message>

   <wsdl:message name="focDateQueryByRange_version1Request">

      <wsdl:part name="request" type="impl:focDateQueryByRangeRequestType"/>

   </wsdl:message>

   <wsdl:message name="tollRestrict_version1Response">

      <wsdl:part name="result" type="impl:transactionResponseType"/>

   </wsdl:message>

   <wsdl:message name="bindingPostQuery_version1Request">

      <wsdl:part name="request" type="impl:bindingPostQueryRequestType"/>

   </wsdl:message>

   <wsdl:message name="disconnectLinesOnExistingCustomer_version1Response">

      <wsdl:part name="result" type="impl:transactionResponseType"/>

   </wsdl:message>

   <wsdl:message name="portOutQuery_version1Response">

      <wsdl:part name="result" type="impl:portOutQueryResponseType"/>

   </wsdl:message>

   <wsdl:message name="lsog9Order_version1Response">

      <wsdl:part name="result" type="impl:transactionResponseType"/>

   </wsdl:message>

   <wsdl:message name="orderStatus_version1Request">

      <wsdl:part name="request" type="impl:orderStatusRequestType"/>

   </wsdl:message>

   <wsdl:message name="orderStatusDetail_version1Request">

      <wsdl:part name="request" type="impl:orderStatusRequestType"/>

   </wsdl:message>

   <wsdl:message name="accessNumberQuery_version1Response">

      <wsdl:part name="result" type="impl:accessNumberQueryResponseType"/>

   </wsdl:message>

   <wsdl:message name="changeMainDirectoryListing_version1Request">

      <wsdl:part name="request" type="impl:changeMainDirectoryListingType"/>

   </wsdl:message>

   <wsdl:message name="addCustomer_version1Response">

      <wsdl:part name="result" type="impl:newCustomerResponseType"/>

   </wsdl:message>

   <wsdl:message name="moveToNewLocationOutsideRateCenter_version1Request">

      <wsdl:part name="request" type="impl:moveToNewLocationOutsideRateCenterType"/>

   </wsdl:message>

   <wsdl:message name="orderStatus_version1Response">

      <wsdl:part name="result" type="impl:orderStatusResponseType"/>

   </wsdl:message>

   <wsdl:message name="tollRestore_version1Response">

      <wsdl:part name="result" type="impl:transactionResponseType"/>

   </wsdl:message>

   <wsdl:message name="tollRestore_version1Request">

      <wsdl:part name="request" type="impl:tollRestoreType"/>

   </wsdl:message>

   <wsdl:message name="orderStatusDetail_version1Response">

      <wsdl:part name="result" type="impl:orderStatusDetailResponseType"/>

   </wsdl:message>

   <wsdl:message name="orderStatusByDate_version1Request">

      <wsdl:part name="request" type="impl:orderStatusByDateRequestType"/>

   </wsdl:message>

   <wsdl:message name="focDateQueryByRange_version1Response">

      <wsdl:part name="result" type="impl:focDateQueryByRangeResponseType"/>

   </wsdl:message>

   <wsdl:message name="orderCancelByResellerPON_version1Request">

      <wsdl:part name="request" type="impl:orderCancelByResellerPONRequestType"/>

   </wsdl:message>

   <wsdl:message name="removeFeaturesFromExistingCustomer_version1Request">

      <wsdl:part name="request" type="impl:removeFeaturesFromExistingCustomerType"/>

   </wsdl:message>

   <wsdl:message name="tollRestrict_version1Request">

      <wsdl:part name="request" type="impl:tollRestrictType"/>

   </wsdl:message>

   <wsdl:message name="orderTelnoQuery_version1Request">

      <wsdl:part name="request" type="impl:orderTelnoQueryRequestType"/>

   </wsdl:message>

   <wsdl:message name="addFeaturesToExistingCustomer_version1Request">

      <wsdl:part name="request" type="impl:addFeaturesToExistingCustomerType"/>

   </wsdl:message>

   <wsdl:message name="addLineToExistingCustomer_version1Request">

      <wsdl:part name="request" type="impl:addLineToExistingCustomerType"/>

   </wsdl:message>

   <wsdl:message name="addLineToExistingCustomer_version1Response">

      <wsdl:part name="result" type="impl:transactionResponseType"/>

   </wsdl:message>

   <wsdl:message name="picChange_version1Request">

      <wsdl:part name="request" type="impl:picChangeRequestType"/>

   </wsdl:message>

   <wsdl:message name="disconnectLinesOnExistingCustomer_version1Request">

      <wsdl:part name="request" type="impl:disconnectLinesOnExistingCustomerType"/>

   </wsdl:message>

   <wsdl:message name="moveToNewLocationOutsideRateCenter_version1Response">

      <wsdl:part name="result" type="impl:transactionResponseType"/>

   </wsdl:message>

   <wsdl:message name="accessNumberQuery_version1Request">

      <wsdl:part name="request" type="impl:accessNumberQueryRequestType"/>

   </wsdl:message>

   <wsdl:message name="orderDetailQuery_version1Response">

      <wsdl:part name="result" type="impl:orderDetailQueryResponseType"/>

   </wsdl:message>

   <wsdl:portType name="Reseller">

      <wsdl:operation name="addCustomer_version1" parameterOrder="newCustomer">

         <wsdl:input message="impl:addCustomer_version1Request" name="addCustomer_version1Request"/>

         <wsdl:output message="impl:addCustomer_version1Response" name="addCustomer_version1Response"/>

      </wsdl:operation>

      <wsdl:operation name="orderStatus_version1" parameterOrder="request">

         <wsdl:input message="impl:orderStatus_version1Request" name="orderStatus_version1Request"/>

         <wsdl:output message="impl:orderStatus_version1Response" name="orderStatus_version1Response"/>

      </wsdl:operation>

      <wsdl:operation name="orderStatusDetail_version1" parameterOrder="request">

         <wsdl:input message="impl:orderStatusDetail_version1Request" name="orderStatusDetail_version1Request"/>

         <wsdl:output message="impl:orderStatusDetail_version1Response" name="orderStatusDetail_version1Response"/>

      </wsdl:operation>

      <wsdl:operation name="orderStatusByDate_version1" parameterOrder="request">

         <wsdl:input message="impl:orderStatusByDate_version1Request" name="orderStatusByDate_version1Request"/>

         <wsdl:output message="impl:orderStatusByDate_version1Response" name="orderStatusByDate_version1Response"/>

      </wsdl:operation>

      <wsdl:operation name="focDateQueryByRange_version1" parameterOrder="request">

         <wsdl:input message="impl:focDateQueryByRange_version1Request" name="focDateQueryByRange_version1Request"/>

         <wsdl:output message="impl:focDateQueryByRange_version1Response" name="focDateQueryByRange_version1Response"/>

      </wsdl:operation>

      <wsdl:operation name="orderStatusChangeByRange_version1" parameterOrder="request">

         <wsdl:input message="impl:orderStatusChangeByRange_version1Request" name="orderStatusChangeByRange_version1Request"/>

         <wsdl:output message="impl:orderStatusChangeByRange_version1Response" name="orderStatusChangeByRange_version1Response"/>

      </wsdl:operation>

      <wsdl:operation name="orderTelnoQuery_version1" parameterOrder="request">

         <wsdl:input message="impl:orderTelnoQuery_version1Request" name="orderTelnoQuery_version1Request"/>

         <wsdl:output message="impl:orderTelnoQuery_version1Response" name="orderTelnoQuery_version1Response"/>

      </wsdl:operation>

      <wsdl:operation name="bindingPostQuery_version1" parameterOrder="request">

         <wsdl:input message="impl:bindingPostQuery_version1Request" name="bindingPostQuery_version1Request"/>

         <wsdl:output message="impl:bindingPostQuery_version1Response" name="bindingPostQuery_version1Response"/>

      </wsdl:operation>

      <wsdl:operation name="orderCancel_version1" parameterOrder="request">

         <wsdl:input message="impl:orderCancel_version1Request" name="orderCancel_version1Request"/>

         <wsdl:output message="impl:orderCancel_version1Response" name="orderCancel_version1Response"/>

      </wsdl:operation>

      <wsdl:operation name="orderCancelByResellerPON_version1" parameterOrder="request">

         <wsdl:input message="impl:orderCancelByResellerPON_version1Request" name="orderCancelByResellerPON_version1Request"/>

         <wsdl:output message="impl:orderCancelByResellerPON_version1Response" name="orderCancelByResellerPON_version1Response"/>

      </wsdl:operation>

      <wsdl:operation name="temporaryDisconnect_version1" parameterOrder="request">

         <wsdl:input message="impl:temporaryDisconnect_version1Request" name="temporaryDisconnect_version1Request"/>

         <wsdl:output message="impl:temporaryDisconnect_version1Response" name="temporaryDisconnect_version1Response"/>

      </wsdl:operation>

      <wsdl:operation name="reconnectAfterTemporaryDisconnect_version1" parameterOrder="request">

         <wsdl:input message="impl:reconnectAfterTemporaryDisconnect_version1Request" name="reconnectAfterTemporaryDisconnect_version1Request"/>

         <wsdl:output message="impl:reconnectAfterTemporaryDisconnect_version1Response" name="reconnectAfterTemporaryDisconnect_version1Response"/>

      </wsdl:operation>

      <wsdl:operation name="tollRestrict_version1" parameterOrder="request">

         <wsdl:input message="impl:tollRestrict_version1Request" name="tollRestrict_version1Request"/>

         <wsdl:output message="impl:tollRestrict_version1Response" name="tollRestrict_version1Response"/>

      </wsdl:operation>

      <wsdl:operation name="tollRestore_version1" parameterOrder="request">

         <wsdl:input message="impl:tollRestore_version1Request" name="tollRestore_version1Request"/>

         <wsdl:output message="impl:tollRestore_version1Response" name="tollRestore_version1Response"/>

      </wsdl:operation>

      <wsdl:operation name="addLineToExistingCustomer_version1" parameterOrder="request">

         <wsdl:input message="impl:addLineToExistingCustomer_version1Request" name="addLineToExistingCustomer_version1Request"/>

         <wsdl:output message="impl:addLineToExistingCustomer_version1Response" name="addLineToExistingCustomer_version1Response"/>

      </wsdl:operation>

      <wsdl:operation name="addFeaturesToExistingCustomer_version1" parameterOrder="request">

         <wsdl:input message="impl:addFeaturesToExistingCustomer_version1Request" name="addFeaturesToExistingCustomer_version1Request"/>

         <wsdl:output message="impl:addFeaturesToExistingCustomer_version1Response" name="addFeaturesToExistingCustomer_version1Response"/>

      </wsdl:operation>

      <wsdl:operation name="removeFeaturesFromExistingCustomer_version1" parameterOrder="request">

         <wsdl:input message="impl:removeFeaturesFromExistingCustomer_version1Request" name="removeFeaturesFromExistingCustomer_version1Request"/>

         <wsdl:output message="impl:removeFeaturesFromExistingCustomer_version1Response" name="removeFeaturesFromExistingCustomer_version1Response"/>

      </wsdl:operation>

      <wsdl:operation name="disconnectLinesOnExistingCustomer_version1" parameterOrder="request">

         <wsdl:input message="impl:disconnectLinesOnExistingCustomer_version1Request" name="disconnectLinesOnExistingCustomer_version1Request"/>

         <wsdl:output message="impl:disconnectLinesOnExistingCustomer_version1Response" name="disconnectLinesOnExistingCustomer_version1Response"/>

      </wsdl:operation>

      <wsdl:operation name="multiChangeOrder_version1" parameterOrder="request">

         <wsdl:input message="impl:multiChangeOrder_version1Request" name="multiChangeOrder_version1Request"/>

         <wsdl:output message="impl:multiChangeOrder_version1Response" name="multiChangeOrder_version1Response"/>

      </wsdl:operation>

      <wsdl:operation name="changeMainDirectoryListing_version1" parameterOrder="request">

         <wsdl:input message="impl:changeMainDirectoryListing_version1Request" name="changeMainDirectoryListing_version1Request"/>

         <wsdl:output message="impl:changeMainDirectoryListing_version1Response" name="changeMainDirectoryListing_version1Response"/>

      </wsdl:operation>

      <wsdl:operation name="changeTelephoneNumber_version1" parameterOrder="request">

         <wsdl:input message="impl:changeTelephoneNumber_version1Request" name="changeTelephoneNumber_version1Request"/>

         <wsdl:output message="impl:changeTelephoneNumber_version1Response" name="changeTelephoneNumber_version1Response"/>

      </wsdl:operation>

      <wsdl:operation name="moveToNewLocationwithinRateCenter_version1" parameterOrder="request">

         <wsdl:input message="impl:moveToNewLocationwithinRateCenter_version1Request" name="moveToNewLocationwithinRateCenter_version1Request"/>

         <wsdl:output message="impl:moveToNewLocationwithinRateCenter_version1Response" name="moveToNewLocationwithinRateCenter_version1Response"/>

      </wsdl:operation>

      <wsdl:operation name="moveToNewLocationOutsideRateCenter_version1" parameterOrder="request">

         <wsdl:input message="impl:moveToNewLocationOutsideRateCenter_version1Request" name="moveToNewLocationOutsideRateCenter_version1Request"/>

         <wsdl:output message="impl:moveToNewLocationOutsideRateCenter_version1Response" name="moveToNewLocationOutsideRateCenter_version1Response"/>

      </wsdl:operation>

      <wsdl:operation name="moveWithinNewLocation_version1" parameterOrder="request">

         <wsdl:input message="impl:moveWithinNewLocation_version1Request" name="moveWithinNewLocation_version1Request"/>

         <wsdl:output message="impl:moveWithinNewLocation_version1Response" name="moveWithinNewLocation_version1Response"/>

      </wsdl:operation>

      <wsdl:operation name="suiteToSuiteMove_version1" parameterOrder="request">

         <wsdl:input message="impl:suiteToSuiteMove_version1Request" name="suiteToSuiteMove_version1Request"/>

         <wsdl:output message="impl:suiteToSuiteMove_version1Response" name="suiteToSuiteMove_version1Response"/>

      </wsdl:operation>

      <wsdl:operation name="nidDemarcMove_version1" parameterOrder="request">

         <wsdl:input message="impl:nidDemarcMove_version1Request" name="nidDemarcMove_version1Request"/>

         <wsdl:output message="impl:nidDemarcMove_version1Response" name="nidDemarcMove_version1Response"/>

      </wsdl:operation>

      <wsdl:operation name="portOutQuery_version1" parameterOrder="request">

         <wsdl:input message="impl:portOutQuery_version1Request" name="portOutQuery_version1Request"/>

         <wsdl:output message="impl:portOutQuery_version1Response" name="portOutQuery_version1Response"/>

      </wsdl:operation>

      <wsdl:operation name="lsog9Order_version1" parameterOrder="request">

         <wsdl:input message="impl:lsog9Order_version1Request" name="lsog9Order_version1Request"/>

         <wsdl:output message="impl:lsog9Order_version1Response" name="lsog9Order_version1Response"/>

      </wsdl:operation>

      <wsdl:operation name="picChange_version1" parameterOrder="request">

         <wsdl:input message="impl:picChange_version1Request" name="picChange_version1Request"/>

         <wsdl:output message="impl:picChange_version1Response" name="picChange_version1Response"/>

      </wsdl:operation>

      <wsdl:operation name="orderDetailQuery_version1" parameterOrder="request">

         <wsdl:input message="impl:orderDetailQuery_version1Request" name="orderDetailQuery_version1Request"/>

         <wsdl:output message="impl:orderDetailQuery_version1Response" name="orderDetailQuery_version1Response"/>

      </wsdl:operation>

      <wsdl:operation name="accessNumberQuery_version1" parameterOrder="request">

         <wsdl:input message="impl:accessNumberQuery_version1Request" name="accessNumberQuery_version1Request"/>

         <wsdl:output message="impl:accessNumberQuery_version1Response" name="accessNumberQuery_version1Response"/>

      </wsdl:operation>

   </wsdl:portType>

   <wsdl:binding name="ResellerSoapBinding" type="impl:Reseller">

      <wsdlsoap:binding style="rpc" transport="http://schemas.xmlsoap.org/soap/http"/>

      <wsdl:operation name="addCustomer_version1">

         <wsdlsoap:operation soapAction=""/>

         <wsdl:input name="addCustomer_version1Request">

            <wsdlsoap:body encodingStyle="http://schemas.xmlsoap.org/soap/encoding/" namespace="urn:Wholesale" use="encoded"/>

         </wsdl:input>

         <wsdl:output name="addCustomer_version1Response">

            <wsdlsoap:body encodingStyle="http://schemas.xmlsoap.org/soap/encoding/" namespace="urn:Wholesale" use="encoded"/>

         </wsdl:output>

      </wsdl:operation>

      <wsdl:operation name="orderStatus_version1">

         <wsdlsoap:operation soapAction=""/>

         <wsdl:input name="orderStatus_version1Request">

            <wsdlsoap:body encodingStyle="http://schemas.xmlsoap.org/soap/encoding/" namespace="urn:Wholesale" use="encoded"/>

         </wsdl:input>

         <wsdl:output name="orderStatus_version1Response">

            <wsdlsoap:body encodingStyle="http://schemas.xmlsoap.org/soap/encoding/" namespace="urn:Wholesale" use="encoded"/>

         </wsdl:output>

      </wsdl:operation>

      <wsdl:operation name="orderStatusDetail_version1">

         <wsdlsoap:operation soapAction=""/>

         <wsdl:input name="orderStatusDetail_version1Request">

            <wsdlsoap:body encodingStyle="http://schemas.xmlsoap.org/soap/encoding/" namespace="urn:Wholesale" use="encoded"/>

         </wsdl:input>

         <wsdl:output name="orderStatusDetail_version1Response">

            <wsdlsoap:body encodingStyle="http://schemas.xmlsoap.org/soap/encoding/" namespace="urn:Wholesale" use="encoded"/>

         </wsdl:output>

      </wsdl:operation>

      <wsdl:operation name="orderStatusByDate_version1">

         <wsdlsoap:operation soapAction=""/>

         <wsdl:input name="orderStatusByDate_version1Request">

            <wsdlsoap:body encodingStyle="http://schemas.xmlsoap.org/soap/encoding/" namespace="urn:Wholesale" use="encoded"/>

         </wsdl:input>

         <wsdl:output name="orderStatusByDate_version1Response">

            <wsdlsoap:body encodingStyle="http://schemas.xmlsoap.org/soap/encoding/" namespace="urn:Wholesale" use="encoded"/>

         </wsdl:output>

      </wsdl:operation>

      <wsdl:operation name="focDateQueryByRange_version1">

         <wsdlsoap:operation soapAction=""/>

         <wsdl:input name="focDateQueryByRange_version1Request">

            <wsdlsoap:body encodingStyle="http://schemas.xmlsoap.org/soap/encoding/" namespace="urn:Wholesale" use="encoded"/>

         </wsdl:input>

         <wsdl:output name="focDateQueryByRange_version1Response">

            <wsdlsoap:body encodingStyle="http://schemas.xmlsoap.org/soap/encoding/" namespace="urn:Wholesale" use="encoded"/>

         </wsdl:output>

      </wsdl:operation>

      <wsdl:operation name="orderStatusChangeByRange_version1">

         <wsdlsoap:operation soapAction=""/>

         <wsdl:input name="orderStatusChangeByRange_version1Request">

            <wsdlsoap:body encodingStyle="http://schemas.xmlsoap.org/soap/encoding/" namespace="urn:Wholesale" use="encoded"/>

         </wsdl:input>

         <wsdl:output name="orderStatusChangeByRange_version1Response">

            <wsdlsoap:body encodingStyle="http://schemas.xmlsoap.org/soap/encoding/" namespace="urn:Wholesale" use="encoded"/>

         </wsdl:output>

      </wsdl:operation>

      <wsdl:operation name="orderTelnoQuery_version1">

         <wsdlsoap:operation soapAction=""/>

         <wsdl:input name="orderTelnoQuery_version1Request">

            <wsdlsoap:body encodingStyle="http://schemas.xmlsoap.org/soap/encoding/" namespace="urn:Wholesale" use="encoded"/>

         </wsdl:input>

         <wsdl:output name="orderTelnoQuery_version1Response">

            <wsdlsoap:body encodingStyle="http://schemas.xmlsoap.org/soap/encoding/" namespace="urn:Wholesale" use="encoded"/>

         </wsdl:output>

      </wsdl:operation>

      <wsdl:operation name="bindingPostQuery_version1">

         <wsdlsoap:operation soapAction=""/>

         <wsdl:input name="bindingPostQuery_version1Request">

            <wsdlsoap:body encodingStyle="http://schemas.xmlsoap.org/soap/encoding/" namespace="urn:Wholesale" use="encoded"/>

         </wsdl:input>

         <wsdl:output name="bindingPostQuery_version1Response">

            <wsdlsoap:body encodingStyle="http://schemas.xmlsoap.org/soap/encoding/" namespace="urn:Wholesale" use="encoded"/>

         </wsdl:output>

      </wsdl:operation>

      <wsdl:operation name="orderCancel_version1">

         <wsdlsoap:operation soapAction=""/>

         <wsdl:input name="orderCancel_version1Request">

            <wsdlsoap:body encodingStyle="http://schemas.xmlsoap.org/soap/encoding/" namespace="urn:Wholesale" use="encoded"/>

         </wsdl:input>

         <wsdl:output name="orderCancel_version1Response">

            <wsdlsoap:body encodingStyle="http://schemas.xmlsoap.org/soap/encoding/" namespace="urn:Wholesale" use="encoded"/>

         </wsdl:output>

      </wsdl:operation>

      <wsdl:operation name="orderCancelByResellerPON_version1">

         <wsdlsoap:operation soapAction=""/>

         <wsdl:input name="orderCancelByResellerPON_version1Request">

            <wsdlsoap:body encodingStyle="http://schemas.xmlsoap.org/soap/encoding/" namespace="urn:Wholesale" use="encoded"/>

         </wsdl:input>

         <wsdl:output name="orderCancelByResellerPON_version1Response">

            <wsdlsoap:body encodingStyle="http://schemas.xmlsoap.org/soap/encoding/" namespace="urn:Wholesale" use="encoded"/>

         </wsdl:output>

      </wsdl:operation>

      <wsdl:operation name="temporaryDisconnect_version1">

         <wsdlsoap:operation soapAction=""/>

         <wsdl:input name="temporaryDisconnect_version1Request">

            <wsdlsoap:body encodingStyle="http://schemas.xmlsoap.org/soap/encoding/" namespace="urn:Wholesale" use="encoded"/>

         </wsdl:input>

         <wsdl:output name="temporaryDisconnect_version1Response">

            <wsdlsoap:body encodingStyle="http://schemas.xmlsoap.org/soap/encoding/" namespace="urn:Wholesale" use="encoded"/>

         </wsdl:output>

      </wsdl:operation>

      <wsdl:operation name="reconnectAfterTemporaryDisconnect_version1">

         <wsdlsoap:operation soapAction=""/>

         <wsdl:input name="reconnectAfterTemporaryDisconnect_version1Request">

            <wsdlsoap:body encodingStyle="http://schemas.xmlsoap.org/soap/encoding/" namespace="urn:Wholesale" use="encoded"/>

         </wsdl:input>

         <wsdl:output name="reconnectAfterTemporaryDisconnect_version1Response">

            <wsdlsoap:body encodingStyle="http://schemas.xmlsoap.org/soap/encoding/" namespace="urn:Wholesale" use="encoded"/>

         </wsdl:output>

      </wsdl:operation>

      <wsdl:operation name="tollRestrict_version1">

         <wsdlsoap:operation soapAction=""/>

         <wsdl:input name="tollRestrict_version1Request">

            <wsdlsoap:body encodingStyle="http://schemas.xmlsoap.org/soap/encoding/" namespace="urn:Wholesale" use="encoded"/>

         </wsdl:input>

         <wsdl:output name="tollRestrict_version1Response">

            <wsdlsoap:body encodingStyle="http://schemas.xmlsoap.org/soap/encoding/" namespace="urn:Wholesale" use="encoded"/>

         </wsdl:output>

      </wsdl:operation>

      <wsdl:operation name="tollRestore_version1">

         <wsdlsoap:operation soapAction=""/>

         <wsdl:input name="tollRestore_version1Request">

            <wsdlsoap:body encodingStyle="http://schemas.xmlsoap.org/soap/encoding/" namespace="urn:Wholesale" use="encoded"/>

         </wsdl:input>

         <wsdl:output name="tollRestore_version1Response">

            <wsdlsoap:body encodingStyle="http://schemas.xmlsoap.org/soap/encoding/" namespace="urn:Wholesale" use="encoded"/>

         </wsdl:output>

      </wsdl:operation>

      <wsdl:operation name="addLineToExistingCustomer_version1">

         <wsdlsoap:operation soapAction=""/>

         <wsdl:input name="addLineToExistingCustomer_version1Request">

            <wsdlsoap:body encodingStyle="http://schemas.xmlsoap.org/soap/encoding/" namespace="urn:Wholesale" use="encoded"/>

         </wsdl:input>

         <wsdl:output name="addLineToExistingCustomer_version1Response">

            <wsdlsoap:body encodingStyle="http://schemas.xmlsoap.org/soap/encoding/" namespace="urn:Wholesale" use="encoded"/>

         </wsdl:output>

      </wsdl:operation>

      <wsdl:operation name="addFeaturesToExistingCustomer_version1">

         <wsdlsoap:operation soapAction=""/>

         <wsdl:input name="addFeaturesToExistingCustomer_version1Request">

            <wsdlsoap:body encodingStyle="http://schemas.xmlsoap.org/soap/encoding/" namespace="urn:Wholesale" use="encoded"/>

         </wsdl:input>

         <wsdl:output name="addFeaturesToExistingCustomer_version1Response">

            <wsdlsoap:body encodingStyle="http://schemas.xmlsoap.org/soap/encoding/" namespace="urn:Wholesale" use="encoded"/>

         </wsdl:output>

      </wsdl:operation>

      <wsdl:operation name="removeFeaturesFromExistingCustomer_version1">

         <wsdlsoap:operation soapAction=""/>

         <wsdl:input name="removeFeaturesFromExistingCustomer_version1Request">

            <wsdlsoap:body encodingStyle="http://schemas.xmlsoap.org/soap/encoding/" namespace="urn:Wholesale" use="encoded"/>

         </wsdl:input>

         <wsdl:output name="removeFeaturesFromExistingCustomer_version1Response">

            <wsdlsoap:body encodingStyle="http://schemas.xmlsoap.org/soap/encoding/" namespace="urn:Wholesale" use="encoded"/>

         </wsdl:output>

      </wsdl:operation>

      <wsdl:operation name="disconnectLinesOnExistingCustomer_version1">

         <wsdlsoap:operation soapAction=""/>

         <wsdl:input name="disconnectLinesOnExistingCustomer_version1Request">

            <wsdlsoap:body encodingStyle="http://schemas.xmlsoap.org/soap/encoding/" namespace="urn:Wholesale" use="encoded"/>

         </wsdl:input>

         <wsdl:output name="disconnectLinesOnExistingCustomer_version1Response">

            <wsdlsoap:body encodingStyle="http://schemas.xmlsoap.org/soap/encoding/" namespace="urn:Wholesale" use="encoded"/>

         </wsdl:output>

      </wsdl:operation>

      <wsdl:operation name="multiChangeOrder_version1">

         <wsdlsoap:operation soapAction=""/>

         <wsdl:input name="multiChangeOrder_version1Request">

            <wsdlsoap:body encodingStyle="http://schemas.xmlsoap.org/soap/encoding/" namespace="urn:Wholesale" use="encoded"/>

         </wsdl:input>

         <wsdl:output name="multiChangeOrder_version1Response">

            <wsdlsoap:body encodingStyle="http://schemas.xmlsoap.org/soap/encoding/" namespace="urn:Wholesale" use="encoded"/>

         </wsdl:output>

      </wsdl:operation>

      <wsdl:operation name="changeMainDirectoryListing_version1">

         <wsdlsoap:operation soapAction=""/>

         <wsdl:input name="changeMainDirectoryListing_version1Request">

            <wsdlsoap:body encodingStyle="http://schemas.xmlsoap.org/soap/encoding/" namespace="urn:Wholesale" use="encoded"/>

         </wsdl:input>

         <wsdl:output name="changeMainDirectoryListing_version1Response">

            <wsdlsoap:body encodingStyle="http://schemas.xmlsoap.org/soap/encoding/" namespace="urn:Wholesale" use="encoded"/>

         </wsdl:output>

      </wsdl:operation>

      <wsdl:operation name="changeTelephoneNumber_version1">

         <wsdlsoap:operation soapAction=""/>

         <wsdl:input name="changeTelephoneNumber_version1Request">

            <wsdlsoap:body encodingStyle="http://schemas.xmlsoap.org/soap/encoding/" namespace="urn:Wholesale" use="encoded"/>

         </wsdl:input>

         <wsdl:output name="changeTelephoneNumber_version1Response">

            <wsdlsoap:body encodingStyle="http://schemas.xmlsoap.org/soap/encoding/" namespace="urn:Wholesale" use="encoded"/>

         </wsdl:output>

      </wsdl:operation>

      <wsdl:operation name="moveToNewLocationwithinRateCenter_version1">

         <wsdlsoap:operation soapAction=""/>

         <wsdl:input name="moveToNewLocationwithinRateCenter_version1Request">

            <wsdlsoap:body encodingStyle="http://schemas.xmlsoap.org/soap/encoding/" namespace="urn:Wholesale" use="encoded"/>

         </wsdl:input>

         <wsdl:output name="moveToNewLocationwithinRateCenter_version1Response">

            <wsdlsoap:body encodingStyle="http://schemas.xmlsoap.org/soap/encoding/" namespace="urn:Wholesale" use="encoded"/>

         </wsdl:output>

      </wsdl:operation>

      <wsdl:operation name="moveToNewLocationOutsideRateCenter_version1">

         <wsdlsoap:operation soapAction=""/>

         <wsdl:input name="moveToNewLocationOutsideRateCenter_version1Request">

            <wsdlsoap:body encodingStyle="http://schemas.xmlsoap.org/soap/encoding/" namespace="urn:Wholesale" use="encoded"/>

         </wsdl:input>

         <wsdl:output name="moveToNewLocationOutsideRateCenter_version1Response">

            <wsdlsoap:body encodingStyle="http://schemas.xmlsoap.org/soap/encoding/" namespace="urn:Wholesale" use="encoded"/>

         </wsdl:output>

      </wsdl:operation>

      <wsdl:operation name="moveWithinNewLocation_version1">

         <wsdlsoap:operation soapAction=""/>

         <wsdl:input name="moveWithinNewLocation_version1Request">

            <wsdlsoap:body encodingStyle="http://schemas.xmlsoap.org/soap/encoding/" namespace="urn:Wholesale" use="encoded"/>

         </wsdl:input>

         <wsdl:output name="moveWithinNewLocation_version1Response">

            <wsdlsoap:body encodingStyle="http://schemas.xmlsoap.org/soap/encoding/" namespace="urn:Wholesale" use="encoded"/>

         </wsdl:output>

      </wsdl:operation>

      <wsdl:operation name="suiteToSuiteMove_version1">

         <wsdlsoap:operation soapAction=""/>

         <wsdl:input name="suiteToSuiteMove_version1Request">

            <wsdlsoap:body encodingStyle="http://schemas.xmlsoap.org/soap/encoding/" namespace="urn:Wholesale" use="encoded"/>

         </wsdl:input>

         <wsdl:output name="suiteToSuiteMove_version1Response">

            <wsdlsoap:body encodingStyle="http://schemas.xmlsoap.org/soap/encoding/" namespace="urn:Wholesale" use="encoded"/>

         </wsdl:output>

      </wsdl:operation>

      <wsdl:operation name="nidDemarcMove_version1">

         <wsdlsoap:operation soapAction=""/>

         <wsdl:input name="nidDemarcMove_version1Request">

            <wsdlsoap:body encodingStyle="http://schemas.xmlsoap.org/soap/encoding/" namespace="urn:Wholesale" use="encoded"/>

         </wsdl:input>

         <wsdl:output name="nidDemarcMove_version1Response">

            <wsdlsoap:body encodingStyle="http://schemas.xmlsoap.org/soap/encoding/" namespace="urn:Wholesale" use="encoded"/>

         </wsdl:output>

      </wsdl:operation>

      <wsdl:operation name="portOutQuery_version1">

         <wsdlsoap:operation soapAction=""/>

         <wsdl:input name="portOutQuery_version1Request">

            <wsdlsoap:body encodingStyle="http://schemas.xmlsoap.org/soap/encoding/" namespace="urn:Wholesale" use="encoded"/>

         </wsdl:input>

         <wsdl:output name="portOutQuery_version1Response">

            <wsdlsoap:body encodingStyle="http://schemas.xmlsoap.org/soap/encoding/" namespace="urn:Wholesale" use="encoded"/>

         </wsdl:output>

      </wsdl:operation>

      <wsdl:operation name="lsog9Order_version1">

         <wsdlsoap:operation soapAction=""/>

         <wsdl:input name="lsog9Order_version1Request">

            <wsdlsoap:body encodingStyle="http://schemas.xmlsoap.org/soap/encoding/" namespace="urn:Wholesale" use="encoded"/>

         </wsdl:input>

         <wsdl:output name="lsog9Order_version1Response">

            <wsdlsoap:body encodingStyle="http://schemas.xmlsoap.org/soap/encoding/" namespace="urn:Wholesale" use="encoded"/>

         </wsdl:output>

      </wsdl:operation>

      <wsdl:operation name="picChange_version1">

         <wsdlsoap:operation soapAction=""/>

         <wsdl:input name="picChange_version1Request">

            <wsdlsoap:body encodingStyle="http://schemas.xmlsoap.org/soap/encoding/" namespace="urn:Wholesale" use="encoded"/>

         </wsdl:input>

         <wsdl:output name="picChange_version1Response">

            <wsdlsoap:body encodingStyle="http://schemas.xmlsoap.org/soap/encoding/" namespace="urn:Wholesale" use="encoded"/>

         </wsdl:output>

      </wsdl:operation>

      <wsdl:operation name="orderDetailQuery_version1">

         <wsdlsoap:operation soapAction=""/>

         <wsdl:input name="orderDetailQuery_version1Request">

            <wsdlsoap:body encodingStyle="http://schemas.xmlsoap.org/soap/encoding/" namespace="urn:Wholesale" use="encoded"/>

         </wsdl:input>

         <wsdl:output name="orderDetailQuery_version1Response">

            <wsdlsoap:body encodingStyle="http://schemas.xmlsoap.org/soap/encoding/" namespace="urn:Wholesale" use="encoded"/>

         </wsdl:output>

      </wsdl:operation>

      <wsdl:operation name="accessNumberQuery_version1">

         <wsdlsoap:operation soapAction=""/>

         <wsdl:input name="accessNumberQuery_version1Request">

            <wsdlsoap:body encodingStyle="http://schemas.xmlsoap.org/soap/encoding/" namespace="urn:Wholesale" use="encoded"/>

         </wsdl:input>

         <wsdl:output name="accessNumberQuery_version1Response">

            <wsdlsoap:body encodingStyle="http://schemas.xmlsoap.org/soap/encoding/" namespace="urn:Wholesale" use="encoded"/>

         </wsdl:output>

      </wsdl:operation>

   </wsdl:binding>

   <wsdl:service name="ResellerService">

      <wsdl:port binding="impl:ResellerSoapBinding" name="Reseller">

         <wsdlsoap:address location="https://208.57.4.35:8443/axis/services/Reseller"/>

      </wsdl:port>

   </wsdl:service>

</wsdl:definitions>

