<?xml version="1.0" encoding="utf-8"?>

<!--
This is the seekda cache of the WSDL definition available at http://www.xignite.com/xnews.asmx?WSDL.
seekdas cache is a snapshot that we took as we crawled the Web.
The service may have changed since the last crawl.
seekda is neither affiliated with the authors of this service nor responsible for its advertised functionality.

-->

<wsdl:definitions xmlns:http="http://schemas.xmlsoap.org/wsdl/http/" xmlns:soap="http://schemas.xmlsoap.org/wsdl/soap/" xmlns:s="http://www.w3.org/2001/XMLSchema" xmlns:soapenc="http://schemas.xmlsoap.org/soap/encoding/" xmlns:tns="http://www.xignite.com/services/" xmlns:tm="http://microsoft.com/wsdl/mime/textMatching/" xmlns:mime="http://schemas.xmlsoap.org/wsdl/mime/" targetNamespace="http://www.xignite.com/services/" xmlns:wsdl="http://schemas.xmlsoap.org/wsdl/">
  <wsdl:types>
    <s:schema elementFormDefault="qualified" targetNamespace="http://www.xignite.com/services/">
      <s:element name="GetBriefings">
        <s:complexType />
      </s:element>
      <s:element name="GetBriefingsResponse">
        <s:complexType>
          <s:sequence>
            <s:element minOccurs="0" maxOccurs="1" name="GetBriefingsResult" type="tns:ArrayOfBriefing" />
          </s:sequence>
        </s:complexType>
      </s:element>
      <s:complexType name="ArrayOfBriefing">
        <s:sequence>
          <s:element minOccurs="0" maxOccurs="unbounded" name="Briefing" nillable="true" type="tns:Briefing" />
        </s:sequence>
      </s:complexType>
      <s:complexType name="Briefing">
        <s:complexContent mixed="false">
          <s:extension base="tns:Common">
            <s:sequence>
              <s:element minOccurs="0" maxOccurs="1" name="Title" type="s:string" />
              <s:element minOccurs="0" maxOccurs="1" name="Time" type="s:string" />
              <s:element minOccurs="0" maxOccurs="1" name="Text" type="s:string" />
              <s:element minOccurs="0" maxOccurs="1" name="Html" type="s:string" />
            </s:sequence>
          </s:extension>
        </s:complexContent>
      </s:complexType>
      <s:complexType name="Common">
        <s:sequence>
          <s:element minOccurs="1" maxOccurs="1" name="Outcome" type="tns:OutcomeTypes" />
          <s:element minOccurs="0" maxOccurs="1" name="Message" type="s:string" />
          <s:element minOccurs="0" maxOccurs="1" name="Identity" type="s:string" />
          <s:element minOccurs="1" maxOccurs="1" name="Delay" type="s:double" />
        </s:sequence>
      </s:complexType>
      <s:simpleType name="OutcomeTypes">
        <s:restriction base="s:string">
          <s:enumeration value="Success" />
          <s:enumeration value="SystemError" />
          <s:enumeration value="RequestError" />
          <s:enumeration value="RegistrationError" />
        </s:restriction>
      </s:simpleType>
      <s:element name="Header" type="tns:Header" />
      <s:complexType name="Header">
        <s:sequence>
          <s:element minOccurs="0" maxOccurs="1" name="Username" type="s:string" />
          <s:element minOccurs="0" maxOccurs="1" name="Password" type="s:string" />
          <s:element minOccurs="0" maxOccurs="1" name="Tracer" type="s:string" />
        </s:sequence>
      </s:complexType>
      <s:element name="GetLastBriefing">
        <s:complexType />
      </s:element>
      <s:element name="GetLastBriefingResponse">
        <s:complexType>
          <s:sequence>
            <s:element minOccurs="0" maxOccurs="1" name="GetLastBriefingResult" type="tns:Briefing" />
          </s:sequence>
        </s:complexType>
      </s:element>
      <s:element name="GetMarketNewsHeadlines">
        <s:complexType />
      </s:element>
      <s:element name="GetMarketNewsHeadlinesResponse">
        <s:complexType>
          <s:sequence>
            <s:element minOccurs="0" maxOccurs="1" name="GetMarketNewsHeadlinesResult" type="tns:ArrayOfMarketNews" />
          </s:sequence>
        </s:complexType>
      </s:element>
      <s:complexType name="ArrayOfMarketNews">
        <s:sequence>
          <s:element minOccurs="0" maxOccurs="unbounded" name="MarketNews" nillable="true" type="tns:MarketNews" />
        </s:sequence>
      </s:complexType>
      <s:complexType name="MarketNews">
        <s:complexContent mixed="false">
          <s:extension base="tns:Common">
            <s:sequence>
              <s:element minOccurs="0" maxOccurs="1" name="Headline" type="s:string" />
              <s:element minOccurs="0" maxOccurs="1" name="Time" type="s:string" />
              <s:element minOccurs="0" maxOccurs="1" name="Source" type="s:string" />
              <s:element minOccurs="0" maxOccurs="1" name="Url" type="s:string" />
              <s:element minOccurs="0" maxOccurs="1" name="OriginalUrl" type="s:string" />
              <s:element minOccurs="0" maxOccurs="1" name="Summary" type="s:string" />
            </s:sequence>
          </s:extension>
        </s:complexContent>
      </s:complexType>
      <s:element name="GetReutersMarketNewsHeadlines">
        <s:complexType />
      </s:element>
      <s:element name="GetReutersMarketNewsHeadlinesResponse">
        <s:complexType>
          <s:sequence>
            <s:element minOccurs="0" maxOccurs="1" name="GetReutersMarketNewsHeadlinesResult" type="tns:ArrayOfMarketNews" />
          </s:sequence>
        </s:complexType>
      </s:element>
      <s:element name="GetMarketNewsDetails">
        <s:complexType>
          <s:sequence>
            <s:element minOccurs="0" maxOccurs="1" name="Reference" type="s:string" />
          </s:sequence>
        </s:complexType>
      </s:element>
      <s:element name="GetMarketNewsDetailsResponse">
        <s:complexType>
          <s:sequence>
            <s:element minOccurs="0" maxOccurs="1" name="GetMarketNewsDetailsResult" type="tns:MarketNewsItem" />
          </s:sequence>
        </s:complexType>
      </s:element>
      <s:complexType name="MarketNewsItem">
        <s:complexContent mixed="false">
          <s:extension base="tns:Common">
            <s:sequence>
              <s:element minOccurs="0" maxOccurs="1" name="Headline" type="s:string" />
              <s:element minOccurs="0" maxOccurs="1" name="Date" type="s:string" />
              <s:element minOccurs="0" maxOccurs="1" name="Source" type="s:string" />
              <s:element minOccurs="0" maxOccurs="1" name="Url" type="s:string" />
              <s:element minOccurs="0" maxOccurs="1" name="Content" type="s:string" />
            </s:sequence>
          </s:extension>
        </s:complexContent>
      </s:complexType>
      <s:element name="GetReutersMarketNewsDetails">
        <s:complexType>
          <s:sequence>
            <s:element minOccurs="0" maxOccurs="1" name="Reference" type="s:string" />
          </s:sequence>
        </s:complexType>
      </s:element>
      <s:element name="GetReutersMarketNewsDetailsResponse">
        <s:complexType>
          <s:sequence>
            <s:element minOccurs="0" maxOccurs="1" name="GetReutersMarketNewsDetailsResult" type="tns:MarketNewsItem" />
          </s:sequence>
        </s:complexType>
      </s:element>
      <s:element name="GetStockHeadlines">
        <s:complexType>
          <s:sequence>
            <s:element minOccurs="0" maxOccurs="1" name="Symbols" type="s:string" />
            <s:element minOccurs="1" maxOccurs="1" name="HeadlineCount" type="s:int" />
          </s:sequence>
        </s:complexType>
      </s:element>
      <s:element name="GetStockHeadlinesResponse">
        <s:complexType>
          <s:sequence>
            <s:element minOccurs="0" maxOccurs="1" name="GetStockHeadlinesResult" type="tns:ArrayOfStockNews" />
          </s:sequence>
        </s:complexType>
      </s:element>
      <s:complexType name="ArrayOfStockNews">
        <s:sequence>
          <s:element minOccurs="0" maxOccurs="unbounded" name="StockNews" nillable="true" type="tns:StockNews" />
        </s:sequence>
      </s:complexType>
      <s:complexType name="StockNews">
        <s:complexContent mixed="false">
          <s:extension base="tns:Common">
            <s:sequence>
              <s:element minOccurs="0" maxOccurs="1" name="Headline" type="s:string" />
              <s:element minOccurs="0" maxOccurs="1" name="Ticker" type="s:string" />
              <s:element minOccurs="0" maxOccurs="1" name="Date" type="s:string" />
              <s:element minOccurs="0" maxOccurs="1" name="Time" type="s:string" />
              <s:element minOccurs="0" maxOccurs="1" name="Source" type="s:string" />
              <s:element minOccurs="0" maxOccurs="1" name="Url" type="s:string" />
            </s:sequence>
          </s:extension>
        </s:complexContent>
      </s:complexType>
      <s:element name="GetStockHeadlinesTopFromClass">
        <s:complexType>
          <s:sequence>
            <s:element minOccurs="0" maxOccurs="1" name="Symbols" type="tns:ArrayOfTicker" />
          </s:sequence>
        </s:complexType>
      </s:element>
      <s:complexType name="ArrayOfTicker">
        <s:sequence>
          <s:element minOccurs="0" maxOccurs="unbounded" name="Ticker" nillable="true" type="tns:Ticker" />
        </s:sequence>
      </s:complexType>
      <s:complexType name="Ticker">
        <s:sequence>
          <s:element minOccurs="0" maxOccurs="1" name="Symbol" type="s:string" />
        </s:sequence>
      </s:complexType>
      <s:element name="GetStockHeadlinesTopFromClassResponse">
        <s:complexType>
          <s:sequence>
            <s:element minOccurs="0" maxOccurs="1" name="GetStockHeadlinesTopFromClassResult" type="tns:ArrayOfStockNews" />
          </s:sequence>
        </s:complexType>
      </s:element>
      <s:element name="GetStockHeadlinesFromClass">
        <s:complexType>
          <s:sequence>
            <s:element minOccurs="0" maxOccurs="1" name="Symbols" type="tns:ArrayOfTicker" />
            <s:element minOccurs="1" maxOccurs="1" name="HeadlineCount" type="s:int" />
          </s:sequence>
        </s:complexType>
      </s:element>
      <s:element name="GetStockHeadlinesFromClassResponse">
        <s:complexType>
          <s:sequence>
            <s:element minOccurs="0" maxOccurs="1" name="GetStockHeadlinesFromClassResult" type="tns:ArrayOfStockNews" />
          </s:sequence>
        </s:complexType>
      </s:element>
      <s:element name="GetEarningAnnouncements">
        <s:complexType>
          <s:sequence>
            <s:element minOccurs="0" maxOccurs="1" name="AnnouncementDate" type="s:string" />
          </s:sequence>
        </s:complexType>
      </s:element>
      <s:element name="GetEarningAnnouncementsResponse">
        <s:complexType>
          <s:sequence>
            <s:element minOccurs="0" maxOccurs="1" name="GetEarningAnnouncementsResult" type="tns:ArrayOfEarningAnnouncement" />
          </s:sequence>
        </s:complexType>
      </s:element>
      <s:complexType name="ArrayOfEarningAnnouncement">
        <s:sequence>
          <s:element minOccurs="0" maxOccurs="unbounded" name="EarningAnnouncement" nillable="true" type="tns:EarningAnnouncement" />
        </s:sequence>
      </s:complexType>
      <s:complexType name="EarningAnnouncement">
        <s:complexContent mixed="false">
          <s:extension base="tns:Common">
            <s:sequence>
              <s:element minOccurs="0" maxOccurs="1" name="AnnouncementDate" type="s:string" />
              <s:element minOccurs="0" maxOccurs="1" name="Symbol" type="s:string" />
              <s:element minOccurs="0" maxOccurs="1" name="Company" type="s:string" />
              <s:element minOccurs="0" maxOccurs="1" name="EPSEstimate" type="s:string" />
              <s:element minOccurs="0" maxOccurs="1" name="AnnouncementTime" type="s:string" />
            </s:sequence>
          </s:extension>
        </s:complexContent>
      </s:complexType>
      <s:element name="ArrayOfBriefing" nillable="true" type="tns:ArrayOfBriefing" />
      <s:element name="Briefing" nillable="true" type="tns:Briefing" />
      <s:element name="ArrayOfMarketNews" nillable="true" type="tns:ArrayOfMarketNews" />
      <s:element name="MarketNewsItem" nillable="true" type="tns:MarketNewsItem" />
      <s:element name="ArrayOfStockNews" nillable="true" type="tns:ArrayOfStockNews" />
      <s:element name="ArrayOfEarningAnnouncement" nillable="true" type="tns:ArrayOfEarningAnnouncement" />
    </s:schema>
  </wsdl:types>
  <wsdl:message name="GetBriefingsSoapIn">
    <wsdl:part name="parameters" element="tns:GetBriefings" />
  </wsdl:message>
  <wsdl:message name="GetBriefingsSoapOut">
    <wsdl:part name="parameters" element="tns:GetBriefingsResponse" />
  </wsdl:message>
  <wsdl:message name="GetBriefingsHeader">
    <wsdl:part name="Header" element="tns:Header" />
  </wsdl:message>
  <wsdl:message name="GetLastBriefingSoapIn">
    <wsdl:part name="parameters" element="tns:GetLastBriefing" />
  </wsdl:message>
  <wsdl:message name="GetLastBriefingSoapOut">
    <wsdl:part name="parameters" element="tns:GetLastBriefingResponse" />
  </wsdl:message>
  <wsdl:message name="GetLastBriefingHeader">
    <wsdl:part name="Header" element="tns:Header" />
  </wsdl:message>
  <wsdl:message name="GetMarketNewsHeadlinesSoapIn">
    <wsdl:part name="parameters" element="tns:GetMarketNewsHeadlines" />
  </wsdl:message>
  <wsdl:message name="GetMarketNewsHeadlinesSoapOut">
    <wsdl:part name="parameters" element="tns:GetMarketNewsHeadlinesResponse" />
  </wsdl:message>
  <wsdl:message name="GetMarketNewsHeadlinesHeader">
    <wsdl:part name="Header" element="tns:Header" />
  </wsdl:message>
  <wsdl:message name="GetReutersMarketNewsHeadlinesSoapIn">
    <wsdl:part name="parameters" element="tns:GetReutersMarketNewsHeadlines" />
  </wsdl:message>
  <wsdl:message name="GetReutersMarketNewsHeadlinesSoapOut">
    <wsdl:part name="parameters" element="tns:GetReutersMarketNewsHeadlinesResponse" />
  </wsdl:message>
  <wsdl:message name="GetReutersMarketNewsHeadlinesHeader">
    <wsdl:part name="Header" element="tns:Header" />
  </wsdl:message>
  <wsdl:message name="GetMarketNewsDetailsSoapIn">
    <wsdl:part name="parameters" element="tns:GetMarketNewsDetails" />
  </wsdl:message>
  <wsdl:message name="GetMarketNewsDetailsSoapOut">
    <wsdl:part name="parameters" element="tns:GetMarketNewsDetailsResponse" />
  </wsdl:message>
  <wsdl:message name="GetMarketNewsDetailsHeader">
    <wsdl:part name="Header" element="tns:Header" />
  </wsdl:message>
  <wsdl:message name="GetReutersMarketNewsDetailsSoapIn">
    <wsdl:part name="parameters" element="tns:GetReutersMarketNewsDetails" />
  </wsdl:message>
  <wsdl:message name="GetReutersMarketNewsDetailsSoapOut">
    <wsdl:part name="parameters" element="tns:GetReutersMarketNewsDetailsResponse" />
  </wsdl:message>
  <wsdl:message name="GetReutersMarketNewsDetailsHeader">
    <wsdl:part name="Header" element="tns:Header" />
  </wsdl:message>
  <wsdl:message name="GetStockHeadlinesSoapIn">
    <wsdl:part name="parameters" element="tns:GetStockHeadlines" />
  </wsdl:message>
  <wsdl:message name="GetStockHeadlinesSoapOut">
    <wsdl:part name="parameters" element="tns:GetStockHeadlinesResponse" />
  </wsdl:message>
  <wsdl:message name="GetStockHeadlinesHeader">
    <wsdl:part name="Header" element="tns:Header" />
  </wsdl:message>
  <wsdl:message name="GetStockHeadlinesTopFromClassSoapIn">
    <wsdl:part name="parameters" element="tns:GetStockHeadlinesTopFromClass" />
  </wsdl:message>
  <wsdl:message name="GetStockHeadlinesTopFromClassSoapOut">
    <wsdl:part name="parameters" element="tns:GetStockHeadlinesTopFromClassResponse" />
  </wsdl:message>
  <wsdl:message name="GetStockHeadlinesTopFromClassHeader">
    <wsdl:part name="Header" element="tns:Header" />
  </wsdl:message>
  <wsdl:message name="GetStockHeadlinesFromClassSoapIn">
    <wsdl:part name="parameters" element="tns:GetStockHeadlinesFromClass" />
  </wsdl:message>
  <wsdl:message name="GetStockHeadlinesFromClassSoapOut">
    <wsdl:part name="parameters" element="tns:GetStockHeadlinesFromClassResponse" />
  </wsdl:message>
  <wsdl:message name="GetStockHeadlinesFromClassHeader">
    <wsdl:part name="Header" element="tns:Header" />
  </wsdl:message>
  <wsdl:message name="GetEarningAnnouncementsSoapIn">
    <wsdl:part name="parameters" element="tns:GetEarningAnnouncements" />
  </wsdl:message>
  <wsdl:message name="GetEarningAnnouncementsSoapOut">
    <wsdl:part name="parameters" element="tns:GetEarningAnnouncementsResponse" />
  </wsdl:message>
  <wsdl:message name="GetEarningAnnouncementsHeader">
    <wsdl:part name="Header" element="tns:Header" />
  </wsdl:message>
  <wsdl:message name="GetBriefingsHttpGetIn" />
  <wsdl:message name="GetBriefingsHttpGetOut">
    <wsdl:part name="Body" element="tns:ArrayOfBriefing" />
  </wsdl:message>
  <wsdl:message name="GetLastBriefingHttpGetIn" />
  <wsdl:message name="GetLastBriefingHttpGetOut">
    <wsdl:part name="Body" element="tns:Briefing" />
  </wsdl:message>
  <wsdl:message name="GetMarketNewsHeadlinesHttpGetIn" />
  <wsdl:message name="GetMarketNewsHeadlinesHttpGetOut">
    <wsdl:part name="Body" element="tns:ArrayOfMarketNews" />
  </wsdl:message>
  <wsdl:message name="GetReutersMarketNewsHeadlinesHttpGetIn" />
  <wsdl:message name="GetReutersMarketNewsHeadlinesHttpGetOut">
    <wsdl:part name="Body" element="tns:ArrayOfMarketNews" />
  </wsdl:message>
  <wsdl:message name="GetMarketNewsDetailsHttpGetIn">
    <wsdl:part name="Reference" type="s:string" />
  </wsdl:message>
  <wsdl:message name="GetMarketNewsDetailsHttpGetOut">
    <wsdl:part name="Body" element="tns:MarketNewsItem" />
  </wsdl:message>
  <wsdl:message name="GetReutersMarketNewsDetailsHttpGetIn">
    <wsdl:part name="Reference" type="s:string" />
  </wsdl:message>
  <wsdl:message name="GetReutersMarketNewsDetailsHttpGetOut">
    <wsdl:part name="Body" element="tns:MarketNewsItem" />
  </wsdl:message>
  <wsdl:message name="GetStockHeadlinesHttpGetIn">
    <wsdl:part name="Symbols" type="s:string" />
    <wsdl:part name="HeadlineCount" type="s:string" />
  </wsdl:message>
  <wsdl:message name="GetStockHeadlinesHttpGetOut">
    <wsdl:part name="Body" element="tns:ArrayOfStockNews" />
  </wsdl:message>
  <wsdl:message name="GetEarningAnnouncementsHttpGetIn">
    <wsdl:part name="AnnouncementDate" type="s:string" />
  </wsdl:message>
  <wsdl:message name="GetEarningAnnouncementsHttpGetOut">
    <wsdl:part name="Body" element="tns:ArrayOfEarningAnnouncement" />
  </wsdl:message>
  <wsdl:message name="GetBriefingsHttpPostIn" />
  <wsdl:message name="GetBriefingsHttpPostOut">
    <wsdl:part name="Body" element="tns:ArrayOfBriefing" />
  </wsdl:message>
  <wsdl:message name="GetLastBriefingHttpPostIn" />
  <wsdl:message name="GetLastBriefingHttpPostOut">
    <wsdl:part name="Body" element="tns:Briefing" />
  </wsdl:message>
  <wsdl:message name="GetMarketNewsHeadlinesHttpPostIn" />
  <wsdl:message name="GetMarketNewsHeadlinesHttpPostOut">
    <wsdl:part name="Body" element="tns:ArrayOfMarketNews" />
  </wsdl:message>
  <wsdl:message name="GetReutersMarketNewsHeadlinesHttpPostIn" />
  <wsdl:message name="GetReutersMarketNewsHeadlinesHttpPostOut">
    <wsdl:part name="Body" element="tns:ArrayOfMarketNews" />
  </wsdl:message>
  <wsdl:message name="GetMarketNewsDetailsHttpPostIn">
    <wsdl:part name="Reference" type="s:string" />
  </wsdl:message>
  <wsdl:message name="GetMarketNewsDetailsHttpPostOut">
    <wsdl:part name="Body" element="tns:MarketNewsItem" />
  </wsdl:message>
  <wsdl:message name="GetReutersMarketNewsDetailsHttpPostIn">
    <wsdl:part name="Reference" type="s:string" />
  </wsdl:message>
  <wsdl:message name="GetReutersMarketNewsDetailsHttpPostOut">
    <wsdl:part name="Body" element="tns:MarketNewsItem" />
  </wsdl:message>
  <wsdl:message name="GetStockHeadlinesHttpPostIn">
    <wsdl:part name="Symbols" type="s:string" />
    <wsdl:part name="HeadlineCount" type="s:string" />
  </wsdl:message>
  <wsdl:message name="GetStockHeadlinesHttpPostOut">
    <wsdl:part name="Body" element="tns:ArrayOfStockNews" />
  </wsdl:message>
  <wsdl:message name="GetEarningAnnouncementsHttpPostIn">
    <wsdl:part name="AnnouncementDate" type="s:string" />
  </wsdl:message>
  <wsdl:message name="GetEarningAnnouncementsHttpPostOut">
    <wsdl:part name="Body" element="tns:ArrayOfEarningAnnouncement" />
  </wsdl:message>
  <wsdl:portType name="XigniteNewsSoap">
    <wsdl:operation name="GetBriefings">
      <documentation xmlns="http://schemas.xmlsoap.org/wsdl/">Get market briefings from Briefing.Com.</documentation>
      <wsdl:input message="tns:GetBriefingsSoapIn" />
      <wsdl:output message="tns:GetBriefingsSoapOut" />
    </wsdl:operation>
    <wsdl:operation name="GetLastBriefing">
      <documentation xmlns="http://schemas.xmlsoap.org/wsdl/">Get last market briefing from Briefing.Com.</documentation>
      <wsdl:input message="tns:GetLastBriefingSoapIn" />
      <wsdl:output message="tns:GetLastBriefingSoapOut" />
    </wsdl:operation>
    <wsdl:operation name="GetMarketNewsHeadlines">
      <documentation xmlns="http://schemas.xmlsoap.org/wsdl/">&lt;br&gt;Get most recent market news headlines.&amp;#183; Source: &lt;b&gt;Yahoo! Finance&lt;/b&gt;. Also subject to their Terms of Use.&lt;br&gt;</documentation>
      <wsdl:input message="tns:GetMarketNewsHeadlinesSoapIn" />
      <wsdl:output message="tns:GetMarketNewsHeadlinesSoapOut" />
    </wsdl:operation>
    <wsdl:operation name="GetReutersMarketNewsHeadlines">
      <documentation xmlns="http://schemas.xmlsoap.org/wsdl/">&lt;br&gt;Get most recent market news headlines from Reuters and other sources.&amp;#183; Source: &lt;b&gt;Yahoo! Finance&lt;/b&gt;. Also subject to their Terms of Use.&lt;br&gt;</documentation>
      <wsdl:input message="tns:GetReutersMarketNewsHeadlinesSoapIn" />
      <wsdl:output message="tns:GetReutersMarketNewsHeadlinesSoapOut" />
    </wsdl:operation>
    <wsdl:operation name="GetMarketNewsDetails">
      <documentation xmlns="http://schemas.xmlsoap.org/wsdl/">&lt;br&gt;Get the content of a market news item based on the reference provided in GetMarketNewsHeadlines.&amp;#183; Source: &lt;b&gt;Yahoo! Finance&lt;/b&gt;. Also subject to their Terms of Use.&lt;br&gt;</documentation>
      <wsdl:input message="tns:GetMarketNewsDetailsSoapIn" />
      <wsdl:output message="tns:GetMarketNewsDetailsSoapOut" />
    </wsdl:operation>
    <wsdl:operation name="GetReutersMarketNewsDetails">
      <documentation xmlns="http://schemas.xmlsoap.org/wsdl/">&lt;br&gt;Get the content of a market news item from Reuters and other sources based on the reference provided in GetReutersMarketNewsHeadlines.&amp;#183; Source: &lt;b&gt;Yahoo! Finance&lt;/b&gt;. Also subject to their Terms of Use.&lt;br&gt;</documentation>
      <wsdl:input message="tns:GetReutersMarketNewsDetailsSoapIn" />
      <wsdl:output message="tns:GetReutersMarketNewsDetailsSoapOut" />
    </wsdl:operation>
    <wsdl:operation name="GetStockHeadlines">
      <documentation xmlns="http://schemas.xmlsoap.org/wsdl/">Get headlines for a list of US Domestic equities.&amp;#183; Source: &lt;b&gt;Yahoo! Finance&lt;/b&gt;. Also subject to their Terms of Use.&lt;br&gt;</documentation>
      <wsdl:input message="tns:GetStockHeadlinesSoapIn" />
      <wsdl:output message="tns:GetStockHeadlinesSoapOut" />
    </wsdl:operation>
    <wsdl:operation name="GetStockHeadlinesTopFromClass">
      <documentation xmlns="http://schemas.xmlsoap.org/wsdl/">Get top 5 recent headlines for a list of US Domestic equities. &lt;b&gt;Soap Only&lt;/b&gt;&amp;#183; Source: &lt;b&gt;Yahoo! Finance&lt;/b&gt;. Also subject to their Terms of Use.&lt;br&gt;</documentation>
      <wsdl:input message="tns:GetStockHeadlinesTopFromClassSoapIn" />
      <wsdl:output message="tns:GetStockHeadlinesTopFromClassSoapOut" />
    </wsdl:operation>
    <wsdl:operation name="GetStockHeadlinesFromClass">
      <documentation xmlns="http://schemas.xmlsoap.org/wsdl/">Get headlines for a list of US Domestic equities. &lt;b&gt;Soap Only&lt;/b&gt;&amp;#183; Source: &lt;b&gt;Yahoo! Finance&lt;/b&gt;. Also subject to their Terms of Use.&lt;br&gt;</documentation>
      <wsdl:input message="tns:GetStockHeadlinesFromClassSoapIn" />
      <wsdl:output message="tns:GetStockHeadlinesFromClassSoapOut" />
    </wsdl:operation>
    <wsdl:operation name="GetEarningAnnouncements">
      <documentation xmlns="http://schemas.xmlsoap.org/wsdl/">Get earning announcement summary for the previous and next few days.&amp;#183; Source: &lt;b&gt;Yahoo! Finance&lt;/b&gt;. Also subject to their Terms of Use.&lt;br&gt;</documentation>
      <wsdl:input message="tns:GetEarningAnnouncementsSoapIn" />
      <wsdl:output message="tns:GetEarningAnnouncementsSoapOut" />
    </wsdl:operation>
  </wsdl:portType>
  <wsdl:portType name="XigniteNewsHttpGet">
    <wsdl:operation name="GetBriefings">
      <documentation xmlns="http://schemas.xmlsoap.org/wsdl/">Get market briefings from Briefing.Com.</documentation>
      <wsdl:input message="tns:GetBriefingsHttpGetIn" />
      <wsdl:output message="tns:GetBriefingsHttpGetOut" />
    </wsdl:operation>
    <wsdl:operation name="GetLastBriefing">
      <documentation xmlns="http://schemas.xmlsoap.org/wsdl/">Get last market briefing from Briefing.Com.</documentation>
      <wsdl:input message="tns:GetLastBriefingHttpGetIn" />
      <wsdl:output message="tns:GetLastBriefingHttpGetOut" />
    </wsdl:operation>
    <wsdl:operation name="GetMarketNewsHeadlines">
      <documentation xmlns="http://schemas.xmlsoap.org/wsdl/">&lt;br&gt;Get most recent market news headlines.&amp;#183; Source: &lt;b&gt;Yahoo! Finance&lt;/b&gt;. Also subject to their Terms of Use.&lt;br&gt;</documentation>
      <wsdl:input message="tns:GetMarketNewsHeadlinesHttpGetIn" />
      <wsdl:output message="tns:GetMarketNewsHeadlinesHttpGetOut" />
    </wsdl:operation>
    <wsdl:operation name="GetReutersMarketNewsHeadlines">
      <documentation xmlns="http://schemas.xmlsoap.org/wsdl/">&lt;br&gt;Get most recent market news headlines from Reuters and other sources.&amp;#183; Source: &lt;b&gt;Yahoo! Finance&lt;/b&gt;. Also subject to their Terms of Use.&lt;br&gt;</documentation>
      <wsdl:input message="tns:GetReutersMarketNewsHeadlinesHttpGetIn" />
      <wsdl:output message="tns:GetReutersMarketNewsHeadlinesHttpGetOut" />
    </wsdl:operation>
    <wsdl:operation name="GetMarketNewsDetails">
      <documentation xmlns="http://schemas.xmlsoap.org/wsdl/">&lt;br&gt;Get the content of a market news item based on the reference provided in GetMarketNewsHeadlines.&amp;#183; Source: &lt;b&gt;Yahoo! Finance&lt;/b&gt;. Also subject to their Terms of Use.&lt;br&gt;</documentation>
      <wsdl:input message="tns:GetMarketNewsDetailsHttpGetIn" />
      <wsdl:output message="tns:GetMarketNewsDetailsHttpGetOut" />
    </wsdl:operation>
    <wsdl:operation name="GetReutersMarketNewsDetails">
      <documentation xmlns="http://schemas.xmlsoap.org/wsdl/">&lt;br&gt;Get the content of a market news item from Reuters and other sources based on the reference provided in GetReutersMarketNewsHeadlines.&amp;#183; Source: &lt;b&gt;Yahoo! Finance&lt;/b&gt;. Also subject to their Terms of Use.&lt;br&gt;</documentation>
      <wsdl:input message="tns:GetReutersMarketNewsDetailsHttpGetIn" />
      <wsdl:output message="tns:GetReutersMarketNewsDetailsHttpGetOut" />
    </wsdl:operation>
    <wsdl:operation name="GetStockHeadlines">
      <documentation xmlns="http://schemas.xmlsoap.org/wsdl/">Get headlines for a list of US Domestic equities.&amp;#183; Source: &lt;b&gt;Yahoo! Finance&lt;/b&gt;. Also subject to their Terms of Use.&lt;br&gt;</documentation>
      <wsdl:input message="tns:GetStockHeadlinesHttpGetIn" />
      <wsdl:output message="tns:GetStockHeadlinesHttpGetOut" />
    </wsdl:operation>
    <wsdl:operation name="GetEarningAnnouncements">
      <documentation xmlns="http://schemas.xmlsoap.org/wsdl/">Get earning announcement summary for the previous and next few days.&amp;#183; Source: &lt;b&gt;Yahoo! Finance&lt;/b&gt;. Also subject to their Terms of Use.&lt;br&gt;</documentation>
      <wsdl:input message="tns:GetEarningAnnouncementsHttpGetIn" />
      <wsdl:output message="tns:GetEarningAnnouncementsHttpGetOut" />
    </wsdl:operation>
  </wsdl:portType>
  <wsdl:portType name="XigniteNewsHttpPost">
    <wsdl:operation name="GetBriefings">
      <documentation xmlns="http://schemas.xmlsoap.org/wsdl/">Get market briefings from Briefing.Com.</documentation>
      <wsdl:input message="tns:GetBriefingsHttpPostIn" />
      <wsdl:output message="tns:GetBriefingsHttpPostOut" />
    </wsdl:operation>
    <wsdl:operation name="GetLastBriefing">
      <documentation xmlns="http://schemas.xmlsoap.org/wsdl/">Get last market briefing from Briefing.Com.</documentation>
      <wsdl:input message="tns:GetLastBriefingHttpPostIn" />
      <wsdl:output message="tns:GetLastBriefingHttpPostOut" />
    </wsdl:operation>
    <wsdl:operation name="GetMarketNewsHeadlines">
      <documentation xmlns="http://schemas.xmlsoap.org/wsdl/">&lt;br&gt;Get most recent market news headlines.&amp;#183; Source: &lt;b&gt;Yahoo! Finance&lt;/b&gt;. Also subject to their Terms of Use.&lt;br&gt;</documentation>
      <wsdl:input message="tns:GetMarketNewsHeadlinesHttpPostIn" />
      <wsdl:output message="tns:GetMarketNewsHeadlinesHttpPostOut" />
    </wsdl:operation>
    <wsdl:operation name="GetReutersMarketNewsHeadlines">
      <documentation xmlns="http://schemas.xmlsoap.org/wsdl/">&lt;br&gt;Get most recent market news headlines from Reuters and other sources.&amp;#183; Source: &lt;b&gt;Yahoo! Finance&lt;/b&gt;. Also subject to their Terms of Use.&lt;br&gt;</documentation>
      <wsdl:input message="tns:GetReutersMarketNewsHeadlinesHttpPostIn" />
      <wsdl:output message="tns:GetReutersMarketNewsHeadlinesHttpPostOut" />
    </wsdl:operation>
    <wsdl:operation name="GetMarketNewsDetails">
      <documentation xmlns="http://schemas.xmlsoap.org/wsdl/">&lt;br&gt;Get the content of a market news item based on the reference provided in GetMarketNewsHeadlines.&amp;#183; Source: &lt;b&gt;Yahoo! Finance&lt;/b&gt;. Also subject to their Terms of Use.&lt;br&gt;</documentation>
      <wsdl:input message="tns:GetMarketNewsDetailsHttpPostIn" />
      <wsdl:output message="tns:GetMarketNewsDetailsHttpPostOut" />
    </wsdl:operation>
    <wsdl:operation name="GetReutersMarketNewsDetails">
      <documentation xmlns="http://schemas.xmlsoap.org/wsdl/">&lt;br&gt;Get the content of a market news item from Reuters and other sources based on the reference provided in GetReutersMarketNewsHeadlines.&amp;#183; Source: &lt;b&gt;Yahoo! Finance&lt;/b&gt;. Also subject to their Terms of Use.&lt;br&gt;</documentation>
      <wsdl:input message="tns:GetReutersMarketNewsDetailsHttpPostIn" />
      <wsdl:output message="tns:GetReutersMarketNewsDetailsHttpPostOut" />
    </wsdl:operation>
    <wsdl:operation name="GetStockHeadlines">
      <documentation xmlns="http://schemas.xmlsoap.org/wsdl/">Get headlines for a list of US Domestic equities.&amp;#183; Source: &lt;b&gt;Yahoo! Finance&lt;/b&gt;. Also subject to their Terms of Use.&lt;br&gt;</documentation>
      <wsdl:input message="tns:GetStockHeadlinesHttpPostIn" />
      <wsdl:output message="tns:GetStockHeadlinesHttpPostOut" />
    </wsdl:operation>
    <wsdl:operation name="GetEarningAnnouncements">
      <documentation xmlns="http://schemas.xmlsoap.org/wsdl/">Get earning announcement summary for the previous and next few days.&amp;#183; Source: &lt;b&gt;Yahoo! Finance&lt;/b&gt;. Also subject to their Terms of Use.&lt;br&gt;</documentation>
      <wsdl:input message="tns:GetEarningAnnouncementsHttpPostIn" />
      <wsdl:output message="tns:GetEarningAnnouncementsHttpPostOut" />
    </wsdl:operation>
  </wsdl:portType>
  <wsdl:binding name="XigniteNewsSoap" type="tns:XigniteNewsSoap">
    <soap:binding transport="http://schemas.xmlsoap.org/soap/http" style="document" />
    <wsdl:operation name="GetBriefings">
      <soap:operation soapAction="http://www.xignite.com/services/GetBriefings" style="document" />
      <wsdl:input>
        <soap:body use="literal" />
        <soap:header message="tns:GetBriefingsHeader" part="Header" use="literal" />
      </wsdl:input>
      <wsdl:output>
        <soap:body use="literal" />
      </wsdl:output>
    </wsdl:operation>
    <wsdl:operation name="GetLastBriefing">
      <soap:operation soapAction="http://www.xignite.com/services/GetLastBriefing" style="document" />
      <wsdl:input>
        <soap:body use="literal" />
        <soap:header message="tns:GetLastBriefingHeader" part="Header" use="literal" />
      </wsdl:input>
      <wsdl:output>
        <soap:body use="literal" />
      </wsdl:output>
    </wsdl:operation>
    <wsdl:operation name="GetMarketNewsHeadlines">
      <soap:operation soapAction="http://www.xignite.com/services/GetMarketNewsHeadlines" style="document" />
      <wsdl:input>
        <soap:body use="literal" />
        <soap:header message="tns:GetMarketNewsHeadlinesHeader" part="Header" use="literal" />
      </wsdl:input>
      <wsdl:output>
        <soap:body use="literal" />
      </wsdl:output>
    </wsdl:operation>
    <wsdl:operation name="GetReutersMarketNewsHeadlines">
      <soap:operation soapAction="http://www.xignite.com/services/GetReutersMarketNewsHeadlines" style="document" />
      <wsdl:input>
        <soap:body use="literal" />
        <soap:header message="tns:GetReutersMarketNewsHeadlinesHeader" part="Header" use="literal" />
      </wsdl:input>
      <wsdl:output>
        <soap:body use="literal" />
      </wsdl:output>
    </wsdl:operation>
    <wsdl:operation name="GetMarketNewsDetails">
      <soap:operation soapAction="http://www.xignite.com/services/GetMarketNewsDetails" style="document" />
      <wsdl:input>
        <soap:body use="literal" />
        <soap:header message="tns:GetMarketNewsDetailsHeader" part="Header" use="literal" />
      </wsdl:input>
      <wsdl:output>
        <soap:body use="literal" />
      </wsdl:output>
    </wsdl:operation>
    <wsdl:operation name="GetReutersMarketNewsDetails">
      <soap:operation soapAction="http://www.xignite.com/services/GetReutersMarketNewsDetails" style="document" />
      <wsdl:input>
        <soap:body use="literal" />
        <soap:header message="tns:GetReutersMarketNewsDetailsHeader" part="Header" use="literal" />
      </wsdl:input>
      <wsdl:output>
        <soap:body use="literal" />
      </wsdl:output>
    </wsdl:operation>
    <wsdl:operation name="GetStockHeadlines">
      <soap:operation soapAction="http://www.xignite.com/services/GetStockHeadlines" style="document" />
      <wsdl:input>
        <soap:body use="literal" />
        <soap:header message="tns:GetStockHeadlinesHeader" part="Header" use="literal" />
      </wsdl:input>
      <wsdl:output>
        <soap:body use="literal" />
      </wsdl:output>
    </wsdl:operation>
    <wsdl:operation name="GetStockHeadlinesTopFromClass">
      <soap:operation soapAction="http://www.xignite.com/services/GetStockHeadlinesTopFromClass" style="document" />
      <wsdl:input>
        <soap:body use="literal" />
        <soap:header message="tns:GetStockHeadlinesTopFromClassHeader" part="Header" use="literal" />
      </wsdl:input>
      <wsdl:output>
        <soap:body use="literal" />
      </wsdl:output>
    </wsdl:operation>
    <wsdl:operation name="GetStockHeadlinesFromClass">
      <soap:operation soapAction="http://www.xignite.com/services/GetStockHeadlinesFromClass" style="document" />
      <wsdl:input>
        <soap:body use="literal" />
        <soap:header message="tns:GetStockHeadlinesFromClassHeader" part="Header" use="literal" />
      </wsdl:input>
      <wsdl:output>
        <soap:body use="literal" />
      </wsdl:output>
    </wsdl:operation>
    <wsdl:operation name="GetEarningAnnouncements">
      <soap:operation soapAction="http://www.xignite.com/services/GetEarningAnnouncements" style="document" />
      <wsdl:input>
        <soap:body use="literal" />
        <soap:header message="tns:GetEarningAnnouncementsHeader" part="Header" use="literal" />
      </wsdl:input>
      <wsdl:output>
        <soap:body use="literal" />
      </wsdl:output>
    </wsdl:operation>
  </wsdl:binding>
  <wsdl:binding name="XigniteNewsHttpGet" type="tns:XigniteNewsHttpGet">
    <http:binding verb="GET" />
    <wsdl:operation name="GetBriefings">
      <http:operation location="/GetBriefings" />
      <wsdl:input>
        <http:urlEncoded />
      </wsdl:input>
      <wsdl:output>
        <mime:mimeXml part="Body" />
      </wsdl:output>
    </wsdl:operation>
    <wsdl:operation name="GetLastBriefing">
      <http:operation location="/GetLastBriefing" />
      <wsdl:input>
        <http:urlEncoded />
      </wsdl:input>
      <wsdl:output>
        <mime:mimeXml part="Body" />
      </wsdl:output>
    </wsdl:operation>
    <wsdl:operation name="GetMarketNewsHeadlines">
      <http:operation location="/GetMarketNewsHeadlines" />
      <wsdl:input>
        <http:urlEncoded />
      </wsdl:input>
      <wsdl:output>
        <mime:mimeXml part="Body" />
      </wsdl:output>
    </wsdl:operation>
    <wsdl:operation name="GetReutersMarketNewsHeadlines">
      <http:operation location="/GetReutersMarketNewsHeadlines" />
      <wsdl:input>
        <http:urlEncoded />
      </wsdl:input>
      <wsdl:output>
        <mime:mimeXml part="Body" />
      </wsdl:output>
    </wsdl:operation>
    <wsdl:operation name="GetMarketNewsDetails">
      <http:operation location="/GetMarketNewsDetails" />
      <wsdl:input>
        <http:urlEncoded />
      </wsdl:input>
      <wsdl:output>
        <mime:mimeXml part="Body" />
      </wsdl:output>
    </wsdl:operation>
    <wsdl:operation name="GetReutersMarketNewsDetails">
      <http:operation location="/GetReutersMarketNewsDetails" />
      <wsdl:input>
        <http:urlEncoded />
      </wsdl:input>
      <wsdl:output>
        <mime:mimeXml part="Body" />
      </wsdl:output>
    </wsdl:operation>
    <wsdl:operation name="GetStockHeadlines">
      <http:operation location="/GetStockHeadlines" />
      <wsdl:input>
        <http:urlEncoded />
      </wsdl:input>
      <wsdl:output>
        <mime:mimeXml part="Body" />
      </wsdl:output>
    </wsdl:operation>
    <wsdl:operation name="GetEarningAnnouncements">
      <http:operation location="/GetEarningAnnouncements" />
      <wsdl:input>
        <http:urlEncoded />
      </wsdl:input>
      <wsdl:output>
        <mime:mimeXml part="Body" />
      </wsdl:output>
    </wsdl:operation>
  </wsdl:binding>
  <wsdl:binding name="XigniteNewsHttpPost" type="tns:XigniteNewsHttpPost">
    <http:binding verb="POST" />
    <wsdl:operation name="GetBriefings">
      <http:operation location="/GetBriefings" />
      <wsdl:input>
        <mime:content type="application/x-www-form-urlencoded" />
      </wsdl:input>
      <wsdl:output>
        <mime:mimeXml part="Body" />
      </wsdl:output>
    </wsdl:operation>
    <wsdl:operation name="GetLastBriefing">
      <http:operation location="/GetLastBriefing" />
      <wsdl:input>
        <mime:content type="application/x-www-form-urlencoded" />
      </wsdl:input>
      <wsdl:output>
        <mime:mimeXml part="Body" />
      </wsdl:output>
    </wsdl:operation>
    <wsdl:operation name="GetMarketNewsHeadlines">
      <http:operation location="/GetMarketNewsHeadlines" />
      <wsdl:input>
        <mime:content type="application/x-www-form-urlencoded" />
      </wsdl:input>
      <wsdl:output>
        <mime:mimeXml part="Body" />
      </wsdl:output>
    </wsdl:operation>
    <wsdl:operation name="GetReutersMarketNewsHeadlines">
      <http:operation location="/GetReutersMarketNewsHeadlines" />
      <wsdl:input>
        <mime:content type="application/x-www-form-urlencoded" />
      </wsdl:input>
      <wsdl:output>
        <mime:mimeXml part="Body" />
      </wsdl:output>
    </wsdl:operation>
    <wsdl:operation name="GetMarketNewsDetails">
      <http:operation location="/GetMarketNewsDetails" />
      <wsdl:input>
        <mime:content type="application/x-www-form-urlencoded" />
      </wsdl:input>
      <wsdl:output>
        <mime:mimeXml part="Body" />
      </wsdl:output>
    </wsdl:operation>
    <wsdl:operation name="GetReutersMarketNewsDetails">
      <http:operation location="/GetReutersMarketNewsDetails" />
      <wsdl:input>
        <mime:content type="application/x-www-form-urlencoded" />
      </wsdl:input>
      <wsdl:output>
        <mime:mimeXml part="Body" />
      </wsdl:output>
    </wsdl:operation>
    <wsdl:operation name="GetStockHeadlines">
      <http:operation location="/GetStockHeadlines" />
      <wsdl:input>
        <mime:content type="application/x-www-form-urlencoded" />
      </wsdl:input>
      <wsdl:output>
        <mime:mimeXml part="Body" />
      </wsdl:output>
    </wsdl:operation>
    <wsdl:operation name="GetEarningAnnouncements">
      <http:operation location="/GetEarningAnnouncements" />
      <wsdl:input>
        <mime:content type="application/x-www-form-urlencoded" />
      </wsdl:input>
      <wsdl:output>
        <mime:mimeXml part="Body" />
      </wsdl:output>
    </wsdl:operation>
  </wsdl:binding>
  <wsdl:service name="XigniteNews">
    <documentation xmlns="http://schemas.xmlsoap.org/wsdl/">Provide stock and market news operations.</documentation>
    <wsdl:port name="XigniteNewsSoap" binding="tns:XigniteNewsSoap">
      <soap:address location="http://www.xignite.com/xnews.asmx" />
    </wsdl:port>
    <wsdl:port name="XigniteNewsHttpGet" binding="tns:XigniteNewsHttpGet">
      <http:address location="http://www.xignite.com/xnews.asmx" />
    </wsdl:port>
    <wsdl:port name="XigniteNewsHttpPost" binding="tns:XigniteNewsHttpPost">
      <http:address location="http://www.xignite.com/xnews.asmx" />
    </wsdl:port>
  </wsdl:service>
</wsdl:definitions>
