<?xml version="1.0" encoding="utf-8"?>

<!--
This is the seekda cache of the WSDL definition available at https://webservices.primerchants.com/CheckVerifyWS/CheckVerifyWS.asmx?wsdl.
seekdas cache is a snapshot that we took as we crawled the Web.
The service may have changed since the last crawl.
seekda is neither affiliated with the authors of this service nor responsible for its advertised functionality.

-->

<definitions xmlns:http="http://schemas.xmlsoap.org/wsdl/http/" xmlns:soap="http://schemas.xmlsoap.org/wsdl/soap/" xmlns:s="http://www.w3.org/2001/XMLSchema" xmlns:s0="http://www.paymentresource.com/webservices/" xmlns:soapenc="http://schemas.xmlsoap.org/soap/encoding/" xmlns:tm="http://microsoft.com/wsdl/mime/textMatching/" xmlns:mime="http://schemas.xmlsoap.org/wsdl/mime/" targetNamespace="http://www.paymentresource.com/webservices/" xmlns="http://schemas.xmlsoap.org/wsdl/">
  <types>
    <s:schema elementFormDefault="qualified" targetNamespace="http://www.paymentresource.com/webservices/">
      <s:element name="ACHVerify">
        <s:complexType>
          <s:sequence>
            <s:element minOccurs="0" maxOccurs="1" name="MerchantID" type="s:string" />
            <s:element minOccurs="0" maxOccurs="1" name="RegKey" type="s:string" />
            <s:element minOccurs="0" maxOccurs="1" name="NctID" type="s:string" />
            <s:element minOccurs="0" maxOccurs="1" name="RefID" type="s:string" />
            <s:element minOccurs="1" maxOccurs="1" name="Amount" type="s:decimal" />
            <s:element minOccurs="0" maxOccurs="1" name="CheckNo" type="s:string" />
            <s:element minOccurs="0" maxOccurs="1" name="TransRoute" type="s:string" />
            <s:element minOccurs="0" maxOccurs="1" name="BankAccountNo" type="s:string" />
            <s:element minOccurs="0" maxOccurs="1" name="SettlementDate" type="s:string" />
            <s:element minOccurs="0" maxOccurs="1" name="DriveLicenseNo" type="s:string" />
            <s:element minOccurs="0" maxOccurs="1" name="DriveLicenseState" type="s:string" />
            <s:element minOccurs="0" maxOccurs="1" name="Name" type="s:string" />
            <s:element minOccurs="1" maxOccurs="1" name="accountType" type="s0:AccountType" />
            <s:element minOccurs="1" maxOccurs="1" name="checkType" type="s0:CheckType" />
          </s:sequence>
        </s:complexType>
      </s:element>
      <s:simpleType name="AccountType">
        <s:restriction base="s:string">
          <s:enumeration value="Checking" />
          <s:enumeration value="Saving" />
          <s:enumeration value="None" />
        </s:restriction>
      </s:simpleType>
      <s:simpleType name="CheckType">
        <s:restriction base="s:string">
          <s:enumeration value="Personal" />
          <s:enumeration value="Business" />
        </s:restriction>
      </s:simpleType>
      <s:element name="ACHVerifyResponse">
        <s:complexType>
          <s:sequence>
            <s:element minOccurs="0" maxOccurs="1" name="ACHVerifyResult" type="s0:CheckStatus" />
          </s:sequence>
        </s:complexType>
      </s:element>
      <s:complexType name="CheckStatus">
        <s:sequence>
          <s:element minOccurs="1" maxOccurs="1" name="Success" type="s:int" />
          <s:element minOccurs="1" maxOccurs="1" name="TransID" type="s:int" />
          <s:element minOccurs="0" maxOccurs="1" name="RefID" type="s:string" />
          <s:element minOccurs="1" maxOccurs="1" name="PostedDate" type="s:dateTime" />
          <s:element minOccurs="0" maxOccurs="1" name="AuthCode" type="s:string" />
          <s:element minOccurs="0" maxOccurs="1" name="Status" type="s:string" />
          <s:element minOccurs="0" maxOccurs="1" name="Message" type="s:string" />
          <s:element minOccurs="1" maxOccurs="1" name="Amount" type="s:decimal" />
        </s:sequence>
      </s:complexType>
      <s:element name="ACHVerifyCredit">
        <s:complexType>
          <s:sequence>
            <s:element minOccurs="0" maxOccurs="1" name="MerchantID" type="s:string" />
            <s:element minOccurs="0" maxOccurs="1" name="RegKey" type="s:string" />
            <s:element minOccurs="0" maxOccurs="1" name="NctID" type="s:string" />
            <s:element minOccurs="0" maxOccurs="1" name="RefID" type="s:string" />
            <s:element minOccurs="1" maxOccurs="1" name="Amount" type="s:decimal" />
            <s:element minOccurs="0" maxOccurs="1" name="CheckNo" type="s:string" />
            <s:element minOccurs="0" maxOccurs="1" name="TransRoute" type="s:string" />
            <s:element minOccurs="0" maxOccurs="1" name="BankAccountNo" type="s:string" />
            <s:element minOccurs="1" maxOccurs="1" name="BankAccountType" type="s0:AccountType" />
            <s:element minOccurs="0" maxOccurs="1" name="SettlementDate" type="s:string" />
            <s:element minOccurs="0" maxOccurs="1" name="ProcessDate" type="s:string" />
            <s:element minOccurs="0" maxOccurs="1" name="DriveLicenseNo" type="s:string" />
            <s:element minOccurs="0" maxOccurs="1" name="DriveLicenseState" type="s:string" />
            <s:element minOccurs="0" maxOccurs="1" name="Name" type="s:string" />
            <s:element minOccurs="0" maxOccurs="1" name="Address1" type="s:string" />
            <s:element minOccurs="0" maxOccurs="1" name="Address2" type="s:string" />
            <s:element minOccurs="0" maxOccurs="1" name="City" type="s:string" />
            <s:element minOccurs="0" maxOccurs="1" name="State" type="s:string" />
            <s:element minOccurs="0" maxOccurs="1" name="ZipCode" type="s:string" />
            <s:element minOccurs="0" maxOccurs="1" name="PhoneNumber" type="s:string" />
            <s:element minOccurs="1" maxOccurs="1" name="checkType" type="s0:CheckType" />
          </s:sequence>
        </s:complexType>
      </s:element>
      <s:element name="ACHVerifyCreditResponse">
        <s:complexType>
          <s:sequence>
            <s:element minOccurs="0" maxOccurs="1" name="ACHVerifyCreditResult" type="s0:CheckStatus" />
          </s:sequence>
        </s:complexType>
      </s:element>
      <s:element name="ACHVerifyDebit">
        <s:complexType>
          <s:sequence>
            <s:element minOccurs="0" maxOccurs="1" name="MerchantID" type="s:string" />
            <s:element minOccurs="0" maxOccurs="1" name="RegKey" type="s:string" />
            <s:element minOccurs="0" maxOccurs="1" name="NctID" type="s:string" />
            <s:element minOccurs="0" maxOccurs="1" name="RefID" type="s:string" />
            <s:element minOccurs="1" maxOccurs="1" name="Amount" type="s:decimal" />
            <s:element minOccurs="0" maxOccurs="1" name="CheckNo" type="s:string" />
            <s:element minOccurs="0" maxOccurs="1" name="TransRoute" type="s:string" />
            <s:element minOccurs="0" maxOccurs="1" name="BankAccountNo" type="s:string" />
            <s:element minOccurs="1" maxOccurs="1" name="BankAccountType" type="s0:AccountType" />
            <s:element minOccurs="0" maxOccurs="1" name="SettlementDate" type="s:string" />
            <s:element minOccurs="0" maxOccurs="1" name="ProcessDate" type="s:string" />
            <s:element minOccurs="0" maxOccurs="1" name="DriveLicenseNo" type="s:string" />
            <s:element minOccurs="0" maxOccurs="1" name="DriveLicenseState" type="s:string" />
            <s:element minOccurs="0" maxOccurs="1" name="Name" type="s:string" />
            <s:element minOccurs="0" maxOccurs="1" name="Address1" type="s:string" />
            <s:element minOccurs="0" maxOccurs="1" name="Address2" type="s:string" />
            <s:element minOccurs="0" maxOccurs="1" name="City" type="s:string" />
            <s:element minOccurs="0" maxOccurs="1" name="State" type="s:string" />
            <s:element minOccurs="0" maxOccurs="1" name="ZipCode" type="s:string" />
            <s:element minOccurs="0" maxOccurs="1" name="PhoneNumber" type="s:string" />
            <s:element minOccurs="1" maxOccurs="1" name="checkType" type="s0:CheckType" />
          </s:sequence>
        </s:complexType>
      </s:element>
      <s:element name="ACHVerifyDebitResponse">
        <s:complexType>
          <s:sequence>
            <s:element minOccurs="0" maxOccurs="1" name="ACHVerifyDebitResult" type="s0:CheckStatus" />
          </s:sequence>
        </s:complexType>
      </s:element>
      <s:element name="ACHVerifyDebitRecurring">
        <s:complexType>
          <s:sequence>
            <s:element minOccurs="0" maxOccurs="1" name="MerchantID" type="s:string" />
            <s:element minOccurs="0" maxOccurs="1" name="RegKey" type="s:string" />
            <s:element minOccurs="0" maxOccurs="1" name="NctID" type="s:string" />
            <s:element minOccurs="0" maxOccurs="1" name="RefID" type="s:string" />
            <s:element minOccurs="1" maxOccurs="1" name="Amount" type="s:decimal" />
            <s:element minOccurs="0" maxOccurs="1" name="CheckNo" type="s:string" />
            <s:element minOccurs="0" maxOccurs="1" name="TransRoute" type="s:string" />
            <s:element minOccurs="0" maxOccurs="1" name="BankAccountNo" type="s:string" />
            <s:element minOccurs="1" maxOccurs="1" name="BankAccountType" type="s0:AccountType" />
            <s:element minOccurs="0" maxOccurs="1" name="SettlementDate" type="s:string" />
            <s:element minOccurs="0" maxOccurs="1" name="DriveLicenseNo" type="s:string" />
            <s:element minOccurs="0" maxOccurs="1" name="DriveLicenseState" type="s:string" />
            <s:element minOccurs="0" maxOccurs="1" name="Name" type="s:string" />
            <s:element minOccurs="0" maxOccurs="1" name="Address1" type="s:string" />
            <s:element minOccurs="0" maxOccurs="1" name="Address2" type="s:string" />
            <s:element minOccurs="0" maxOccurs="1" name="City" type="s:string" />
            <s:element minOccurs="0" maxOccurs="1" name="State" type="s:string" />
            <s:element minOccurs="0" maxOccurs="1" name="ZipCode" type="s:string" />
            <s:element minOccurs="0" maxOccurs="1" name="PhoneNumber" type="s:string" />
            <s:element minOccurs="1" maxOccurs="1" name="checkType" type="s0:CheckType" />
            <s:element minOccurs="1" maxOccurs="1" name="RecurringID" type="s:int" />
          </s:sequence>
        </s:complexType>
      </s:element>
      <s:element name="ACHVerifyDebitRecurringResponse">
        <s:complexType>
          <s:sequence>
            <s:element minOccurs="0" maxOccurs="1" name="ACHVerifyDebitRecurringResult" type="s0:CheckStatus" />
          </s:sequence>
        </s:complexType>
      </s:element>
      <s:element name="ACHCredit">
        <s:complexType>
          <s:sequence>
            <s:element minOccurs="0" maxOccurs="1" name="MerchantID" type="s:string" />
            <s:element minOccurs="0" maxOccurs="1" name="RegKey" type="s:string" />
            <s:element minOccurs="0" maxOccurs="1" name="RefID" type="s:string" />
            <s:element minOccurs="1" maxOccurs="1" name="Amount" type="s:decimal" />
            <s:element minOccurs="0" maxOccurs="1" name="TransRoute" type="s:string" />
            <s:element minOccurs="0" maxOccurs="1" name="BankAccountNo" type="s:string" />
            <s:element minOccurs="1" maxOccurs="1" name="BankAccountType" type="s0:AccountType" />
            <s:element minOccurs="0" maxOccurs="1" name="Name" type="s:string" />
            <s:element minOccurs="0" maxOccurs="1" name="Address" type="s:string" />
            <s:element minOccurs="0" maxOccurs="1" name="ZipCode" type="s:string" />
            <s:element minOccurs="0" maxOccurs="1" name="ProcessDate" type="s:string" />
            <s:element minOccurs="1" maxOccurs="1" name="checkType" type="s0:CheckType" />
            <s:element minOccurs="0" maxOccurs="1" name="Description" type="s:string" />
          </s:sequence>
        </s:complexType>
      </s:element>
      <s:element name="ACHCreditResponse">
        <s:complexType>
          <s:sequence>
            <s:element minOccurs="0" maxOccurs="1" name="ACHCreditResult" type="s0:CheckStatus" />
          </s:sequence>
        </s:complexType>
      </s:element>
      <s:element name="ACHDebit">
        <s:complexType>
          <s:sequence>
            <s:element minOccurs="0" maxOccurs="1" name="MerchantID" type="s:string" />
            <s:element minOccurs="0" maxOccurs="1" name="RegKey" type="s:string" />
            <s:element minOccurs="0" maxOccurs="1" name="RefID" type="s:string" />
            <s:element minOccurs="1" maxOccurs="1" name="Amount" type="s:decimal" />
            <s:element minOccurs="0" maxOccurs="1" name="TransRoute" type="s:string" />
            <s:element minOccurs="0" maxOccurs="1" name="BankAccountNo" type="s:string" />
            <s:element minOccurs="1" maxOccurs="1" name="BankAccountType" type="s0:AccountType" />
            <s:element minOccurs="0" maxOccurs="1" name="Name" type="s:string" />
            <s:element minOccurs="0" maxOccurs="1" name="Address" type="s:string" />
            <s:element minOccurs="0" maxOccurs="1" name="ZipCode" type="s:string" />
            <s:element minOccurs="0" maxOccurs="1" name="ProcessDate" type="s:string" />
            <s:element minOccurs="1" maxOccurs="1" name="checkType" type="s0:CheckType" />
            <s:element minOccurs="0" maxOccurs="1" name="Description" type="s:string" />
          </s:sequence>
        </s:complexType>
      </s:element>
      <s:element name="ACHDebitResponse">
        <s:complexType>
          <s:sequence>
            <s:element minOccurs="0" maxOccurs="1" name="ACHDebitResult" type="s0:CheckStatus" />
          </s:sequence>
        </s:complexType>
      </s:element>
      <s:element name="ACHVerifyRecurring">
        <s:complexType>
          <s:sequence>
            <s:element minOccurs="0" maxOccurs="1" name="MerchantID" type="s:string" />
            <s:element minOccurs="0" maxOccurs="1" name="RegKey" type="s:string" />
            <s:element minOccurs="0" maxOccurs="1" name="NctID" type="s:string" />
            <s:element minOccurs="0" maxOccurs="1" name="RefID" type="s:string" />
            <s:element minOccurs="1" maxOccurs="1" name="Amount" type="s:decimal" />
            <s:element minOccurs="0" maxOccurs="1" name="CheckNo" type="s:string" />
            <s:element minOccurs="0" maxOccurs="1" name="TransRoute" type="s:string" />
            <s:element minOccurs="0" maxOccurs="1" name="BankAccountNo" type="s:string" />
            <s:element minOccurs="1" maxOccurs="1" name="BankAccountType" type="s0:AccountType" />
            <s:element minOccurs="0" maxOccurs="1" name="NextProcessDate" type="s:string" />
            <s:element minOccurs="1" maxOccurs="1" name="NumOfDebits" type="s:int" />
            <s:element minOccurs="1" maxOccurs="1" name="BillingCycle" type="s0:BillingCycles" />
            <s:element minOccurs="0" maxOccurs="1" name="DriveLicenseNo" type="s:string" />
            <s:element minOccurs="0" maxOccurs="1" name="DriveLicenseState" type="s:string" />
            <s:element minOccurs="0" maxOccurs="1" name="Name" type="s:string" />
            <s:element minOccurs="0" maxOccurs="1" name="Address" type="s:string" />
            <s:element minOccurs="0" maxOccurs="1" name="City" type="s:string" />
            <s:element minOccurs="0" maxOccurs="1" name="State" type="s:string" />
            <s:element minOccurs="0" maxOccurs="1" name="ZipCode" type="s:string" />
            <s:element minOccurs="0" maxOccurs="1" name="Phone" type="s:string" />
            <s:element minOccurs="1" maxOccurs="1" name="checkType" type="s0:CheckType" />
            <s:element minOccurs="1" maxOccurs="1" name="fullAmountVerify" type="s:boolean" />
          </s:sequence>
        </s:complexType>
      </s:element>
      <s:simpleType name="BillingCycles">
        <s:restriction base="s:string">
          <s:enumeration value="Monthly" />
          <s:enumeration value="Quarterly" />
          <s:enumeration value="Yearly" />
          <s:enumeration value="Weekly" />
          <s:enumeration value="BiWeekly" />
          <s:enumeration value="Every4weeks" />
          <s:enumeration value="Every8weeks" />
        </s:restriction>
      </s:simpleType>
      <s:element name="ACHVerifyRecurringResponse">
        <s:complexType>
          <s:sequence>
            <s:element minOccurs="0" maxOccurs="1" name="ACHVerifyRecurringResult" type="s0:RecurringStatus" />
          </s:sequence>
        </s:complexType>
      </s:element>
      <s:complexType name="RecurringStatus">
        <s:sequence>
          <s:element minOccurs="1" maxOccurs="1" name="RecurringID" type="s:int" />
          <s:element minOccurs="1" maxOccurs="1" name="Success" type="s:int" />
          <s:element minOccurs="0" maxOccurs="1" name="RefID" type="s:string" />
          <s:element minOccurs="1" maxOccurs="1" name="PostedDate" type="s:dateTime" />
          <s:element minOccurs="0" maxOccurs="1" name="Status" type="s:string" />
          <s:element minOccurs="0" maxOccurs="1" name="AuthCode" type="s:string" />
          <s:element minOccurs="0" maxOccurs="1" name="Message" type="s:string" />
          <s:element minOccurs="1" maxOccurs="1" name="Amount" type="s:decimal" />
        </s:sequence>
      </s:complexType>
      <s:element name="ACHRecurring">
        <s:complexType>
          <s:sequence>
            <s:element minOccurs="0" maxOccurs="1" name="MerchantID" type="s:string" />
            <s:element minOccurs="0" maxOccurs="1" name="RegKey" type="s:string" />
            <s:element minOccurs="0" maxOccurs="1" name="RefID" type="s:string" />
            <s:element minOccurs="1" maxOccurs="1" name="Amount" type="s:decimal" />
            <s:element minOccurs="0" maxOccurs="1" name="TransRoute" type="s:string" />
            <s:element minOccurs="0" maxOccurs="1" name="BankAccountNo" type="s:string" />
            <s:element minOccurs="1" maxOccurs="1" name="BankAccountType" type="s0:AccountType" />
            <s:element minOccurs="0" maxOccurs="1" name="NextProcessDate" type="s:string" />
            <s:element minOccurs="1" maxOccurs="1" name="NumOfDebits" type="s:int" />
            <s:element minOccurs="1" maxOccurs="1" name="BillingCycle" type="s0:BillingCycles" />
            <s:element minOccurs="0" maxOccurs="1" name="Name" type="s:string" />
            <s:element minOccurs="0" maxOccurs="1" name="Address" type="s:string" />
            <s:element minOccurs="0" maxOccurs="1" name="City" type="s:string" />
            <s:element minOccurs="0" maxOccurs="1" name="State" type="s:string" />
            <s:element minOccurs="0" maxOccurs="1" name="ZipCode" type="s:string" />
            <s:element minOccurs="0" maxOccurs="1" name="Phone" type="s:string" />
            <s:element minOccurs="1" maxOccurs="1" name="checkType" type="s0:CheckType" />
          </s:sequence>
        </s:complexType>
      </s:element>
      <s:element name="ACHRecurringResponse">
        <s:complexType>
          <s:sequence>
            <s:element minOccurs="0" maxOccurs="1" name="ACHRecurringResult" type="s0:RecurringStatus" />
          </s:sequence>
        </s:complexType>
      </s:element>
      <s:element name="CheckStatus" nillable="true" type="s0:CheckStatus" />
      <s:element name="RecurringStatus" nillable="true" type="s0:RecurringStatus" />
    </s:schema>
  </types>
  <message name="ACHVerifySoapIn">
    <part name="parameters" element="s0:ACHVerify" />
  </message>
  <message name="ACHVerifySoapOut">
    <part name="parameters" element="s0:ACHVerifyResponse" />
  </message>
  <message name="ACHVerifyCreditSoapIn">
    <part name="parameters" element="s0:ACHVerifyCredit" />
  </message>
  <message name="ACHVerifyCreditSoapOut">
    <part name="parameters" element="s0:ACHVerifyCreditResponse" />
  </message>
  <message name="ACHVerifyDebitSoapIn">
    <part name="parameters" element="s0:ACHVerifyDebit" />
  </message>
  <message name="ACHVerifyDebitSoapOut">
    <part name="parameters" element="s0:ACHVerifyDebitResponse" />
  </message>
  <message name="ACHVerifyDebitRecurringSoapIn">
    <part name="parameters" element="s0:ACHVerifyDebitRecurring" />
  </message>
  <message name="ACHVerifyDebitRecurringSoapOut">
    <part name="parameters" element="s0:ACHVerifyDebitRecurringResponse" />
  </message>
  <message name="ACHCreditSoapIn">
    <part name="parameters" element="s0:ACHCredit" />
  </message>
  <message name="ACHCreditSoapOut">
    <part name="parameters" element="s0:ACHCreditResponse" />
  </message>
  <message name="ACHDebitSoapIn">
    <part name="parameters" element="s0:ACHDebit" />
  </message>
  <message name="ACHDebitSoapOut">
    <part name="parameters" element="s0:ACHDebitResponse" />
  </message>
  <message name="ACHVerifyRecurringSoapIn">
    <part name="parameters" element="s0:ACHVerifyRecurring" />
  </message>
  <message name="ACHVerifyRecurringSoapOut">
    <part name="parameters" element="s0:ACHVerifyRecurringResponse" />
  </message>
  <message name="ACHRecurringSoapIn">
    <part name="parameters" element="s0:ACHRecurring" />
  </message>
  <message name="ACHRecurringSoapOut">
    <part name="parameters" element="s0:ACHRecurringResponse" />
  </message>
  <message name="ACHVerifyHttpGetIn">
    <part name="MerchantID" type="s:string" />
    <part name="RegKey" type="s:string" />
    <part name="NctID" type="s:string" />
    <part name="RefID" type="s:string" />
    <part name="Amount" type="s:string" />
    <part name="CheckNo" type="s:string" />
    <part name="TransRoute" type="s:string" />
    <part name="BankAccountNo" type="s:string" />
    <part name="SettlementDate" type="s:string" />
    <part name="DriveLicenseNo" type="s:string" />
    <part name="DriveLicenseState" type="s:string" />
    <part name="Name" type="s:string" />
    <part name="accountType" type="s:string" />
    <part name="checkType" type="s:string" />
  </message>
  <message name="ACHVerifyHttpGetOut">
    <part name="Body" element="s0:CheckStatus" />
  </message>
  <message name="ACHVerifyCreditHttpGetIn">
    <part name="MerchantID" type="s:string" />
    <part name="RegKey" type="s:string" />
    <part name="NctID" type="s:string" />
    <part name="RefID" type="s:string" />
    <part name="Amount" type="s:string" />
    <part name="CheckNo" type="s:string" />
    <part name="TransRoute" type="s:string" />
    <part name="BankAccountNo" type="s:string" />
    <part name="BankAccountType" type="s:string" />
    <part name="SettlementDate" type="s:string" />
    <part name="ProcessDate" type="s:string" />
    <part name="DriveLicenseNo" type="s:string" />
    <part name="DriveLicenseState" type="s:string" />
    <part name="Name" type="s:string" />
    <part name="Address1" type="s:string" />
    <part name="Address2" type="s:string" />
    <part name="City" type="s:string" />
    <part name="State" type="s:string" />
    <part name="ZipCode" type="s:string" />
    <part name="PhoneNumber" type="s:string" />
    <part name="checkType" type="s:string" />
  </message>
  <message name="ACHVerifyCreditHttpGetOut">
    <part name="Body" element="s0:CheckStatus" />
  </message>
  <message name="ACHVerifyDebitHttpGetIn">
    <part name="MerchantID" type="s:string" />
    <part name="RegKey" type="s:string" />
    <part name="NctID" type="s:string" />
    <part name="RefID" type="s:string" />
    <part name="Amount" type="s:string" />
    <part name="CheckNo" type="s:string" />
    <part name="TransRoute" type="s:string" />
    <part name="BankAccountNo" type="s:string" />
    <part name="BankAccountType" type="s:string" />
    <part name="SettlementDate" type="s:string" />
    <part name="ProcessDate" type="s:string" />
    <part name="DriveLicenseNo" type="s:string" />
    <part name="DriveLicenseState" type="s:string" />
    <part name="Name" type="s:string" />
    <part name="Address1" type="s:string" />
    <part name="Address2" type="s:string" />
    <part name="City" type="s:string" />
    <part name="State" type="s:string" />
    <part name="ZipCode" type="s:string" />
    <part name="PhoneNumber" type="s:string" />
    <part name="checkType" type="s:string" />
  </message>
  <message name="ACHVerifyDebitHttpGetOut">
    <part name="Body" element="s0:CheckStatus" />
  </message>
  <message name="ACHVerifyDebitRecurringHttpGetIn">
    <part name="MerchantID" type="s:string" />
    <part name="RegKey" type="s:string" />
    <part name="NctID" type="s:string" />
    <part name="RefID" type="s:string" />
    <part name="Amount" type="s:string" />
    <part name="CheckNo" type="s:string" />
    <part name="TransRoute" type="s:string" />
    <part name="BankAccountNo" type="s:string" />
    <part name="BankAccountType" type="s:string" />
    <part name="SettlementDate" type="s:string" />
    <part name="DriveLicenseNo" type="s:string" />
    <part name="DriveLicenseState" type="s:string" />
    <part name="Name" type="s:string" />
    <part name="Address1" type="s:string" />
    <part name="Address2" type="s:string" />
    <part name="City" type="s:string" />
    <part name="State" type="s:string" />
    <part name="ZipCode" type="s:string" />
    <part name="PhoneNumber" type="s:string" />
    <part name="checkType" type="s:string" />
    <part name="RecurringID" type="s:string" />
  </message>
  <message name="ACHVerifyDebitRecurringHttpGetOut">
    <part name="Body" element="s0:CheckStatus" />
  </message>
  <message name="ACHCreditHttpGetIn">
    <part name="MerchantID" type="s:string" />
    <part name="RegKey" type="s:string" />
    <part name="RefID" type="s:string" />
    <part name="Amount" type="s:string" />
    <part name="TransRoute" type="s:string" />
    <part name="BankAccountNo" type="s:string" />
    <part name="BankAccountType" type="s:string" />
    <part name="Name" type="s:string" />
    <part name="Address" type="s:string" />
    <part name="ZipCode" type="s:string" />
    <part name="ProcessDate" type="s:string" />
    <part name="checkType" type="s:string" />
    <part name="Description" type="s:string" />
  </message>
  <message name="ACHCreditHttpGetOut">
    <part name="Body" element="s0:CheckStatus" />
  </message>
  <message name="ACHDebitHttpGetIn">
    <part name="MerchantID" type="s:string" />
    <part name="RegKey" type="s:string" />
    <part name="RefID" type="s:string" />
    <part name="Amount" type="s:string" />
    <part name="TransRoute" type="s:string" />
    <part name="BankAccountNo" type="s:string" />
    <part name="BankAccountType" type="s:string" />
    <part name="Name" type="s:string" />
    <part name="Address" type="s:string" />
    <part name="ZipCode" type="s:string" />
    <part name="ProcessDate" type="s:string" />
    <part name="checkType" type="s:string" />
    <part name="Description" type="s:string" />
  </message>
  <message name="ACHDebitHttpGetOut">
    <part name="Body" element="s0:CheckStatus" />
  </message>
  <message name="ACHVerifyRecurringHttpGetIn">
    <part name="MerchantID" type="s:string" />
    <part name="RegKey" type="s:string" />
    <part name="NctID" type="s:string" />
    <part name="RefID" type="s:string" />
    <part name="Amount" type="s:string" />
    <part name="CheckNo" type="s:string" />
    <part name="TransRoute" type="s:string" />
    <part name="BankAccountNo" type="s:string" />
    <part name="BankAccountType" type="s:string" />
    <part name="NextProcessDate" type="s:string" />
    <part name="NumOfDebits" type="s:string" />
    <part name="BillingCycle" type="s:string" />
    <part name="DriveLicenseNo" type="s:string" />
    <part name="DriveLicenseState" type="s:string" />
    <part name="Name" type="s:string" />
    <part name="Address" type="s:string" />
    <part name="City" type="s:string" />
    <part name="State" type="s:string" />
    <part name="ZipCode" type="s:string" />
    <part name="Phone" type="s:string" />
    <part name="checkType" type="s:string" />
    <part name="fullAmountVerify" type="s:string" />
  </message>
  <message name="ACHVerifyRecurringHttpGetOut">
    <part name="Body" element="s0:RecurringStatus" />
  </message>
  <message name="ACHRecurringHttpGetIn">
    <part name="MerchantID" type="s:string" />
    <part name="RegKey" type="s:string" />
    <part name="RefID" type="s:string" />
    <part name="Amount" type="s:string" />
    <part name="TransRoute" type="s:string" />
    <part name="BankAccountNo" type="s:string" />
    <part name="BankAccountType" type="s:string" />
    <part name="NextProcessDate" type="s:string" />
    <part name="NumOfDebits" type="s:string" />
    <part name="BillingCycle" type="s:string" />
    <part name="Name" type="s:string" />
    <part name="Address" type="s:string" />
    <part name="City" type="s:string" />
    <part name="State" type="s:string" />
    <part name="ZipCode" type="s:string" />
    <part name="Phone" type="s:string" />
    <part name="checkType" type="s:string" />
  </message>
  <message name="ACHRecurringHttpGetOut">
    <part name="Body" element="s0:RecurringStatus" />
  </message>
  <message name="ACHVerifyHttpPostIn">
    <part name="MerchantID" type="s:string" />
    <part name="RegKey" type="s:string" />
    <part name="NctID" type="s:string" />
    <part name="RefID" type="s:string" />
    <part name="Amount" type="s:string" />
    <part name="CheckNo" type="s:string" />
    <part name="TransRoute" type="s:string" />
    <part name="BankAccountNo" type="s:string" />
    <part name="SettlementDate" type="s:string" />
    <part name="DriveLicenseNo" type="s:string" />
    <part name="DriveLicenseState" type="s:string" />
    <part name="Name" type="s:string" />
    <part name="accountType" type="s:string" />
    <part name="checkType" type="s:string" />
  </message>
  <message name="ACHVerifyHttpPostOut">
    <part name="Body" element="s0:CheckStatus" />
  </message>
  <message name="ACHVerifyCreditHttpPostIn">
    <part name="MerchantID" type="s:string" />
    <part name="RegKey" type="s:string" />
    <part name="NctID" type="s:string" />
    <part name="RefID" type="s:string" />
    <part name="Amount" type="s:string" />
    <part name="CheckNo" type="s:string" />
    <part name="TransRoute" type="s:string" />
    <part name="BankAccountNo" type="s:string" />
    <part name="BankAccountType" type="s:string" />
    <part name="SettlementDate" type="s:string" />
    <part name="ProcessDate" type="s:string" />
    <part name="DriveLicenseNo" type="s:string" />
    <part name="DriveLicenseState" type="s:string" />
    <part name="Name" type="s:string" />
    <part name="Address1" type="s:string" />
    <part name="Address2" type="s:string" />
    <part name="City" type="s:string" />
    <part name="State" type="s:string" />
    <part name="ZipCode" type="s:string" />
    <part name="PhoneNumber" type="s:string" />
    <part name="checkType" type="s:string" />
  </message>
  <message name="ACHVerifyCreditHttpPostOut">
    <part name="Body" element="s0:CheckStatus" />
  </message>
  <message name="ACHVerifyDebitHttpPostIn">
    <part name="MerchantID" type="s:string" />
    <part name="RegKey" type="s:string" />
    <part name="NctID" type="s:string" />
    <part name="RefID" type="s:string" />
    <part name="Amount" type="s:string" />
    <part name="CheckNo" type="s:string" />
    <part name="TransRoute" type="s:string" />
    <part name="BankAccountNo" type="s:string" />
    <part name="BankAccountType" type="s:string" />
    <part name="SettlementDate" type="s:string" />
    <part name="ProcessDate" type="s:string" />
    <part name="DriveLicenseNo" type="s:string" />
    <part name="DriveLicenseState" type="s:string" />
    <part name="Name" type="s:string" />
    <part name="Address1" type="s:string" />
    <part name="Address2" type="s:string" />
    <part name="City" type="s:string" />
    <part name="State" type="s:string" />
    <part name="ZipCode" type="s:string" />
    <part name="PhoneNumber" type="s:string" />
    <part name="checkType" type="s:string" />
  </message>
  <message name="ACHVerifyDebitHttpPostOut">
    <part name="Body" element="s0:CheckStatus" />
  </message>
  <message name="ACHVerifyDebitRecurringHttpPostIn">
    <part name="MerchantID" type="s:string" />
    <part name="RegKey" type="s:string" />
    <part name="NctID" type="s:string" />
    <part name="RefID" type="s:string" />
    <part name="Amount" type="s:string" />
    <part name="CheckNo" type="s:string" />
    <part name="TransRoute" type="s:string" />
    <part name="BankAccountNo" type="s:string" />
    <part name="BankAccountType" type="s:string" />
    <part name="SettlementDate" type="s:string" />
    <part name="DriveLicenseNo" type="s:string" />
    <part name="DriveLicenseState" type="s:string" />
    <part name="Name" type="s:string" />
    <part name="Address1" type="s:string" />
    <part name="Address2" type="s:string" />
    <part name="City" type="s:string" />
    <part name="State" type="s:string" />
    <part name="ZipCode" type="s:string" />
    <part name="PhoneNumber" type="s:string" />
    <part name="checkType" type="s:string" />
    <part name="RecurringID" type="s:string" />
  </message>
  <message name="ACHVerifyDebitRecurringHttpPostOut">
    <part name="Body" element="s0:CheckStatus" />
  </message>
  <message name="ACHCreditHttpPostIn">
    <part name="MerchantID" type="s:string" />
    <part name="RegKey" type="s:string" />
    <part name="RefID" type="s:string" />
    <part name="Amount" type="s:string" />
    <part name="TransRoute" type="s:string" />
    <part name="BankAccountNo" type="s:string" />
    <part name="BankAccountType" type="s:string" />
    <part name="Name" type="s:string" />
    <part name="Address" type="s:string" />
    <part name="ZipCode" type="s:string" />
    <part name="ProcessDate" type="s:string" />
    <part name="checkType" type="s:string" />
    <part name="Description" type="s:string" />
  </message>
  <message name="ACHCreditHttpPostOut">
    <part name="Body" element="s0:CheckStatus" />
  </message>
  <message name="ACHDebitHttpPostIn">
    <part name="MerchantID" type="s:string" />
    <part name="RegKey" type="s:string" />
    <part name="RefID" type="s:string" />
    <part name="Amount" type="s:string" />
    <part name="TransRoute" type="s:string" />
    <part name="BankAccountNo" type="s:string" />
    <part name="BankAccountType" type="s:string" />
    <part name="Name" type="s:string" />
    <part name="Address" type="s:string" />
    <part name="ZipCode" type="s:string" />
    <part name="ProcessDate" type="s:string" />
    <part name="checkType" type="s:string" />
    <part name="Description" type="s:string" />
  </message>
  <message name="ACHDebitHttpPostOut">
    <part name="Body" element="s0:CheckStatus" />
  </message>
  <message name="ACHVerifyRecurringHttpPostIn">
    <part name="MerchantID" type="s:string" />
    <part name="RegKey" type="s:string" />
    <part name="NctID" type="s:string" />
    <part name="RefID" type="s:string" />
    <part name="Amount" type="s:string" />
    <part name="CheckNo" type="s:string" />
    <part name="TransRoute" type="s:string" />
    <part name="BankAccountNo" type="s:string" />
    <part name="BankAccountType" type="s:string" />
    <part name="NextProcessDate" type="s:string" />
    <part name="NumOfDebits" type="s:string" />
    <part name="BillingCycle" type="s:string" />
    <part name="DriveLicenseNo" type="s:string" />
    <part name="DriveLicenseState" type="s:string" />
    <part name="Name" type="s:string" />
    <part name="Address" type="s:string" />
    <part name="City" type="s:string" />
    <part name="State" type="s:string" />
    <part name="ZipCode" type="s:string" />
    <part name="Phone" type="s:string" />
    <part name="checkType" type="s:string" />
    <part name="fullAmountVerify" type="s:string" />
  </message>
  <message name="ACHVerifyRecurringHttpPostOut">
    <part name="Body" element="s0:RecurringStatus" />
  </message>
  <message name="ACHRecurringHttpPostIn">
    <part name="MerchantID" type="s:string" />
    <part name="RegKey" type="s:string" />
    <part name="RefID" type="s:string" />
    <part name="Amount" type="s:string" />
    <part name="TransRoute" type="s:string" />
    <part name="BankAccountNo" type="s:string" />
    <part name="BankAccountType" type="s:string" />
    <part name="NextProcessDate" type="s:string" />
    <part name="NumOfDebits" type="s:string" />
    <part name="BillingCycle" type="s:string" />
    <part name="Name" type="s:string" />
    <part name="Address" type="s:string" />
    <part name="City" type="s:string" />
    <part name="State" type="s:string" />
    <part name="ZipCode" type="s:string" />
    <part name="Phone" type="s:string" />
    <part name="checkType" type="s:string" />
  </message>
  <message name="ACHRecurringHttpPostOut">
    <part name="Body" element="s0:RecurringStatus" />
  </message>
  <portType name="CheckVerifySoap">
    <operation name="ACHVerify">
      <documentation>This is to Verification/Guarantee Check and Required fields are:&lt;br&gt;MerchantID, RegKey, Amount, CheckNo, TransRoute, BankAccountNo.&lt;br&gt;DriveLicenseNo, DriveLicenseState, Name are required for Personal check and optional for Business Check.&lt;br&gt;&lt;br&gt;RefID is Optional and it's for user referance. SettlementDate is optional and assumed to be today's date if not specifiedAccountType is whether the account is checking or savings</documentation>
      <input message="s0:ACHVerifySoapIn" />
      <output message="s0:ACHVerifySoapOut" />
    </operation>
    <operation name="ACHVerifyCredit">
      <documentation>For ACH Verification/Guarantee and Credit Transaction Required fields are:&lt;br&gt;MerchantID, RegKey, Amount, CheckNo, TransRoute, BankAccountNo,DriveLicenseNo, DriveLicenseState, Name.&lt;br&gt;&lt;br&gt;RefID is Optional and it's for user referance. SettlementDate is optional and assumed to be today's date if not specified &lt;br&gt;Value For BankAccountType would be &lt;b&gt;Checking/Saving&lt;/b&gt;.</documentation>
      <input message="s0:ACHVerifyCreditSoapIn" />
      <output message="s0:ACHVerifyCreditSoapOut" />
    </operation>
    <operation name="ACHVerifyDebit">
      <documentation>For ACH Verification/Guarantee and Debit Transaction Required fields are:&lt;br&gt;MerchantID, RegKey, Amount, CheckNo, TransRoute, BankAccountNo,DriveLicenseNo, DriveLicenseState, Name.&lt;br&gt;&lt;br&gt;RefID is Optional and it's for user referance. SettlementDate is optional and assumed to be today's date if not specified.&lt;br&gt;Value For BankAccountType would be &lt;b&gt;Checking/Saving&lt;/b&gt;.</documentation>
      <input message="s0:ACHVerifyDebitSoapIn" />
      <output message="s0:ACHVerifyDebitSoapOut" />
    </operation>
    <operation name="ACHVerifyDebitRecurring">
      <documentation>For ACH Recurring Verification/Guarantee and Debit Transaction Required fields are:&lt;br&gt;MerchantID, RegKey, Amount, CheckNo, TransRoute, BankAccountNo,DriveLicenseNo, DriveLicenseState, Name.&lt;br&gt;&lt;br&gt;RefID is Optional and it's for user referance. SettlementDate is optional and assumed to be today's date if not specified.&lt;br&gt;Value For BankAccountType would be &lt;b&gt;Checking/Saving&lt;/b&gt;.</documentation>
      <input message="s0:ACHVerifyDebitRecurringSoapIn" />
      <output message="s0:ACHVerifyDebitRecurringSoapOut" />
    </operation>
    <operation name="ACHCredit">
      <documentation>For ACH Credit Transaction Required fields are:&lt;br&gt;MerchantID, RegKey, Amount, CheckNo, TransRoute, BankAccountNo,DriveLicenseNo, DriveLicenseState, Name.&lt;br&gt;&lt;br&gt;RefID is Optional and it's for user referance. SettlementDate is optional and assumed to be today's date if not specified &lt;br&gt;Value For BankAccountType would be &lt;b&gt;Checking/Saving&lt;/b&gt;. Description is optional; field is populated from TC profile if not specified.</documentation>
      <input message="s0:ACHCreditSoapIn" />
      <output message="s0:ACHCreditSoapOut" />
    </operation>
    <operation name="ACHDebit">
      <documentation>For ACH Debit Transaction Required fields are:&lt;br&gt;MerchantID, RegKey, Amount, TransRoute, BankAccountNo,Name.&lt;br&gt;&lt;br&gt;RefID is Optional and it's for user referance. SettlementDate is optional and assumed to be today's date if not specified.&lt;br&gt;Value For BankAccountType would be &lt;b&gt;Checking/Saving&lt;/b&gt;.Description is optional; field is populated from TC profile if not specified.</documentation>
      <input message="s0:ACHDebitSoapIn" />
      <output message="s0:ACHDebitSoapOut" />
    </operation>
    <operation name="ACHVerifyRecurring">
      <documentation>For ACH Recurring Transaction With Check Verification/Guarantee Required fields are:&lt;br&gt;MerchantID, RegKey, Amount, CheckNo, TransRoute, BankAccountNo,DriveLicenseNo, DriveLicenseState, Name, NextProcessDate(mmddyy), NumOfDebits, BillingCycle, fullAmountVerify.&lt;br&gt;RefID is Optional and it's for user referance. SettlementDate(mmddyy) is optional and assumed to be today's date if not specified.&lt;br&gt;&lt;br&gt;Value For BankAccountType can be &lt;b&gt;Checking&lt;/b&gt; or &lt;b&gt;Saving&lt;/b&gt;.&lt;BR&gt;Value For fullAmountVerify is a boolean and can be &lt;b&gt;true&lt;/b&gt; or &lt;b&gt;false&lt;/b&gt;.&lt;BR&gt;If fullAmountVerify=&lt;b&gt;true&lt;/b&gt;, then verify/guarantee for the full amount of the recurring transaction.&lt;br&gt;If fullAmountVerify=&lt;b&gt;false&lt;/b&gt;, then verify/guarantee for only the recurrence amount.</documentation>
      <input message="s0:ACHVerifyRecurringSoapIn" />
      <output message="s0:ACHVerifyRecurringSoapOut" />
    </operation>
    <operation name="ACHRecurring">
      <documentation>For ACH Recurring Transaction Required fields are:&lt;br&gt;MerchantID, RegKey, Amount, CheckNo, TransRoute, BankAccountNo,DriveLicenseNo, DriveLicenseState, Name, NextProcessDate(mmddyy), NumOfDebits, BillingCycle.&lt;br&gt;&lt;br&gt;RefID is Optional and it's for user referance. SettlementDate(mmddyy) is optional and assumed to be today's date if not specified.&lt;br&gt;Value For BankAccountType would be &lt;b&gt;Checking/Saving&lt;/b&gt;.</documentation>
      <input message="s0:ACHRecurringSoapIn" />
      <output message="s0:ACHRecurringSoapOut" />
    </operation>
  </portType>
  <portType name="CheckVerifyHttpGet">
    <operation name="ACHVerify">
      <documentation>This is to Verification/Guarantee Check and Required fields are:&lt;br&gt;MerchantID, RegKey, Amount, CheckNo, TransRoute, BankAccountNo.&lt;br&gt;DriveLicenseNo, DriveLicenseState, Name are required for Personal check and optional for Business Check.&lt;br&gt;&lt;br&gt;RefID is Optional and it's for user referance. SettlementDate is optional and assumed to be today's date if not specifiedAccountType is whether the account is checking or savings</documentation>
      <input message="s0:ACHVerifyHttpGetIn" />
      <output message="s0:ACHVerifyHttpGetOut" />
    </operation>
    <operation name="ACHVerifyCredit">
      <documentation>For ACH Verification/Guarantee and Credit Transaction Required fields are:&lt;br&gt;MerchantID, RegKey, Amount, CheckNo, TransRoute, BankAccountNo,DriveLicenseNo, DriveLicenseState, Name.&lt;br&gt;&lt;br&gt;RefID is Optional and it's for user referance. SettlementDate is optional and assumed to be today's date if not specified &lt;br&gt;Value For BankAccountType would be &lt;b&gt;Checking/Saving&lt;/b&gt;.</documentation>
      <input message="s0:ACHVerifyCreditHttpGetIn" />
      <output message="s0:ACHVerifyCreditHttpGetOut" />
    </operation>
    <operation name="ACHVerifyDebit">
      <documentation>For ACH Verification/Guarantee and Debit Transaction Required fields are:&lt;br&gt;MerchantID, RegKey, Amount, CheckNo, TransRoute, BankAccountNo,DriveLicenseNo, DriveLicenseState, Name.&lt;br&gt;&lt;br&gt;RefID is Optional and it's for user referance. SettlementDate is optional and assumed to be today's date if not specified.&lt;br&gt;Value For BankAccountType would be &lt;b&gt;Checking/Saving&lt;/b&gt;.</documentation>
      <input message="s0:ACHVerifyDebitHttpGetIn" />
      <output message="s0:ACHVerifyDebitHttpGetOut" />
    </operation>
    <operation name="ACHVerifyDebitRecurring">
      <documentation>For ACH Recurring Verification/Guarantee and Debit Transaction Required fields are:&lt;br&gt;MerchantID, RegKey, Amount, CheckNo, TransRoute, BankAccountNo,DriveLicenseNo, DriveLicenseState, Name.&lt;br&gt;&lt;br&gt;RefID is Optional and it's for user referance. SettlementDate is optional and assumed to be today's date if not specified.&lt;br&gt;Value For BankAccountType would be &lt;b&gt;Checking/Saving&lt;/b&gt;.</documentation>
      <input message="s0:ACHVerifyDebitRecurringHttpGetIn" />
      <output message="s0:ACHVerifyDebitRecurringHttpGetOut" />
    </operation>
    <operation name="ACHCredit">
      <documentation>For ACH Credit Transaction Required fields are:&lt;br&gt;MerchantID, RegKey, Amount, CheckNo, TransRoute, BankAccountNo,DriveLicenseNo, DriveLicenseState, Name.&lt;br&gt;&lt;br&gt;RefID is Optional and it's for user referance. SettlementDate is optional and assumed to be today's date if not specified &lt;br&gt;Value For BankAccountType would be &lt;b&gt;Checking/Saving&lt;/b&gt;. Description is optional; field is populated from TC profile if not specified.</documentation>
      <input message="s0:ACHCreditHttpGetIn" />
      <output message="s0:ACHCreditHttpGetOut" />
    </operation>
    <operation name="ACHDebit">
      <documentation>For ACH Debit Transaction Required fields are:&lt;br&gt;MerchantID, RegKey, Amount, TransRoute, BankAccountNo,Name.&lt;br&gt;&lt;br&gt;RefID is Optional and it's for user referance. SettlementDate is optional and assumed to be today's date if not specified.&lt;br&gt;Value For BankAccountType would be &lt;b&gt;Checking/Saving&lt;/b&gt;.Description is optional; field is populated from TC profile if not specified.</documentation>
      <input message="s0:ACHDebitHttpGetIn" />
      <output message="s0:ACHDebitHttpGetOut" />
    </operation>
    <operation name="ACHVerifyRecurring">
      <documentation>For ACH Recurring Transaction With Check Verification/Guarantee Required fields are:&lt;br&gt;MerchantID, RegKey, Amount, CheckNo, TransRoute, BankAccountNo,DriveLicenseNo, DriveLicenseState, Name, NextProcessDate(mmddyy), NumOfDebits, BillingCycle, fullAmountVerify.&lt;br&gt;RefID is Optional and it's for user referance. SettlementDate(mmddyy) is optional and assumed to be today's date if not specified.&lt;br&gt;&lt;br&gt;Value For BankAccountType can be &lt;b&gt;Checking&lt;/b&gt; or &lt;b&gt;Saving&lt;/b&gt;.&lt;BR&gt;Value For fullAmountVerify is a boolean and can be &lt;b&gt;true&lt;/b&gt; or &lt;b&gt;false&lt;/b&gt;.&lt;BR&gt;If fullAmountVerify=&lt;b&gt;true&lt;/b&gt;, then verify/guarantee for the full amount of the recurring transaction.&lt;br&gt;If fullAmountVerify=&lt;b&gt;false&lt;/b&gt;, then verify/guarantee for only the recurrence amount.</documentation>
      <input message="s0:ACHVerifyRecurringHttpGetIn" />
      <output message="s0:ACHVerifyRecurringHttpGetOut" />
    </operation>
    <operation name="ACHRecurring">
      <documentation>For ACH Recurring Transaction Required fields are:&lt;br&gt;MerchantID, RegKey, Amount, CheckNo, TransRoute, BankAccountNo,DriveLicenseNo, DriveLicenseState, Name, NextProcessDate(mmddyy), NumOfDebits, BillingCycle.&lt;br&gt;&lt;br&gt;RefID is Optional and it's for user referance. SettlementDate(mmddyy) is optional and assumed to be today's date if not specified.&lt;br&gt;Value For BankAccountType would be &lt;b&gt;Checking/Saving&lt;/b&gt;.</documentation>
      <input message="s0:ACHRecurringHttpGetIn" />
      <output message="s0:ACHRecurringHttpGetOut" />
    </operation>
  </portType>
  <portType name="CheckVerifyHttpPost">
    <operation name="ACHVerify">
      <documentation>This is to Verification/Guarantee Check and Required fields are:&lt;br&gt;MerchantID, RegKey, Amount, CheckNo, TransRoute, BankAccountNo.&lt;br&gt;DriveLicenseNo, DriveLicenseState, Name are required for Personal check and optional for Business Check.&lt;br&gt;&lt;br&gt;RefID is Optional and it's for user referance. SettlementDate is optional and assumed to be today's date if not specifiedAccountType is whether the account is checking or savings</documentation>
      <input message="s0:ACHVerifyHttpPostIn" />
      <output message="s0:ACHVerifyHttpPostOut" />
    </operation>
    <operation name="ACHVerifyCredit">
      <documentation>For ACH Verification/Guarantee and Credit Transaction Required fields are:&lt;br&gt;MerchantID, RegKey, Amount, CheckNo, TransRoute, BankAccountNo,DriveLicenseNo, DriveLicenseState, Name.&lt;br&gt;&lt;br&gt;RefID is Optional and it's for user referance. SettlementDate is optional and assumed to be today's date if not specified &lt;br&gt;Value For BankAccountType would be &lt;b&gt;Checking/Saving&lt;/b&gt;.</documentation>
      <input message="s0:ACHVerifyCreditHttpPostIn" />
      <output message="s0:ACHVerifyCreditHttpPostOut" />
    </operation>
    <operation name="ACHVerifyDebit">
      <documentation>For ACH Verification/Guarantee and Debit Transaction Required fields are:&lt;br&gt;MerchantID, RegKey, Amount, CheckNo, TransRoute, BankAccountNo,DriveLicenseNo, DriveLicenseState, Name.&lt;br&gt;&lt;br&gt;RefID is Optional and it's for user referance. SettlementDate is optional and assumed to be today's date if not specified.&lt;br&gt;Value For BankAccountType would be &lt;b&gt;Checking/Saving&lt;/b&gt;.</documentation>
      <input message="s0:ACHVerifyDebitHttpPostIn" />
      <output message="s0:ACHVerifyDebitHttpPostOut" />
    </operation>
    <operation name="ACHVerifyDebitRecurring">
      <documentation>For ACH Recurring Verification/Guarantee and Debit Transaction Required fields are:&lt;br&gt;MerchantID, RegKey, Amount, CheckNo, TransRoute, BankAccountNo,DriveLicenseNo, DriveLicenseState, Name.&lt;br&gt;&lt;br&gt;RefID is Optional and it's for user referance. SettlementDate is optional and assumed to be today's date if not specified.&lt;br&gt;Value For BankAccountType would be &lt;b&gt;Checking/Saving&lt;/b&gt;.</documentation>
      <input message="s0:ACHVerifyDebitRecurringHttpPostIn" />
      <output message="s0:ACHVerifyDebitRecurringHttpPostOut" />
    </operation>
    <operation name="ACHCredit">
      <documentation>For ACH Credit Transaction Required fields are:&lt;br&gt;MerchantID, RegKey, Amount, CheckNo, TransRoute, BankAccountNo,DriveLicenseNo, DriveLicenseState, Name.&lt;br&gt;&lt;br&gt;RefID is Optional and it's for user referance. SettlementDate is optional and assumed to be today's date if not specified &lt;br&gt;Value For BankAccountType would be &lt;b&gt;Checking/Saving&lt;/b&gt;. Description is optional; field is populated from TC profile if not specified.</documentation>
      <input message="s0:ACHCreditHttpPostIn" />
      <output message="s0:ACHCreditHttpPostOut" />
    </operation>
    <operation name="ACHDebit">
      <documentation>For ACH Debit Transaction Required fields are:&lt;br&gt;MerchantID, RegKey, Amount, TransRoute, BankAccountNo,Name.&lt;br&gt;&lt;br&gt;RefID is Optional and it's for user referance. SettlementDate is optional and assumed to be today's date if not specified.&lt;br&gt;Value For BankAccountType would be &lt;b&gt;Checking/Saving&lt;/b&gt;.Description is optional; field is populated from TC profile if not specified.</documentation>
      <input message="s0:ACHDebitHttpPostIn" />
      <output message="s0:ACHDebitHttpPostOut" />
    </operation>
    <operation name="ACHVerifyRecurring">
      <documentation>For ACH Recurring Transaction With Check Verification/Guarantee Required fields are:&lt;br&gt;MerchantID, RegKey, Amount, CheckNo, TransRoute, BankAccountNo,DriveLicenseNo, DriveLicenseState, Name, NextProcessDate(mmddyy), NumOfDebits, BillingCycle, fullAmountVerify.&lt;br&gt;RefID is Optional and it's for user referance. SettlementDate(mmddyy) is optional and assumed to be today's date if not specified.&lt;br&gt;&lt;br&gt;Value For BankAccountType can be &lt;b&gt;Checking&lt;/b&gt; or &lt;b&gt;Saving&lt;/b&gt;.&lt;BR&gt;Value For fullAmountVerify is a boolean and can be &lt;b&gt;true&lt;/b&gt; or &lt;b&gt;false&lt;/b&gt;.&lt;BR&gt;If fullAmountVerify=&lt;b&gt;true&lt;/b&gt;, then verify/guarantee for the full amount of the recurring transaction.&lt;br&gt;If fullAmountVerify=&lt;b&gt;false&lt;/b&gt;, then verify/guarantee for only the recurrence amount.</documentation>
      <input message="s0:ACHVerifyRecurringHttpPostIn" />
      <output message="s0:ACHVerifyRecurringHttpPostOut" />
    </operation>
    <operation name="ACHRecurring">
      <documentation>For ACH Recurring Transaction Required fields are:&lt;br&gt;MerchantID, RegKey, Amount, CheckNo, TransRoute, BankAccountNo,DriveLicenseNo, DriveLicenseState, Name, NextProcessDate(mmddyy), NumOfDebits, BillingCycle.&lt;br&gt;&lt;br&gt;RefID is Optional and it's for user referance. SettlementDate(mmddyy) is optional and assumed to be today's date if not specified.&lt;br&gt;Value For BankAccountType would be &lt;b&gt;Checking/Saving&lt;/b&gt;.</documentation>
      <input message="s0:ACHRecurringHttpPostIn" />
      <output message="s0:ACHRecurringHttpPostOut" />
    </operation>
  </portType>
  <binding name="CheckVerifySoap" type="s0:CheckVerifySoap">
    <soap:binding transport="http://schemas.xmlsoap.org/soap/http" style="document" />
    <operation name="ACHVerify">
      <soap:operation soapAction="http://www.paymentresource.com/webservices/ACHVerify" style="document" />
      <input>
        <soap:body use="literal" />
      </input>
      <output>
        <soap:body use="literal" />
      </output>
    </operation>
    <operation name="ACHVerifyCredit">
      <soap:operation soapAction="http://www.paymentresource.com/webservices/ACHVerifyCredit" style="document" />
      <input>
        <soap:body use="literal" />
      </input>
      <output>
        <soap:body use="literal" />
      </output>
    </operation>
    <operation name="ACHVerifyDebit">
      <soap:operation soapAction="http://www.paymentresource.com/webservices/ACHVerifyDebit" style="document" />
      <input>
        <soap:body use="literal" />
      </input>
      <output>
        <soap:body use="literal" />
      </output>
    </operation>
    <operation name="ACHVerifyDebitRecurring">
      <soap:operation soapAction="http://www.paymentresource.com/webservices/ACHVerifyDebitRecurring" style="document" />
      <input>
        <soap:body use="literal" />
      </input>
      <output>
        <soap:body use="literal" />
      </output>
    </operation>
    <operation name="ACHCredit">
      <soap:operation soapAction="http://www.paymentresource.com/webservices/ACHCredit" style="document" />
      <input>
        <soap:body use="literal" />
      </input>
      <output>
        <soap:body use="literal" />
      </output>
    </operation>
    <operation name="ACHDebit">
      <soap:operation soapAction="http://www.paymentresource.com/webservices/ACHDebit" style="document" />
      <input>
        <soap:body use="literal" />
      </input>
      <output>
        <soap:body use="literal" />
      </output>
    </operation>
    <operation name="ACHVerifyRecurring">
      <soap:operation soapAction="http://www.paymentresource.com/webservices/ACHVerifyRecurring" style="document" />
      <input>
        <soap:body use="literal" />
      </input>
      <output>
        <soap:body use="literal" />
      </output>
    </operation>
    <operation name="ACHRecurring">
      <soap:operation soapAction="http://www.paymentresource.com/webservices/ACHRecurring" style="document" />
      <input>
        <soap:body use="literal" />
      </input>
      <output>
        <soap:body use="literal" />
      </output>
    </operation>
  </binding>
  <binding name="CheckVerifyHttpGet" type="s0:CheckVerifyHttpGet">
    <http:binding verb="GET" />
    <operation name="ACHVerify">
      <http:operation location="/ACHVerify" />
      <input>
        <http:urlEncoded />
      </input>
      <output>
        <mime:mimeXml part="Body" />
      </output>
    </operation>
    <operation name="ACHVerifyCredit">
      <http:operation location="/ACHVerifyCredit" />
      <input>
        <http:urlEncoded />
      </input>
      <output>
        <mime:mimeXml part="Body" />
      </output>
    </operation>
    <operation name="ACHVerifyDebit">
      <http:operation location="/ACHVerifyDebit" />
      <input>
        <http:urlEncoded />
      </input>
      <output>
        <mime:mimeXml part="Body" />
      </output>
    </operation>
    <operation name="ACHVerifyDebitRecurring">
      <http:operation location="/ACHVerifyDebitRecurring" />
      <input>
        <http:urlEncoded />
      </input>
      <output>
        <mime:mimeXml part="Body" />
      </output>
    </operation>
    <operation name="ACHCredit">
      <http:operation location="/ACHCredit" />
      <input>
        <http:urlEncoded />
      </input>
      <output>
        <mime:mimeXml part="Body" />
      </output>
    </operation>
    <operation name="ACHDebit">
      <http:operation location="/ACHDebit" />
      <input>
        <http:urlEncoded />
      </input>
      <output>
        <mime:mimeXml part="Body" />
      </output>
    </operation>
    <operation name="ACHVerifyRecurring">
      <http:operation location="/ACHVerifyRecurring" />
      <input>
        <http:urlEncoded />
      </input>
      <output>
        <mime:mimeXml part="Body" />
      </output>
    </operation>
    <operation name="ACHRecurring">
      <http:operation location="/ACHRecurring" />
      <input>
        <http:urlEncoded />
      </input>
      <output>
        <mime:mimeXml part="Body" />
      </output>
    </operation>
  </binding>
  <binding name="CheckVerifyHttpPost" type="s0:CheckVerifyHttpPost">
    <http:binding verb="POST" />
    <operation name="ACHVerify">
      <http:operation location="/ACHVerify" />
      <input>
        <mime:content type="application/x-www-form-urlencoded" />
      </input>
      <output>
        <mime:mimeXml part="Body" />
      </output>
    </operation>
    <operation name="ACHVerifyCredit">
      <http:operation location="/ACHVerifyCredit" />
      <input>
        <mime:content type="application/x-www-form-urlencoded" />
      </input>
      <output>
        <mime:mimeXml part="Body" />
      </output>
    </operation>
    <operation name="ACHVerifyDebit">
      <http:operation location="/ACHVerifyDebit" />
      <input>
        <mime:content type="application/x-www-form-urlencoded" />
      </input>
      <output>
        <mime:mimeXml part="Body" />
      </output>
    </operation>
    <operation name="ACHVerifyDebitRecurring">
      <http:operation location="/ACHVerifyDebitRecurring" />
      <input>
        <mime:content type="application/x-www-form-urlencoded" />
      </input>
      <output>
        <mime:mimeXml part="Body" />
      </output>
    </operation>
    <operation name="ACHCredit">
      <http:operation location="/ACHCredit" />
      <input>
        <mime:content type="application/x-www-form-urlencoded" />
      </input>
      <output>
        <mime:mimeXml part="Body" />
      </output>
    </operation>
    <operation name="ACHDebit">
      <http:operation location="/ACHDebit" />
      <input>
        <mime:content type="application/x-www-form-urlencoded" />
      </input>
      <output>
        <mime:mimeXml part="Body" />
      </output>
    </operation>
    <operation name="ACHVerifyRecurring">
      <http:operation location="/ACHVerifyRecurring" />
      <input>
        <mime:content type="application/x-www-form-urlencoded" />
      </input>
      <output>
        <mime:mimeXml part="Body" />
      </output>
    </operation>
    <operation name="ACHRecurring">
      <http:operation location="/ACHRecurring" />
      <input>
        <mime:content type="application/x-www-form-urlencoded" />
      </input>
      <output>
        <mime:mimeXml part="Body" />
      </output>
    </operation>
  </binding>
  <service name="CheckVerify">
    <documentation>&lt;font size='4'&gt;&lt;a href='http://www.paymentresource.com'&gt;Payment Resources International&lt;/a&gt;&lt;/font&gt; provides this Check Verification Web Service for its customers.&lt;br&gt;In order to verify Check you will need to have a valid Merchant Account with us.For more information on this service click method below.</documentation>
    <port name="CheckVerifySoap" binding="s0:CheckVerifySoap">
      <soap:address location="https://webservices.primerchants.com/CheckVerifyWS/CheckVerifyWS.asmx" />
    </port>
    <port name="CheckVerifyHttpGet" binding="s0:CheckVerifyHttpGet">
      <http:address location="https://webservices.primerchants.com/CheckVerifyWS/CheckVerifyWS.asmx" />
    </port>
    <port name="CheckVerifyHttpPost" binding="s0:CheckVerifyHttpPost">
      <http:address location="https://webservices.primerchants.com/CheckVerifyWS/CheckVerifyWS.asmx" />
    </port>
  </service>
</definitions>
