<?xml version="1.0" encoding="utf-8"?>

<!--
This is the seekda cache of the WSDL definition available at http://ws.strikeiron.com/DnBBusinessProspectLinkage2?WSDL.
seekdas cache is a snapshot that we took as we crawled the Web.
The service may have changed since the last crawl.
seekda is neither affiliated with the authors of this service nor responsible for its advertised functionality.

-->

<wsdl:definitions xmlns:s1="http://ws.strikeiron.com" xmlns:http="http://schemas.xmlsoap.org/wsdl/http/" xmlns:soap="http://schemas.xmlsoap.org/wsdl/soap/" xmlns:s="http://www.w3.org/2001/XMLSchema" xmlns:si="http://www.strikeiron.com" xmlns:soapenc="http://schemas.xmlsoap.org/soap/encoding/" xmlns:tm="http://microsoft.com/wsdl/mime/textMatching/" xmlns:mime="http://schemas.xmlsoap.org/wsdl/mime/" targetNamespace="http://www.strikeiron.com" xmlns:wsdl="http://schemas.xmlsoap.org/wsdl/">
  <wsdl:types>
    <s:schema elementFormDefault="qualified" targetNamespace="http://www.strikeiron.com">
      <s:element name="GetProspectByDUNS">
        <s:complexType>
          <s:sequence>
            <s:element minOccurs="0" maxOccurs="1" name="DUNSNumber" type="s:string" />
          </s:sequence>
        </s:complexType>
      </s:element>
      <s:element name="GetProspectByDUNSResponse">
        <s:complexType>
          <s:sequence>
            <s:element minOccurs="0" maxOccurs="1" name="GetProspectByDUNSResult" type="si:BusinessProspectLinkageOutput" />
          </s:sequence>
        </s:complexType>
      </s:element>
      <s:complexType name="BusinessProspectLinkageOutput">
        <s:complexContent mixed="false">
          <s:extension base="si:SIWsOutput">
            <s:sequence>
              <s:element minOccurs="0" maxOccurs="1" name="ServiceResult" type="si:BusProspectLinkageData" />
            </s:sequence>
          </s:extension>
        </s:complexContent>
      </s:complexType>
      <s:complexType name="SIWsOutput">
        <s:sequence>
          <s:element minOccurs="0" maxOccurs="1" name="ServiceStatus" type="si:SIWsStatus" />
        </s:sequence>
      </s:complexType>
      <s:complexType name="SIWsStatus">
        <s:sequence>
          <s:element minOccurs="1" maxOccurs="1" name="StatusNbr" type="s:int" />
          <s:element minOccurs="0" maxOccurs="1" name="StatusDescription" type="s:string" />
        </s:sequence>
      </s:complexType>
      <s:complexType name="BusProspectLinkageData">
        <s:complexContent mixed="false">
          <s:extension base="si:ProductData">
            <s:sequence>
              <s:element minOccurs="0" maxOccurs="1" name="DUNSNumber" type="s:string" />
              <s:element minOccurs="0" maxOccurs="1" name="BusinessName" type="s:string" />
              <s:element minOccurs="0" maxOccurs="1" name="TradeStyle" type="s:string" />
              <s:element minOccurs="0" maxOccurs="1" name="StreetAddress" type="s:string" />
              <s:element minOccurs="0" maxOccurs="1" name="City" type="s:string" />
              <s:element minOccurs="0" maxOccurs="1" name="StateOrProvince" type="s:string" />
              <s:element minOccurs="0" maxOccurs="1" name="Country" type="s:string" />
              <s:element minOccurs="0" maxOccurs="1" name="PostalCode" type="s:string" />
              <s:element minOccurs="0" maxOccurs="1" name="CountryTelephoneAccessCode" type="s:string" />
              <s:element minOccurs="0" maxOccurs="1" name="TelephoneNumber" type="s:string" />
              <s:element minOccurs="0" maxOccurs="1" name="MailingStreetAddress" type="s:string" />
              <s:element minOccurs="0" maxOccurs="1" name="MailingCity" type="s:string" />
              <s:element minOccurs="0" maxOccurs="1" name="MailingStateOrProvince" type="s:string" />
              <s:element minOccurs="0" maxOccurs="1" name="MailingCountry" type="s:string" />
              <s:element minOccurs="0" maxOccurs="1" name="MailingPostalCode" type="s:string" />
              <s:element minOccurs="0" maxOccurs="1" name="CEOName" type="s:string" />
              <s:element minOccurs="0" maxOccurs="1" name="CEOTitle" type="s:string" />
              <s:element minOccurs="0" maxOccurs="1" name="LineOfBusiness" type="s:string" />
              <s:element minOccurs="0" maxOccurs="1" name="SICCode" type="s:string" />
              <s:element minOccurs="0" maxOccurs="1" name="YearStarted" type="s:string" />
              <s:element minOccurs="0" maxOccurs="1" name="AnnualSalesInd" type="s:string" />
              <s:element minOccurs="0" maxOccurs="1" name="AnnualSalesUSDollars" type="s:string" />
              <s:element minOccurs="0" maxOccurs="1" name="EmployeesHere" type="s:string" />
              <s:element minOccurs="0" maxOccurs="1" name="EmployeesHereInd" type="s:string" />
              <s:element minOccurs="0" maxOccurs="1" name="EmployeesTotal" type="s:string" />
              <s:element minOccurs="0" maxOccurs="1" name="EmployeesTotalInd" type="s:string" />
              <s:element minOccurs="0" maxOccurs="1" name="BusinessStructure" type="s:string" />
              <s:element minOccurs="0" maxOccurs="1" name="HeadquartersOrParentDUNSNumber" type="s:string" />
              <s:element minOccurs="0" maxOccurs="1" name="HeadquartersOrParentBusinessName" type="s:string" />
              <s:element minOccurs="0" maxOccurs="1" name="HeadquartersOrParentStreetAddress" type="s:string" />
              <s:element minOccurs="0" maxOccurs="1" name="HeadquartersOrParentCity" type="s:string" />
              <s:element minOccurs="0" maxOccurs="1" name="HeadquartersOrParentStateOrProvince" type="s:string" />
              <s:element minOccurs="0" maxOccurs="1" name="HeadquartersOrParentCountry" type="s:string" />
              <s:element minOccurs="0" maxOccurs="1" name="HeadquartersOrParentCityCode" type="s:string" />
              <s:element minOccurs="0" maxOccurs="1" name="HeadquartersOrParentCountyCode" type="s:string" />
              <s:element minOccurs="0" maxOccurs="1" name="HeadquartersOrParentStateOrProvinceAbbreviation" type="s:string" />
              <s:element minOccurs="0" maxOccurs="1" name="HeadquartersOrParentWorldBaseCountryCode" type="s:string" />
              <s:element minOccurs="0" maxOccurs="1" name="HeadquartersOrParentPostalCode" type="s:string" />
              <s:element minOccurs="0" maxOccurs="1" name="HeadquartersOrParentContinentCode" type="s:string" />
              <s:element minOccurs="0" maxOccurs="1" name="HeadquartersOrParentContinentName" type="s:string" />
              <s:element minOccurs="0" maxOccurs="1" name="DomesticUltimateDUNSNumber" type="s:string" />
              <s:element minOccurs="0" maxOccurs="1" name="DomesticUltimateBusinessName" type="s:string" />
              <s:element minOccurs="0" maxOccurs="1" name="DomesticUltimateStreetAddress" type="s:string" />
              <s:element minOccurs="0" maxOccurs="1" name="DomesticUltimateCity" type="s:string" />
              <s:element minOccurs="0" maxOccurs="1" name="DomesticUltimateStateOrProvince" type="s:string" />
              <s:element minOccurs="0" maxOccurs="1" name="DomesticUltimateCityCode" type="s:string" />
              <s:element minOccurs="0" maxOccurs="1" name="DomesticUltimateCountyCode" type="s:string" />
              <s:element minOccurs="0" maxOccurs="1" name="DomesticUltimateStateOrProvinceAbbreviation" type="s:string" />
              <s:element minOccurs="0" maxOccurs="1" name="DomesticUltimatePostalCode" type="s:string" />
              <s:element minOccurs="0" maxOccurs="1" name="GlobalUltimateInd" type="s:string" />
              <s:element minOccurs="0" maxOccurs="1" name="GlobalUltimateDUNSNumber" type="s:string" />
              <s:element minOccurs="0" maxOccurs="1" name="GlobalUltimateBusinessName" type="s:string" />
              <s:element minOccurs="0" maxOccurs="1" name="GlobalUltimateStreetAddress" type="s:string" />
              <s:element minOccurs="0" maxOccurs="1" name="GlobalUltimateCity" type="s:string" />
              <s:element minOccurs="0" maxOccurs="1" name="GlobalUltimateStateOrProvince" type="s:string" />
              <s:element minOccurs="0" maxOccurs="1" name="GlobalUltimateCountry" type="s:string" />
              <s:element minOccurs="0" maxOccurs="1" name="GlobalUltimateCityCode" type="s:string" />
              <s:element minOccurs="0" maxOccurs="1" name="GlobalUltimateCountyCode" type="s:string" />
              <s:element minOccurs="0" maxOccurs="1" name="GlobalUltimateStateOrProvinceAbbreviation" type="s:string" />
              <s:element minOccurs="0" maxOccurs="1" name="GlobalUltimateWorldBaseCountryCode" type="s:string" />
              <s:element minOccurs="0" maxOccurs="1" name="GlobalUltimatePostalCode" type="s:string" />
              <s:element minOccurs="0" maxOccurs="1" name="GlobalUltimateContinentCode" type="s:string" />
              <s:element minOccurs="0" maxOccurs="1" name="GlobalUltimateContinentName" type="s:string" />
              <s:element minOccurs="0" maxOccurs="1" name="NumberOfGlobalFamilyMembers" type="s:string" />
              <s:element minOccurs="0" maxOccurs="1" name="GlobalHierarchyCode" type="s:string" />
              <s:element minOccurs="0" maxOccurs="1" name="FamilyUpdateDate" type="s:string" />
            </s:sequence>
          </s:extension>
        </s:complexContent>
      </s:complexType>
      <s:complexType name="ProductData" abstract="true" />
      <s:element name="GetProspectByCompany">
        <s:complexType>
          <s:sequence>
            <s:element minOccurs="0" maxOccurs="1" name="Company" type="si:Company" />
            <s:element minOccurs="0" maxOccurs="1" name="Confidence" type="s:string" />
          </s:sequence>
        </s:complexType>
      </s:element>
      <s:complexType name="Company">
        <s:sequence>
          <s:element minOccurs="0" maxOccurs="1" name="CompanyName" type="s:string" />
          <s:element minOccurs="0" maxOccurs="1" name="StreetAddress" type="s:string" />
          <s:element minOccurs="0" maxOccurs="1" name="City" type="s:string" />
          <s:element minOccurs="0" maxOccurs="1" name="State" type="s:string" />
          <s:element minOccurs="0" maxOccurs="1" name="PostalCode" type="s:string" />
          <s:element minOccurs="0" maxOccurs="1" name="Phone" type="s:string" />
          <s:element minOccurs="0" maxOccurs="1" name="CountryCode" type="s:string" />
        </s:sequence>
      </s:complexType>
      <s:element name="GetProspectByCompanyResponse">
        <s:complexType>
          <s:sequence>
            <s:element minOccurs="0" maxOccurs="1" name="GetProspectByCompanyResult" type="si:BusinessProspectLinkageOutput" />
          </s:sequence>
        </s:complexType>
      </s:element>
      <s:element name="CompanyVerify">
        <s:complexType>
          <s:sequence>
            <s:element minOccurs="0" maxOccurs="1" name="DUNSNumber" type="s:string" />
          </s:sequence>
        </s:complexType>
      </s:element>
      <s:element name="CompanyVerifyResponse">
        <s:complexType>
          <s:sequence>
            <s:element minOccurs="0" maxOccurs="1" name="CompanyVerifyResult" type="si:VerifyOutput" />
          </s:sequence>
        </s:complexType>
      </s:element>
      <s:complexType name="VerifyOutput">
        <s:complexContent mixed="false">
          <s:extension base="si:SIWsOutput">
            <s:sequence>
              <s:element minOccurs="0" maxOccurs="1" name="ServiceResult" type="si:VerifiedCompany" />
            </s:sequence>
          </s:extension>
        </s:complexContent>
      </s:complexType>
      <s:complexType name="VerifiedCompany">
        <s:complexContent mixed="false">
          <s:extension base="si:Company">
            <s:sequence>
              <s:element minOccurs="0" maxOccurs="1" name="DUNSNumber" type="s:string" />
            </s:sequence>
          </s:extension>
        </s:complexContent>
      </s:complexType>
      <s:element name="CompanySearch">
        <s:complexType>
          <s:sequence>
            <s:element minOccurs="0" maxOccurs="1" name="CompanyName" type="s:string" />
            <s:element minOccurs="0" maxOccurs="1" name="StreetAddress" type="s:string" />
            <s:element minOccurs="0" maxOccurs="1" name="City" type="s:string" />
            <s:element minOccurs="0" maxOccurs="1" name="State" type="s:string" />
            <s:element minOccurs="0" maxOccurs="1" name="PostalCode" type="s:string" />
            <s:element minOccurs="0" maxOccurs="1" name="CountryCode" type="s:string" />
            <s:element minOccurs="0" maxOccurs="1" name="Confidence" type="s:string" />
          </s:sequence>
        </s:complexType>
      </s:element>
      <s:element name="CompanySearchResponse">
        <s:complexType>
          <s:sequence>
            <s:element minOccurs="0" maxOccurs="1" name="CompanySearchResult" type="si:SearchOutput" />
          </s:sequence>
        </s:complexType>
      </s:element>
      <s:complexType name="SearchOutput">
        <s:complexContent mixed="false">
          <s:extension base="si:SIWsOutput">
            <s:sequence>
              <s:element minOccurs="0" maxOccurs="1" name="ServiceResult" type="si:SearchResult" />
            </s:sequence>
          </s:extension>
        </s:complexContent>
      </s:complexType>
      <s:complexType name="SearchResult">
        <s:complexContent mixed="false">
          <s:extension base="si:SIWsResult">
            <s:sequence>
              <s:element minOccurs="0" maxOccurs="1" name="CandidateCompanies" type="si:ArrayOfCandidateCompany" />
            </s:sequence>
          </s:extension>
        </s:complexContent>
      </s:complexType>
      <s:complexType name="SIWsResult">
        <s:sequence>
          <s:element minOccurs="1" maxOccurs="1" name="Count" type="s:int" />
        </s:sequence>
      </s:complexType>
      <s:complexType name="ArrayOfCandidateCompany">
        <s:sequence>
          <s:element minOccurs="0" maxOccurs="unbounded" name="CandidateCompany" nillable="true" type="si:CandidateCompany" />
        </s:sequence>
      </s:complexType>
      <s:complexType name="CandidateCompany">
        <s:complexContent mixed="false">
          <s:extension base="si:Company">
            <s:sequence>
              <s:element minOccurs="0" maxOccurs="1" name="BranchIndicator" type="s:string" />
              <s:element minOccurs="0" maxOccurs="1" name="TradingName" type="s:string" />
              <s:element minOccurs="1" maxOccurs="1" name="ConfidenceCode" type="s:int" />
              <s:element minOccurs="0" maxOccurs="1" name="MatchGrade" type="s:string" />
              <s:element minOccurs="0" maxOccurs="1" name="MatchNameGrade" type="s:string" />
              <s:element minOccurs="1" maxOccurs="1" name="MatchNamePercent" type="s:int" />
              <s:element minOccurs="0" maxOccurs="1" name="MatchStreetNumberGrade" type="s:string" />
              <s:element minOccurs="1" maxOccurs="1" name="MatchStreetNumberPercent" type="s:int" />
              <s:element minOccurs="0" maxOccurs="1" name="MatchStreetNameGrade" type="s:string" />
              <s:element minOccurs="1" maxOccurs="1" name="MatchStreetNamePercent" type="s:int" />
              <s:element minOccurs="0" maxOccurs="1" name="MatchCityGrade" type="s:string" />
              <s:element minOccurs="1" maxOccurs="1" name="MatchCityPercent" type="s:int" />
              <s:element minOccurs="0" maxOccurs="1" name="MatchCountryStateGrade" type="s:string" />
              <s:element minOccurs="1" maxOccurs="1" name="MatchCountryStatePercent" type="s:int" />
              <s:element minOccurs="0" maxOccurs="1" name="MatchPOBoxGrade" type="s:string" />
              <s:element minOccurs="1" maxOccurs="1" name="MatchPOBoxPercent" type="s:int" />
              <s:element minOccurs="0" maxOccurs="1" name="MatchPhoneGrade" type="s:string" />
              <s:element minOccurs="1" maxOccurs="1" name="MatchPhonePercent" type="s:int" />
            </s:sequence>
          </s:extension>
        </s:complexContent>
      </s:complexType>
      <s:element name="GetTermsOfAgreement">
        <s:complexType />
      </s:element>
      <s:element name="GetTermsOfAgreementResponse">
        <s:complexType>
          <s:sequence>
            <s:element minOccurs="0" maxOccurs="1" name="TermsOfAgreement" type="s:string" />
          </s:sequence>
        </s:complexType>
      </s:element>
      <s:element name="GetTestDunsNumbers">
        <s:complexType />
      </s:element>
      <s:element name="GetTestDunsNumbersResponse">
        <s:complexType>
          <s:sequence>
            <s:element minOccurs="0" maxOccurs="1" name="GetTestDunsNumbersResult" type="si:TestDUNSNumbersOutput" />
          </s:sequence>
        </s:complexType>
      </s:element>
      <s:complexType name="TestDUNSNumbersOutput">
        <s:complexContent mixed="false">
          <s:extension base="si:SIWsOutput">
            <s:sequence>
              <s:element minOccurs="0" maxOccurs="1" name="ServiceResult" type="si:TestDUNSNumbersResult" />
            </s:sequence>
          </s:extension>
        </s:complexContent>
      </s:complexType>
      <s:complexType name="TestDUNSNumbersResult">
        <s:complexContent mixed="false">
          <s:extension base="si:SIWsResult">
            <s:sequence>
              <s:element minOccurs="0" maxOccurs="1" name="TestDUNSNumbers" type="si:ArrayOfString" />
            </s:sequence>
          </s:extension>
        </s:complexContent>
      </s:complexType>
      <s:complexType name="ArrayOfString">
        <s:sequence>
          <s:element minOccurs="0" maxOccurs="unbounded" name="string" nillable="true" type="s:string" />
        </s:sequence>
      </s:complexType>
      <s:element name="GetCountryCodes">
        <s:complexType />
      </s:element>
      <s:element name="GetCountryCodesResponse">
        <s:complexType>
          <s:sequence>
            <s:element minOccurs="0" maxOccurs="1" name="GetCountryCodesResult" type="si:CountryCodesOutput" />
          </s:sequence>
        </s:complexType>
      </s:element>
      <s:complexType name="CountryCodesOutput">
        <s:complexContent mixed="false">
          <s:extension base="si:SIWsOutput">
            <s:sequence>
              <s:element minOccurs="0" maxOccurs="1" name="ServiceResult" type="si:CountryCodesResult" />
            </s:sequence>
          </s:extension>
        </s:complexContent>
      </s:complexType>
      <s:complexType name="CountryCodesResult">
        <s:complexContent mixed="false">
          <s:extension base="si:SIWsResult">
            <s:sequence>
              <s:element minOccurs="0" maxOccurs="1" name="CountryCodes" type="si:ArrayOfCountryCode" />
            </s:sequence>
          </s:extension>
        </s:complexContent>
      </s:complexType>
      <s:complexType name="ArrayOfCountryCode">
        <s:sequence>
          <s:element minOccurs="0" maxOccurs="unbounded" name="CountryCode" nillable="true" type="si:CountryCode" />
        </s:sequence>
      </s:complexType>
      <s:complexType name="CountryCode">
        <s:sequence>
          <s:element minOccurs="0" maxOccurs="1" name="Code" type="s:string" />
          <s:element minOccurs="0" maxOccurs="1" name="Country" type="s:string" />
        </s:sequence>
      </s:complexType>
      <s:element name="GetAllStatuses">
        <s:complexType />
      </s:element>
      <s:element name="GetAllStatusesResponse">
        <s:complexType>
          <s:sequence>
            <s:element minOccurs="0" maxOccurs="1" name="GetAllStatusesResult" type="si:StatusCodeOutput" />
          </s:sequence>
        </s:complexType>
      </s:element>
      <s:complexType name="StatusCodeOutput">
        <s:complexContent mixed="false">
          <s:extension base="si:SIWsOutput">
            <s:sequence>
              <s:element minOccurs="0" maxOccurs="1" name="ServiceResult" type="si:StatusCodeResult" />
            </s:sequence>
          </s:extension>
        </s:complexContent>
      </s:complexType>
      <s:complexType name="StatusCodeResult">
        <s:complexContent mixed="false">
          <s:extension base="si:SIWsResult">
            <s:sequence>
              <s:element minOccurs="0" maxOccurs="1" name="Statuses" type="si:ArrayOfSIWsStatus" />
            </s:sequence>
          </s:extension>
        </s:complexContent>
      </s:complexType>
      <s:complexType name="ArrayOfSIWsStatus">
        <s:sequence>
          <s:element minOccurs="0" maxOccurs="unbounded" name="SIWsStatus" nillable="true" type="si:SIWsStatus" />
        </s:sequence>
      </s:complexType>
      <s:element name="GetServiceInfo">
        <s:complexType />
      </s:element>
      <s:element name="GetServiceInfoResponse">
        <s:complexType>
          <s:sequence>
            <s:element minOccurs="0" maxOccurs="1" name="GetServiceInfoResult" type="si:ServiceInfoOutput" />
          </s:sequence>
        </s:complexType>
      </s:element>
      <s:complexType name="ServiceInfoOutput">
        <s:complexContent mixed="false">
          <s:extension base="si:SIWsOutput">
            <s:sequence>
              <s:element minOccurs="0" maxOccurs="1" name="ServiceResult" type="si:SIServiceInfoResult" />
            </s:sequence>
          </s:extension>
        </s:complexContent>
      </s:complexType>
      <s:complexType name="SIServiceInfoResult">
        <s:complexContent mixed="false">
          <s:extension base="si:SIWsResult">
            <s:sequence>
              <s:element minOccurs="0" maxOccurs="1" name="ServiceInfo" type="si:ArrayOfServiceInfoRecord" />
            </s:sequence>
          </s:extension>
        </s:complexContent>
      </s:complexType>
      <s:complexType name="ArrayOfServiceInfoRecord">
        <s:sequence>
          <s:element minOccurs="0" maxOccurs="unbounded" name="ServiceInfoRecord" nillable="true" type="si:ServiceInfoRecord" />
        </s:sequence>
      </s:complexType>
      <s:complexType name="ServiceInfoRecord">
        <s:sequence>
          <s:element minOccurs="0" maxOccurs="1" name="InfoKey" type="s:string" />
          <s:element minOccurs="0" maxOccurs="1" name="InfoValue" type="s:string" />
        </s:sequence>
      </s:complexType>
    </s:schema>
    <s:schema xmlns:xs="http://www.w3.org/2001/XMLSchema" xmlns:tns1="http://ws.strikeiron.com" attributeFormDefault="unqualified" elementFormDefault="qualified" targetNamespace="http://ws.strikeiron.com">
      <xs:element name="LicenseInfo" type="tns1:LicenseInfo" />
      <xs:complexType name="LicenseInfo">
        <xs:sequence>
          <xs:element minOccurs="0" name="UnregisteredUser" type="tns1:UnregisteredUser" />
          <xs:element minOccurs="0" name="RegisteredUser" type="tns1:RegisteredUser" />
        </xs:sequence>
      </xs:complexType>
      <xs:complexType name="UnregisteredUser">
        <xs:sequence>
          <xs:element minOccurs="0" name="EmailAddress" type="xs:string" />
        </xs:sequence>
      </xs:complexType>
      <xs:complexType name="RegisteredUser">
        <xs:sequence>
          <xs:element minOccurs="0" name="UserID" type="xs:string" />
          <xs:element minOccurs="0" name="Password" type="xs:string" />
        </xs:sequence>
      </xs:complexType>
      <xs:element name="SubscriptionInfo" type="tns1:SubscriptionInfo" />
      <xs:complexType name="SubscriptionInfo">
        <xs:sequence>
          <xs:element name="LicenseStatusCode" type="xs:int" />
          <xs:element minOccurs="0" name="LicenseStatus" type="xs:string" />
          <xs:element name="LicenseActionCode" type="xs:int" />
          <xs:element minOccurs="0" name="LicenseAction" type="xs:string" />
          <xs:element name="RemainingHits" type="xs:int" />
          <xs:element name="Amount" type="xs:decimal" />
        </xs:sequence>
      </xs:complexType>
      <xs:element name="GetRemainingHits">
        <xs:complexType />
      </xs:element>
      <xs:element name="GetRemainingHitsResponse">
        <xs:complexType />
      </xs:element>
    </s:schema>
  </wsdl:types>
  <wsdl:message name="GetProspectByDUNSSoapIn">
    <wsdl:part name="parameters" element="si:GetProspectByDUNS" />
  </wsdl:message>
  <wsdl:message name="GetProspectByDUNSSoapOut">
    <wsdl:part name="parameters" element="si:GetProspectByDUNSResponse" />
  </wsdl:message>
  <wsdl:message name="GetProspectByCompanySoapIn">
    <wsdl:part name="parameters" element="si:GetProspectByCompany" />
  </wsdl:message>
  <wsdl:message name="GetProspectByCompanySoapOut">
    <wsdl:part name="parameters" element="si:GetProspectByCompanyResponse" />
  </wsdl:message>
  <wsdl:message name="CompanyVerifySoapIn">
    <wsdl:part name="parameters" element="si:CompanyVerify" />
  </wsdl:message>
  <wsdl:message name="CompanyVerifySoapOut">
    <wsdl:part name="parameters" element="si:CompanyVerifyResponse" />
  </wsdl:message>
  <wsdl:message name="CompanySearchSoapIn">
    <wsdl:part name="parameters" element="si:CompanySearch" />
  </wsdl:message>
  <wsdl:message name="CompanySearchSoapOut">
    <wsdl:part name="parameters" element="si:CompanySearchResponse" />
  </wsdl:message>
  <wsdl:message name="GetTermsOfAgreementSoapIn">
    <wsdl:part name="parameters" element="si:GetTermsOfAgreement" />
  </wsdl:message>
  <wsdl:message name="GetTermsOfAgreementSoapOut">
    <wsdl:part name="parameters" element="si:GetTermsOfAgreementResponse" />
  </wsdl:message>
  <wsdl:message name="GetTestDunsNumbersSoapIn">
    <wsdl:part name="parameters" element="si:GetTestDunsNumbers" />
  </wsdl:message>
  <wsdl:message name="GetTestDunsNumbersSoapOut">
    <wsdl:part name="parameters" element="si:GetTestDunsNumbersResponse" />
  </wsdl:message>
  <wsdl:message name="GetCountryCodesSoapIn">
    <wsdl:part name="parameters" element="si:GetCountryCodes" />
  </wsdl:message>
  <wsdl:message name="GetCountryCodesSoapOut">
    <wsdl:part name="parameters" element="si:GetCountryCodesResponse" />
  </wsdl:message>
  <wsdl:message name="GetAllStatusesSoapIn">
    <wsdl:part name="parameters" element="si:GetAllStatuses" />
  </wsdl:message>
  <wsdl:message name="GetAllStatusesSoapOut">
    <wsdl:part name="parameters" element="si:GetAllStatusesResponse" />
  </wsdl:message>
  <wsdl:message name="GetServiceInfoSoapIn">
    <wsdl:part name="parameters" element="si:GetServiceInfo" />
  </wsdl:message>
  <wsdl:message name="GetServiceInfoSoapOut">
    <wsdl:part name="parameters" element="si:GetServiceInfoResponse" />
  </wsdl:message>
  <wsdl:message name="GetRemainingHitsSoapIn">
    <wsdl:part name="parameters" element="s1:GetRemainingHits" />
  </wsdl:message>
  <wsdl:message name="GetRemainingHitsSoapOut">
    <wsdl:part name="parameters" element="s1:GetRemainingHitsResponse" />
  </wsdl:message>
  <wsdl:message name="LicenseInfoMessage">
    <wsdl:part name="LicenseInfo" element="s1:LicenseInfo" />
  </wsdl:message>
  <wsdl:message name="SubscriptionInfoMessage">
    <wsdl:part name="SubscriptionInfo" element="s1:SubscriptionInfo" />
  </wsdl:message>
  <wsdl:portType name="BusinessProspectLinkageServiceSoap">
    <wsdl:operation name="GetProspectByDUNS">
      <documentation xmlns="http://schemas.xmlsoap.org/wsdl/">Business Prospect - specify DUNS and Country Code</documentation>
      <wsdl:input message="si:GetProspectByDUNSSoapIn" />
      <wsdl:output message="si:GetProspectByDUNSSoapOut" />
    </wsdl:operation>
    <wsdl:operation name="GetProspectByCompany">
      <documentation xmlns="http://schemas.xmlsoap.org/wsdl/">Business Prospect - specify company info and optional confidence code between 0 and 10</documentation>
      <wsdl:input message="si:GetProspectByCompanySoapIn" />
      <wsdl:output message="si:GetProspectByCompanySoapOut" />
    </wsdl:operation>
    <wsdl:operation name="CompanyVerify">
      <documentation xmlns="http://schemas.xmlsoap.org/wsdl/">Perform Company Search for a particular DUNS Number and return comnay address</documentation>
      <wsdl:input message="si:CompanyVerifySoapIn" />
      <wsdl:output message="si:CompanyVerifySoapOut" />
    </wsdl:operation>
    <wsdl:operation name="CompanySearch">
      <documentation xmlns="http://schemas.xmlsoap.org/wsdl/">Perform Company Search for a particular Company Name</documentation>
      <wsdl:input message="si:CompanySearchSoapIn" />
      <wsdl:output message="si:CompanySearchSoapOut" />
    </wsdl:operation>
    <wsdl:operation name="GetTermsOfAgreement">
      <documentation xmlns="http://schemas.xmlsoap.org/wsdl/">Get Terms of Agreement</documentation>
      <wsdl:input message="si:GetTermsOfAgreementSoapIn" />
      <wsdl:output message="si:GetTermsOfAgreementSoapOut" />
    </wsdl:operation>
    <wsdl:operation name="GetTestDunsNumbers">
      <documentation xmlns="http://schemas.xmlsoap.org/wsdl/">Get Test DUNS Numbers</documentation>
      <wsdl:input message="si:GetTestDunsNumbersSoapIn" />
      <wsdl:output message="si:GetTestDunsNumbersSoapOut" />
    </wsdl:operation>
    <wsdl:operation name="GetCountryCodes">
      <documentation xmlns="http://schemas.xmlsoap.org/wsdl/">Get Country Codes</documentation>
      <wsdl:input message="si:GetCountryCodesSoapIn" />
      <wsdl:output message="si:GetCountryCodesSoapOut" />
    </wsdl:operation>
    <wsdl:operation name="GetAllStatuses">
      <documentation xmlns="http://schemas.xmlsoap.org/wsdl/">Get all statuses this service might return</documentation>
      <wsdl:input message="si:GetAllStatusesSoapIn" />
      <wsdl:output message="si:GetAllStatusesSoapOut" />
    </wsdl:operation>
    <wsdl:operation name="GetServiceInfo">
      <documentation xmlns="http://schemas.xmlsoap.org/wsdl/">Get information about the web service</documentation>
      <wsdl:input message="si:GetServiceInfoSoapIn" />
      <wsdl:output message="si:GetServiceInfoSoapOut" />
    </wsdl:operation>
    <wsdl:operation name="GetRemainingHits">
      <wsdl:input message="si:GetRemainingHitsSoapIn" />
      <wsdl:output message="si:GetRemainingHitsSoapOut" />
    </wsdl:operation>
  </wsdl:portType>
  <wsdl:binding name="BusinessProspectLinkageServiceSoap" type="si:BusinessProspectLinkageServiceSoap">
    <soap:binding transport="http://schemas.xmlsoap.org/soap/http" style="document" />
    <wsdl:operation name="GetProspectByDUNS">
      <soap:operation soapAction="http://www.strikeiron.com/GetProspectByDUNS" style="document" />
      <wsdl:input>
        <soap:body use="literal" />
        <si:validation xmlns:tns="http://www.strikeiron.com">
          <tns:assertions>
            <tns:assertion>
              <tns:expression>string-length(//tns:DUNSNumber) = 9</tns:expression>
              <tns:description>Nine digit DUNSNumber is required</tns:description>
            </tns:assertion>
          </tns:assertions>
        </si:validation>
        <soap:header message="si:LicenseInfoMessage" part="LicenseInfo" use="literal" />
      </wsdl:input>
      <wsdl:output>
        <soap:body use="literal" />
        <soap:header message="si:SubscriptionInfoMessage" part="SubscriptionInfo" use="literal" />
      </wsdl:output>
    </wsdl:operation>
    <wsdl:operation name="GetProspectByCompany">
      <soap:operation soapAction="http://www.strikeiron.com/GetProspectByCompany" style="document" />
      <wsdl:input>
        <soap:body use="literal" />
        <si:validation xmlns:tns="http://www.strikeiron.com">
          <tns:assertions>
            <tns:assertion>
              <tns:expression>string-length(//tns:Company/tns:CompanyName) &gt; 0</tns:expression>
              <tns:description>Company Name is required</tns:description>
            </tns:assertion>
            <tns:assertion>
              <tns:expression>string-length(//tns:Company/tns:CountryCode) = 2</tns:expression>
              <tns:description>Two(2) character Country Code is required</tns:description>
            </tns:assertion>
            <tns:assertion>
              <tns:expression>string-length(//tns:Company/tns:CountryCode) = 0 or (//tns:Company/tns:CountryCode != 'US' and //tns:Company/tns:CountryCode != 'us') or (//tns:Company/tns:CountryCode = 'US' and string-length(//tns:Company/tns:State) = 2) or (//tns:Company//tns:CountryCode = 'us' and string-length(//tns:Company/tns:State) = 2)</tns:expression>
              <tns:description>Two(2) character State abbreviation is required for US search</tns:description>
            </tns:assertion>
            <tns:assertion>
              <tns:expression>string-length(//tns:Company/tns:CountryCode) = 0 or (//tns:Company/tns:CountryCode != 'CA' and //tns:Company/tns:CountryCode != 'ca') or (//tns:Company/tns:CountryCode = 'CA' and string-length(//tns:Company/tns:State) = 2) or (//tns:Company/tns:CountryCode = 'ca' and string-length(//tns:Company/tns:State) = 2)</tns:expression>
              <tns:description>Two(2) character Province abbreviation is required for Canadaian search</tns:description>
            </tns:assertion>
            <tns:assertion>
              <tns:expression>Regex(//tns:Confidence[^(0?\d{1}|10)$]</tns:expression>
              <tns:description>Confidence value must be 0 through 10</tns:description>
            </tns:assertion>
          </tns:assertions>
        </si:validation>
        <soap:header message="si:LicenseInfoMessage" part="LicenseInfo" use="literal" />
      </wsdl:input>
      <wsdl:output>
        <soap:body use="literal" />
        <soap:header message="si:SubscriptionInfoMessage" part="SubscriptionInfo" use="literal" />
      </wsdl:output>
    </wsdl:operation>
    <wsdl:operation name="CompanyVerify">
      <soap:operation soapAction="http://www.strikeiron.com/CompanyVerify" style="document" />
      <wsdl:input>
        <soap:body use="literal" />
        <si:validation xmlns:tns="http://www.strikeiron.com">
          <tns:assertions>
            <tns:assertion>
              <tns:expression>string-length(//tns:DUNSNumber) = 9</tns:expression>
              <tns:description>Nine digit DUNSNumber is required</tns:description>
            </tns:assertion>
          </tns:assertions>
        </si:validation>
        <soap:header message="si:LicenseInfoMessage" part="LicenseInfo" use="literal" />
      </wsdl:input>
      <wsdl:output>
        <soap:body use="literal" />
        <soap:header message="si:SubscriptionInfoMessage" part="SubscriptionInfo" use="literal" />
      </wsdl:output>
    </wsdl:operation>
    <wsdl:operation name="CompanySearch">
      <soap:operation soapAction="http://www.strikeiron.com/CompanySearch" style="document" />
      <wsdl:input>
        <soap:body use="literal" />
        <si:validation xmlns:tns="http://www.strikeiron.com">
          <tns:assertions>
            <tns:assertion>
              <tns:expression>string-length(//tns:CompanyName) &gt; 0</tns:expression>
              <tns:description>Company Name is required</tns:description>
            </tns:assertion>
            <tns:assertion>
              <tns:expression>string-length(//tns:CountryCode) = 2</tns:expression>
              <tns:description>Two(2) character Country Code is required</tns:description>
            </tns:assertion>
            <tns:assertion>
              <tns:expression>string-length(//tns:CountryCode) = 0 or (//tns:CountryCode != 'US' and //tns:CountryCode != 'us') or (//tns:CountryCode = 'US' and string-length(//tns:State) = 2) or (//tns:CountryCode = 'us' and string-length(//tns:State) = 2)</tns:expression>
              <tns:description>Two(2) character State abbreviation is required for US search</tns:description>
            </tns:assertion>
            <tns:assertion>
              <tns:expression>string-length(//tns:CountryCode) = 0 or (//tns:CountryCode != 'CA' and //tns:CountryCode != 'ca') or (//tns:CountryCode = 'CA' and string-length(//tns:State) = 2) or (//tns:CountryCode = 'ca' and string-length(//tns:State) = 2)</tns:expression>
              <tns:description>Two(2) character Province abbreviation is required for Canadaian search</tns:description>
            </tns:assertion>
            <tns:assertion>
              <tns:expression>Regex(//tns:Confidence[^(0?\d{1}|10)$]</tns:expression>
              <tns:description>Confidence value must be 0 through 10</tns:description>
            </tns:assertion>
          </tns:assertions>
        </si:validation>
        <soap:header message="si:LicenseInfoMessage" part="LicenseInfo" use="literal" />
      </wsdl:input>
      <wsdl:output>
        <soap:body use="literal" />
        <soap:header message="si:SubscriptionInfoMessage" part="SubscriptionInfo" use="literal" />
      </wsdl:output>
    </wsdl:operation>
    <wsdl:operation name="GetTermsOfAgreement">
      <soap:operation soapAction="http://www.strikeiron.com/GetTermsOfAgreement" style="document" />
      <wsdl:input>
        <soap:body use="literal" />
        <si:validation xmlns:tns="http://www.strikeiron.com">
          <tns:assertions />
        </si:validation>
        <soap:header message="si:LicenseInfoMessage" part="LicenseInfo" use="literal" />
      </wsdl:input>
      <wsdl:output>
        <soap:body use="literal" />
        <soap:header message="si:SubscriptionInfoMessage" part="SubscriptionInfo" use="literal" />
      </wsdl:output>
    </wsdl:operation>
    <wsdl:operation name="GetTestDunsNumbers">
      <soap:operation soapAction="http://www.strikeiron.com/GetTestDunsNumbers" style="document" />
      <wsdl:input>
        <soap:body use="literal" />
        <si:validation xmlns:tns="http://www.strikeiron.com">
          <tns:assertions />
        </si:validation>
        <soap:header message="si:LicenseInfoMessage" part="LicenseInfo" use="literal" />
      </wsdl:input>
      <wsdl:output>
        <soap:body use="literal" />
        <soap:header message="si:SubscriptionInfoMessage" part="SubscriptionInfo" use="literal" />
      </wsdl:output>
    </wsdl:operation>
    <wsdl:operation name="GetCountryCodes">
      <soap:operation soapAction="http://www.strikeiron.com/GetCountryCodes" style="document" />
      <wsdl:input>
        <soap:body use="literal" />
        <si:validation xmlns:tns="http://www.strikeiron.com">
          <tns:assertions />
        </si:validation>
        <soap:header message="si:LicenseInfoMessage" part="LicenseInfo" use="literal" />
      </wsdl:input>
      <wsdl:output>
        <soap:body use="literal" />
        <soap:header message="si:SubscriptionInfoMessage" part="SubscriptionInfo" use="literal" />
      </wsdl:output>
    </wsdl:operation>
    <wsdl:operation name="GetAllStatuses">
      <soap:operation soapAction="http://www.strikeiron.com/GetAllStatuses" style="document" />
      <wsdl:input>
        <soap:body use="literal" />
        <si:validation>
          <si:assertions />
        </si:validation>
        <soap:header message="si:LicenseInfoMessage" part="LicenseInfo" use="literal" />
      </wsdl:input>
      <wsdl:output>
        <soap:body use="literal" />
        <soap:header message="si:SubscriptionInfoMessage" part="SubscriptionInfo" use="literal" />
      </wsdl:output>
    </wsdl:operation>
    <wsdl:operation name="GetServiceInfo">
      <soap:operation soapAction="http://www.strikeiron.com/GetServiceInfo" style="document" />
      <wsdl:input>
        <soap:body use="literal" />
        <si:validation>
          <si:assertions />
        </si:validation>
        <soap:header message="si:LicenseInfoMessage" part="LicenseInfo" use="literal" />
      </wsdl:input>
      <wsdl:output>
        <soap:body use="literal" />
        <soap:header message="si:SubscriptionInfoMessage" part="SubscriptionInfo" use="literal" />
      </wsdl:output>
    </wsdl:operation>
    <wsdl:operation name="GetRemainingHits">
      <soap:operation soapAction="http://ws.strikeiron.com/StrikeIron/DnBBusinessProspectLinkage2/BusinessProspectLinkageService/GetRemainingHits" />
      <wsdl:input>
        <soap:body use="literal" />
        <soap:header message="si:LicenseInfoMessage" part="LicenseInfo" use="literal" />
      </wsdl:input>
      <wsdl:output>
        <soap:body use="literal" />
        <soap:header message="si:SubscriptionInfoMessage" part="SubscriptionInfo" use="literal" />
      </wsdl:output>
    </wsdl:operation>
  </wsdl:binding>
  <wsdl:service name="BusinessProspectLinkageService">
    <documentation xmlns="http://schemas.xmlsoap.org/wsdl/">Get basic business prospect information, including DUNS Number, Address, Telephone Number, CEO Name, Line Of Business, SIC Code, Year Started, Annual Sales, Number of Employees, Business Structure, and Corporate Family Relationships for the business you are interested in.</documentation>
    <wsdl:port name="BusinessProspectLinkageServiceSoap" binding="si:BusinessProspectLinkageServiceSoap">
      <soap:address location="http://ws.strikeiron.com/StrikeIron/DnBBusinessProspectLinkage2/BusinessProspectLinkageService" />
    </wsdl:port>
  </wsdl:service>
</wsdl:definitions>
