<?xml version="1.0" encoding="UTF-8"?>

<!--
This is the seekda cache of the WSDL definition available at https://webservices.optimalpayments.com/directdebitWS/DirectDebitService/v1?wsdl.
seekdas cache is a snapshot that we took as we crawled the Web.
The service may have changed since the last crawl.
seekda is neither affiliated with the authors of this service nor responsible for its advertised functionality.

-->

<wsdl:definitions xmlns:wsdl="http://schemas.xmlsoap.org/wsdl/" xmlns="http://schemas.xmlsoap.org/wsdl/" xmlns:ns1="http://www.optimalpayments.com/directdebit/xmlschema/v1" xmlns:soap="http://schemas.xmlsoap.org/soap/envelope/" xmlns:soapenc="http://schemas.xmlsoap.org/soap/encoding/" xmlns:tns="http://www.optimalpayments.com/directdebit/v1" xmlns:wsdlsoap="http://schemas.xmlsoap.org/wsdl/soap/" xmlns:xsd="http://www.w3.org/2001/XMLSchema" targetNamespace="http://www.optimalpayments.com/directdebit/v1">
  <wsdl:types>
    <xs:schema xmlns:xs="http://www.w3.org/2001/XMLSchema" xmlns="http://www.optimalpayments.com/directdebit/xmlschema/v1" targetNamespace="http://www.optimalpayments.com/directdebit/xmlschema/v1" elementFormDefault="qualified" attributeFormDefault="unqualified" version="v1">
      <xs:element name="ddBatchRequestV2" type="DDBatchRequestV2">
        <xs:annotation>
          <xs:documentation>Request used to upload batched transactions.Can be a combination of charge or credit requests.</xs:documentation>
        </xs:annotation>
      </xs:element>
      <xs:element name="ddCheckRequestV1" type="DDCheckRequestV1">
        <xs:annotation>
          <xs:documentation>Request used for Charge, Credit, Verification</xs:documentation>
        </xs:annotation>
      </xs:element>
      <xs:element name="ddCheckDeclineRequestV1" type="DDCheckDeclineRequestV1">
        <xs:annotation>
          <xs:documentation>Request used for Decline of a Charge request</xs:documentation>
        </xs:annotation>
      </xs:element>
      <xs:element name="ddBatchResponseV2" type="DDBatchResponseV2">
        <xs:annotation>
          <xs:documentation>Response returned for batch request</xs:documentation>
        </xs:annotation>
      </xs:element>
      <xs:element name="ddCheckResponseV1" type="DDCheckResponseV1">
        <xs:annotation>
          <xs:documentation>Response returned for Charge, Credit, Verification, or Delcine request</xs:documentation>
        </xs:annotation>
      </xs:element>
      <xs:element name="ddBatchRequestV1" type="DDBatchRequestV1">
        <xs:annotation>
          <xs:documentation>Request used to upload batched transactions.  Can be a combination of charge or credits transactions.</xs:documentation>
        </xs:annotation>
      </xs:element>
      <xs:complexType name="DDBatchRequestV2">
        <xs:sequence maxOccurs="1">
          <xs:element name="merchantRefNum" type="MerchantRefNumV1" minOccurs="1" maxOccurs="1">
            <xs:annotation>
              <xs:documentation>A unique ID number associated with each request. The value is created by the merchant and submitted as part of the request.</xs:documentation>
            </xs:annotation>
          </xs:element>
          <xs:element name="charges" minOccurs="0" maxOccurs="1">
            <xs:complexType>
              <xs:sequence maxOccurs="unbounded">
                <xs:element ref="ddCheckRequestV1" />
              </xs:sequence>
              <xs:attribute name="count" type="xs:positiveInteger" use="required" />
              <xs:attribute name="total" type="AmountV1" use="required" />
            </xs:complexType>
          </xs:element>
          <xs:element name="credits" minOccurs="0" maxOccurs="1">
            <xs:complexType>
              <xs:sequence maxOccurs="unbounded">
                <xs:element ref="ddCheckRequestV1" />
              </xs:sequence>
              <xs:attribute name="count" type="xs:positiveInteger" use="required" />
              <xs:attribute name="total" type="AmountV1" use="required" />
            </xs:complexType>
          </xs:element>
          <xs:element name="verifications" minOccurs="0" maxOccurs="1">
            <xs:complexType>
              <xs:sequence maxOccurs="unbounded">
                <xs:element ref="ddCheckRequestV1" />
              </xs:sequence>
              <xs:attribute name="count" type="xs:positiveInteger" use="required" />
              <xs:attribute name="total" type="AmountV1" use="required" />
            </xs:complexType>
          </xs:element>
        </xs:sequence>
      </xs:complexType>
      <xs:element name="ddAcknowledgeResponseV1" type="DDAcknowledgeResponseV1">
        <xs:annotation>
          <xs:documentation>Instant Response returned for batch or api request</xs:documentation>
        </xs:annotation>
      </xs:element>
      <xs:complexType name="DDCheckRequestV1">
        <xs:annotation>
          <xs:documentation>Request used for Charge, Credit, Verification, or Delcine</xs:documentation>
        </xs:annotation>
        <xs:sequence>
          <xs:element name="merchantAccount" type="MerchantAccountV1">
            <xs:annotation>
              <xs:documentation>Account validation information</xs:documentation>
            </xs:annotation>
          </xs:element>
          <xs:element name="merchantRefNum" minOccurs="0">
            <xs:annotation>
              <xs:documentation>A unique ID number associated with each request. The value is created by the merchant and submitted as part of the request.</xs:documentation>
            </xs:annotation>
            <xs:simpleType>
              <xs:restriction base="xs:string">
                <xs:maxLength value="40" />
              </xs:restriction>
            </xs:simpleType>
          </xs:element>
          <xs:element name="amount" type="AmountV1">
            <xs:annotation>
              <xs:documentation>Amount in dollars and cents i.e. a positive number with exactly 2 decimal places and  max = 9999999999.99</xs:documentation>
            </xs:annotation>
          </xs:element>
          <xs:element name="check" type="CheckV1">
            <xs:annotation>
              <xs:documentation>Check information</xs:documentation>
            </xs:annotation>
          </xs:element>
          <xs:element name="billingDetails" type="BillingDetailsV1">
            <xs:annotation>
              <xs:documentation>Billing information</xs:documentation>
            </xs:annotation>
          </xs:element>
          <xs:element name="personalID" type="PersonalIDV1" minOccurs="0">
            <xs:annotation>
              <xs:documentation>Personal Identification information</xs:documentation>
            </xs:annotation>
          </xs:element>
          <xs:element name="shippingDetails" type="ShippingDetailsV1" minOccurs="0">
            <xs:annotation>
              <xs:documentation>Shipping information</xs:documentation>
            </xs:annotation>
          </xs:element>
          <xs:element name="customerIP" minOccurs="0">
            <xs:annotation>
              <xs:documentation>Customer's IP address</xs:documentation>
            </xs:annotation>
            <xs:simpleType>
              <xs:restriction base="xs:string">
                <xs:maxLength value="50" />
              </xs:restriction>
            </xs:simpleType>
          </xs:element>
          <xs:element name="productType" type="ProductTypeV1" minOccurs="0">
            <xs:annotation>
              <xs:documentation>The type of product ordered. Possible values are:P = Physical Goods, D = Digital Goods (e.g., software), C = Digital Content (e.g., images and/or text), G = Gift 		Certificate/Digital Cash, S = Shareware
     , M = Both Digital and Physical(e.g., software downloaded followed by media shipment), R = Account Replenish (subscription renewal)</xs:documentation>
            </xs:annotation>
          </xs:element>
          <xs:element name="txnAppliedTo" minOccurs="0">
            <xs:annotation>
              <xs:documentation>the transaction identifier of the transaction that this refers to, for example, in the case of a credit card settlement</xs:documentation>
            </xs:annotation>
            <xs:simpleType>
              <xs:restriction base="xs:string">
                <xs:maxLength value="32" />
              </xs:restriction>
            </xs:simpleType>
          </xs:element>
          <xs:element name="targetVirtualAccount" minOccurs="0">
            <xs:annotation>
              <xs:documentation>The virtual or wallet account that this transaction is to affect.  In most cases, this will be a firepay personal account</xs:documentation>
            </xs:annotation>
            <xs:simpleType>
              <xs:restriction base="xs:string">
                <xs:maxLength value="25" />
              </xs:restriction>
            </xs:simpleType>
          </xs:element>
          <xs:element name="checkRiskService" type="CheckRiskServiceV1" minOccurs="0" maxOccurs="unbounded">
            <xs:annotation>
              <xs:documentation>MD = Verify that micro deposit was validated sucessfully, MDVIP = Verify that a micro deposit was requested and is in a pending state</xs:documentation>
            </xs:annotation>
          </xs:element>
          <xs:element name="txnDate" type="xs:dateTime" minOccurs="0">
            <xs:annotation>
              <xs:documentation>The date and time that the transaction took place (not the same as the time of transaction request submission)</xs:documentation>
            </xs:annotation>
          </xs:element>
          <xs:element name="sdk" type="SdkV1" minOccurs="0">
            <xs:annotation>
              <xs:documentation>Meta data about the sdk used to send the transaction request</xs:documentation>
            </xs:annotation>
          </xs:element>
          <xs:element name="origin" type="OriginV1" default="WIRELINE" minOccurs="0">
            <xs:annotation>
              <xs:documentation>Where the request originated from: WIRELESS or WIRELINE. Default is WIRELINE.</xs:documentation>
            </xs:annotation>
          </xs:element>
          <xs:element name="addendumData" type="DetailV1" minOccurs="0" maxOccurs="unbounded" />
        </xs:sequence>
      </xs:complexType>
      <xs:complexType name="DDCheckDeclineRequestV1">
        <xs:annotation>
          <xs:documentation>Request used for Decline of a Charge request</xs:documentation>
        </xs:annotation>
        <xs:sequence>
          <xs:element name="checkRequest" type="DDCheckRequestV1">
            <xs:annotation>
              <xs:documentation>the check request to decline</xs:documentation>
            </xs:annotation>
          </xs:element>
          <xs:element name="reason" type="xs:string">
            <xs:annotation>
              <xs:documentation>reason code of the decline</xs:documentation>
            </xs:annotation>
          </xs:element>
          <xs:element name="comment" type="xs:string">
            <xs:annotation>
              <xs:documentation>detail of the decline</xs:documentation>
            </xs:annotation>
          </xs:element>
        </xs:sequence>
      </xs:complexType>
      <xs:complexType name="DDAcknowledgeResponseV1">
        <xs:sequence>
          <xs:element name="merchantRefNum">
            <xs:annotation>
              <xs:documentation>A unique ID number associated with each request. The value is created by the merchant and submitted as part of the request.</xs:documentation>
            </xs:annotation>
            <xs:simpleType>
              <xs:restriction base="xs:string">
                <xs:maxLength value="40" />
              </xs:restriction>
            </xs:simpleType>
          </xs:element>
          <xs:element name="decision" type="DecisionV1" default="UNKNOWN">
            <xs:annotation>
              <xs:documentation>UNKNOWN, ACCEPTED, ERROR</xs:documentation>
            </xs:annotation>
          </xs:element>
          <xs:element name="code" type="xs:int">
            <xs:annotation>
              <xs:documentation>A unique numeric code classifying this detail (e.g. "32" might mean "missing parameter").  This is included to simplify "switch" construct processing by the client</xs:documentation>
            </xs:annotation>
          </xs:element>
          <xs:element name="description">
            <xs:annotation>
              <xs:documentation>A human readable description of the tag</xs:documentation>
            </xs:annotation>
            <xs:simpleType>
              <xs:restriction base="xs:string">
                <xs:maxLength value="1024" />
              </xs:restriction>
            </xs:simpleType>
          </xs:element>
          <xs:element name="detail" type="DetailV1" minOccurs="0" maxOccurs="unbounded">
            <xs:annotation>
              <xs:documentation>Any additional details</xs:documentation>
            </xs:annotation>
          </xs:element>
        </xs:sequence>
      </xs:complexType>
      <xs:complexType name="DDBatchResponseV2">
        <xs:sequence minOccurs="1" maxOccurs="1">
          <xs:element name="merchantRefNum" minOccurs="1" maxOccurs="1">
            <xs:annotation>
              <xs:documentation>A unique ID number associated with each request. The value is created by the merchant and submitted as part of the request.</xs:documentation>
            </xs:annotation>
            <xs:simpleType>
              <xs:restriction base="xs:string">
                <xs:maxLength value="40" />
              </xs:restriction>
            </xs:simpleType>
          </xs:element>
          <xs:element name="charges" minOccurs="0" maxOccurs="1">
            <xs:complexType>
              <xs:sequence maxOccurs="unbounded">
                <xs:element ref="ddCheckResponseV1" />
              </xs:sequence>
              <xs:attribute name="acceptedCount" type="CountV1" use="required" />
              <xs:attribute name="acceptedTotal" type="AmountV1" use="required" />
              <xs:attribute name="declinedCount" type="CountV1" use="required" />
              <xs:attribute name="declinedTotal" type="AmountV1" use="required" />
              <xs:attribute name="errorCount" type="CountV1" use="required" />
              <xs:attribute name="errorTotal" type="AmountV1" use="required" />
            </xs:complexType>
          </xs:element>
          <xs:element name="credits" minOccurs="0" maxOccurs="1">
            <xs:complexType>
              <xs:sequence maxOccurs="unbounded">
                <xs:element ref="ddCheckResponseV1" />
              </xs:sequence>
              <xs:attribute name="acceptedCount" type="CountV1" use="required" />
              <xs:attribute name="acceptedTotal" type="AmountV1" use="required" />
              <xs:attribute name="declinedCount" type="CountV1" use="required" />
              <xs:attribute name="declinedTotal" type="AmountV1" use="required" />
              <xs:attribute name="errorCount" type="CountV1" use="required" />
              <xs:attribute name="errorTotal" type="AmountV1" use="required" />
            </xs:complexType>
          </xs:element>
          <xs:element name="verifications" minOccurs="0" maxOccurs="1">
            <xs:complexType>
              <xs:sequence maxOccurs="unbounded">
                <xs:element ref="ddCheckResponseV1" />
              </xs:sequence>
              <xs:attribute name="acceptedCount" type="CountV1" use="required" />
              <xs:attribute name="acceptedTotal" type="AmountV1" use="required" />
              <xs:attribute name="declinedCount" type="CountV1" use="required" />
              <xs:attribute name="declinedTotal" type="AmountV1" use="required" />
              <xs:attribute name="errorCount" type="CountV1" use="required" />
              <xs:attribute name="errorTotal" type="AmountV1" use="required" />
            </xs:complexType>
          </xs:element>
        </xs:sequence>
      </xs:complexType>
      <xs:complexType name="DDCheckResponseV1">
        <xs:annotation>
          <xs:documentation>Response returned for Charge, Credit, Verification, or Delcine request</xs:documentation>
        </xs:annotation>
        <xs:sequence>
          <xs:element name="requestId" type="xs:long" minOccurs="0">
            <xs:annotation>
              <xs:documentation>Index of the payment Instruction from the Request</xs:documentation>
            </xs:annotation>
          </xs:element>
          <xs:element name="confirmationNumber" type="ConfirmationNumberV1">
            <xs:annotation>
              <xs:documentation>Confirmation number that is returned by the system for a request</xs:documentation>
            </xs:annotation>
          </xs:element>
          <xs:element name="merchantRefNum" minOccurs="0">
            <xs:annotation>
              <xs:documentation>A unique ID number associated with each request. The value is created
					by the merchant and submitted as part of the request.</xs:documentation>
            </xs:annotation>
            <xs:simpleType>
              <xs:restriction base="xs:string">
                <xs:maxLength value="40" />
              </xs:restriction>
            </xs:simpleType>
          </xs:element>
          <xs:element name="decision" type="DecisionV1">
            <xs:annotation>
              <xs:documentation>UNKNOWN, ACCEPTED, DECLINED, ERROR</xs:documentation>
            </xs:annotation>
          </xs:element>
          <xs:element name="code" type="xs:int">
            <xs:annotation>
              <xs:documentation>A unique numeric code classifying this detail (e.g. "32" might mean "missing parameter").  This is included to simplify "switch" construct processing by the client</xs:documentation>
            </xs:annotation>
          </xs:element>
          <xs:element name="actionCode" type="ActionCodeV1" minOccurs="0">
            <xs:annotation>
              <xs:documentation>Code indicating any action required: R - Retry, M - merchant parameter error, C - customer parameter error, D - do not retry</xs:documentation>
            </xs:annotation>
          </xs:element>
          <xs:element name="description" minOccurs="0">
            <xs:annotation>
              <xs:documentation>a human readable description of the tag</xs:documentation>
            </xs:annotation>
            <xs:simpleType>
              <xs:restriction base="xs:string">
                <xs:maxLength value="1024" />
              </xs:restriction>
            </xs:simpleType>
          </xs:element>
          <xs:element name="detail" type="DetailV1" minOccurs="0" maxOccurs="unbounded">
            <xs:annotation>
              <xs:documentation>Any additional details</xs:documentation>
            </xs:annotation>
          </xs:element>
          <xs:element name="txnTime" type="xs:dateTime">
            <xs:annotation>
              <xs:documentation>Transaction time</xs:documentation>
            </xs:annotation>
          </xs:element>
        </xs:sequence>
      </xs:complexType>
      <xs:complexType name="DDBatchRequestV1">
        <xs:annotation>
          <xs:documentation>Request used to upload batched transactions.  Can be a combination of charge or credits transactions.</xs:documentation>
        </xs:annotation>
        <xs:sequence>
          <xs:element name="batchTime" type="xs:dateTime" />
          <xs:element name="account" type="MerchantAccountV1" />
          <xs:element name="transactions" type="TransactionsV1" />
        </xs:sequence>
      </xs:complexType>
      <xs:complexType name="MerchantAccountV1">
        <xs:annotation>
          <xs:documentation>Account validation information</xs:documentation>
        </xs:annotation>
        <xs:sequence>
          <xs:element name="accountNum">
            <xs:annotation>
              <xs:documentation>The merchant account against which the request is made</xs:documentation>
            </xs:annotation>
            <xs:simpleType>
              <xs:restriction base="xs:string">
                <xs:maxLength value="10" />
              </xs:restriction>
            </xs:simpleType>
          </xs:element>
          <xs:element name="storeID">
            <xs:annotation>
              <xs:documentation>The account transaction processing id</xs:documentation>
            </xs:annotation>
            <xs:simpleType>
              <xs:restriction base="xs:string">
                <xs:maxLength value="80" />
              </xs:restriction>
            </xs:simpleType>
          </xs:element>
          <xs:element name="storePwd">
            <xs:annotation>
              <xs:documentation>The account transaction processing password</xs:documentation>
            </xs:annotation>
            <xs:simpleType>
              <xs:restriction base="xs:string">
                <xs:maxLength value="20" />
              </xs:restriction>
            </xs:simpleType>
          </xs:element>
        </xs:sequence>
      </xs:complexType>
      <xs:complexType name="CheckV1">
        <xs:annotation>
          <xs:documentation>Check information</xs:documentation>
        </xs:annotation>
        <xs:sequence>
          <xs:element name="accountType" type="BankAccountTypeV1">
            <xs:annotation>
              <xs:documentation>PC=personal checking PS=personal savings PL=personal loan BC=business checking BS=busniess savings BL=business loan</xs:documentation>
            </xs:annotation>
          </xs:element>
          <xs:element name="bankName">
            <xs:annotation>
              <xs:documentation>The bank name</xs:documentation>
            </xs:annotation>
            <xs:simpleType>
              <xs:restriction base="xs:string">
                <xs:maxLength value="40" />
              </xs:restriction>
            </xs:simpleType>
          </xs:element>
          <xs:element name="checkNum">
            <xs:annotation>
              <xs:documentation>The number of the check</xs:documentation>
            </xs:annotation>
            <xs:simpleType>
              <xs:restriction base="xs:long">
                <xs:totalDigits value="8" />
                <xs:minInclusive value="1" />
                <xs:maxInclusive value="99999999" />
              </xs:restriction>
            </xs:simpleType>
          </xs:element>
          <xs:element name="accountNum">
            <xs:annotation>
              <xs:documentation>The bank account number</xs:documentation>
            </xs:annotation>
            <xs:simpleType>
              <xs:restriction base="xs:string">
                <xs:maxLength value="30" />
                <xs:minLength value="1" />
              </xs:restriction>
            </xs:simpleType>
          </xs:element>
          <xs:element name="routingNum">
            <xs:annotation>
              <xs:documentation>The bank routing number</xs:documentation>
            </xs:annotation>
            <xs:simpleType>
              <xs:restriction base="xs:string">
                <xs:maxLength value="15" />
                <xs:minLength value="1" />
              </xs:restriction>
            </xs:simpleType>
          </xs:element>
          <xs:element name="payee" nillable="false" minOccurs="0">
            <xs:annotation>
              <xs:documentation>The "Pay to the Order of" information on a check, only required by Credit and Verify transactions</xs:documentation>
            </xs:annotation>
            <xs:simpleType>
              <xs:restriction base="xs:string">
                <xs:maxLength value="81" />
              </xs:restriction>
            </xs:simpleType>
          </xs:element>
        </xs:sequence>
      </xs:complexType>
      <xs:complexType name="BillingDetailsV1">
        <xs:annotation>
          <xs:documentation>Billing information</xs:documentation>
        </xs:annotation>
        <xs:sequence>
          <xs:element name="checkPayMethod" type="CheckPayMethodV1">
            <xs:annotation>
              <xs:documentation>The method used to make the payment.Possible values are:WEB = Card Number Provided Online, TEL = Card Number Provided by Phone, CCD 	(Cash 			Concentration 	or Disbursement) = business-to-business, PPD(Prearranged Payment and Deposit Entry) Used to submit prearranged credit and debit transactions such as payroll 		deposits 	and 	periodic bill 	payments against a consumer's account.</xs:documentation>
            </xs:annotation>
          </xs:element>
          <xs:element name="firstName" type="FirstNameV1" minOccurs="0">
            <xs:annotation>
              <xs:documentation>First Name is optional if the check's account type  is business account.</xs:documentation>
            </xs:annotation>
          </xs:element>
          <xs:element name="lastName" type="LastNameV1" minOccurs="0">
            <xs:annotation>
              <xs:documentation>Last Name is optional if the check's account type is business account.</xs:documentation>
            </xs:annotation>
          </xs:element>
          <xs:element name="companyName" type="CompanyNameV1" minOccurs="0">
            <xs:annotation>
              <xs:documentation>Company Name is optional if the check's account type is personal account.</xs:documentation>
            </xs:annotation>
          </xs:element>
          <xs:element name="street" type="StreetV1">
            <xs:annotation>
              <xs:documentation>Street information line 1</xs:documentation>
            </xs:annotation>
          </xs:element>
          <xs:element name="street2" type="StreetV1" minOccurs="0">
            <xs:annotation>
              <xs:documentation>Street information line 2</xs:documentation>
            </xs:annotation>
          </xs:element>
          <xs:element name="city" type="CityV1">
            <xs:annotation>
              <xs:documentation>City</xs:documentation>
            </xs:annotation>
          </xs:element>
          <xs:choice minOccurs="0">
            <xs:element name="region" type="RegionV1" minOccurs="0">
              <xs:annotation>
                <xs:documentation>Use region for geographical regions outside US and Canada</xs:documentation>
              </xs:annotation>
            </xs:element>
            <xs:element name="state" type="StateV1" minOccurs="0">
              <xs:annotation>
                <xs:documentation>State in US or Province in Canada</xs:documentation>
              </xs:annotation>
            </xs:element>
          </xs:choice>
          <xs:element name="country" type="CountryV1">
            <xs:annotation>
              <xs:documentation>2 leter ISO Country Code</xs:documentation>
            </xs:annotation>
          </xs:element>
          <xs:element name="zip" type="ZipV1" minOccurs="0">
            <xs:annotation>
              <xs:documentation>Zip or Postal code</xs:documentation>
            </xs:annotation>
          </xs:element>
          <xs:element name="phone" type="PhoneV1">
            <xs:annotation>
              <xs:documentation>Phone Number</xs:documentation>
            </xs:annotation>
          </xs:element>
          <xs:element name="email" type="EmailV1" minOccurs="0">
            <xs:annotation>
              <xs:documentation>Email address</xs:documentation>
            </xs:annotation>
          </xs:element>
        </xs:sequence>
      </xs:complexType>
      <xs:complexType name="PersonalIDV1">
        <xs:annotation>
          <xs:documentation>Personal Identification information</xs:documentation>
        </xs:annotation>
        <xs:sequence>
          <xs:element name="idNumber" minOccurs="0">
            <xs:annotation>
              <xs:documentation>the id number (e.g. drivers license #, SSN)</xs:documentation>
            </xs:annotation>
            <xs:simpleType>
              <xs:restriction base="xs:string">
                <xs:maxLength value="20" />
              </xs:restriction>
            </xs:simpleType>
          </xs:element>
          <xs:element name="idType" type="IDTypeV1" minOccurs="0">
            <xs:annotation>
              <xs:documentation>DL=drivers license; SS=government ID; MI=military ID; GN=generic ID</xs:documentation>
            </xs:annotation>
          </xs:element>
          <xs:choice minOccurs="0">
            <xs:element name="state" type="StateV1" minOccurs="0">
              <xs:annotation>
                <xs:documentation>State in US or Province in Canada</xs:documentation>
              </xs:annotation>
            </xs:element>
            <xs:element name="region" type="RegionV1" minOccurs="0">
              <xs:annotation>
                <xs:documentation>Personal Identification information</xs:documentation>
              </xs:annotation>
            </xs:element>
          </xs:choice>
          <xs:element name="country" type="CountryV1" minOccurs="0">
            <xs:annotation>
              <xs:documentation>2 letter ISO Country Code</xs:documentation>
            </xs:annotation>
          </xs:element>
          <xs:element name="expiry" type="IDExpiryV1" minOccurs="0">
            <xs:annotation>
              <xs:documentation>Expiry date</xs:documentation>
            </xs:annotation>
          </xs:element>
        </xs:sequence>
      </xs:complexType>
      <xs:complexType name="IDExpiryV1">
        <xs:annotation>
          <xs:documentation>ID Expiry date</xs:documentation>
        </xs:annotation>
        <xs:sequence>
          <xs:element name="day" minOccurs="0">
            <xs:simpleType>
              <xs:restriction base="xs:int">
                <xs:totalDigits value="2" />
              </xs:restriction>
            </xs:simpleType>
          </xs:element>
          <xs:element name="month" minOccurs="0">
            <xs:simpleType>
              <xs:restriction base="xs:int">
                <xs:totalDigits value="2" />
              </xs:restriction>
            </xs:simpleType>
          </xs:element>
          <xs:element name="year">
            <xs:simpleType>
              <xs:restriction base="xs:int">
                <xs:totalDigits value="4" />
              </xs:restriction>
            </xs:simpleType>
          </xs:element>
        </xs:sequence>
      </xs:complexType>
      <xs:complexType name="ShippingDetailsV1">
        <xs:annotation>
          <xs:documentation>Shipping information</xs:documentation>
        </xs:annotation>
        <xs:sequence>
          <xs:element name="carrier" type="CarrierV1" minOccurs="0">
            <xs:annotation>
              <xs:documentation>The shipment carrier. Possible values are: APC = APC Overnight, APS = AnPost, CAD = Canada Postal Service,  DHL, FEX = Fedex, RML = Royal Mail, UPS = United Parcel Service, USPS = United State Postal Service, OTHER</xs:documentation>
            </xs:annotation>
          </xs:element>
          <xs:element name="trackingNumber" minOccurs="0">
            <xs:annotation>
              <xs:documentation>shipment tracking number provided by the carrier</xs:documentation>
            </xs:annotation>
            <xs:simpleType>
              <xs:restriction base="xs:string">
                <xs:maxLength value="50" />
              </xs:restriction>
            </xs:simpleType>
          </xs:element>
          <xs:element name="shipMethod" type="ShipMethodV1" minOccurs="0">
            <xs:annotation>
              <xs:documentation>The method of shipment. Possible values are: N = Next Day/Overnight, T = Two-Day Service, C = Lowest Cost, O = Other</xs:documentation>
            </xs:annotation>
          </xs:element>
          <xs:element name="firstName" type="FirstNameV1" minOccurs="0">
            <xs:annotation>
              <xs:documentation>First Name</xs:documentation>
            </xs:annotation>
          </xs:element>
          <xs:element name="lastName" type="LastNameV1" minOccurs="0">
            <xs:annotation>
              <xs:documentation>Last Name</xs:documentation>
            </xs:annotation>
          </xs:element>
          <xs:element name="street" type="StreetV1" minOccurs="0">
            <xs:annotation>
              <xs:documentation>Street information line 1</xs:documentation>
            </xs:annotation>
          </xs:element>
          <xs:element name="street2" type="StreetV1" minOccurs="0">
            <xs:annotation>
              <xs:documentation>Street information line 2</xs:documentation>
            </xs:annotation>
          </xs:element>
          <xs:element name="city" type="CityV1" minOccurs="0">
            <xs:annotation>
              <xs:documentation>City</xs:documentation>
            </xs:annotation>
          </xs:element>
          <xs:choice minOccurs="0">
            <xs:element name="region" type="RegionV1" minOccurs="0">
              <xs:annotation>
                <xs:documentation>Use region for geographical regions outside US and Canada</xs:documentation>
              </xs:annotation>
            </xs:element>
            <xs:element name="state" type="StateV1" minOccurs="0">
              <xs:annotation>
                <xs:documentation>State in U.S. or Province in Canada</xs:documentation>
              </xs:annotation>
            </xs:element>
          </xs:choice>
          <xs:element name="country" type="CountryV1" minOccurs="0">
            <xs:annotation>
              <xs:documentation>2 letter ISO Country Code</xs:documentation>
            </xs:annotation>
          </xs:element>
          <xs:element name="zip" type="ZipV1" minOccurs="0">
            <xs:annotation>
              <xs:documentation>Zip or Postal code</xs:documentation>
            </xs:annotation>
          </xs:element>
          <xs:element name="phone" type="PhoneV1" minOccurs="0">
            <xs:annotation>
              <xs:documentation>Phone Number</xs:documentation>
            </xs:annotation>
          </xs:element>
          <xs:element name="email" type="EmailV1" minOccurs="0">
            <xs:annotation>
              <xs:documentation>Email address</xs:documentation>
            </xs:annotation>
          </xs:element>
        </xs:sequence>
      </xs:complexType>
      <xs:complexType name="SdkV1">
        <xs:annotation>
          <xs:documentation>Meta data about the sdk used to send the transaction request</xs:documentation>
        </xs:annotation>
        <xs:sequence>
          <xs:element name="version">
            <xs:annotation>
              <xs:documentation>Version number of the sdk being used</xs:documentation>
            </xs:annotation>
            <xs:simpleType>
              <xs:restriction base="xs:string">
                <xs:maxLength value="20" />
              </xs:restriction>
            </xs:simpleType>
          </xs:element>
          <xs:element name="platform">
            <xs:annotation>
              <xs:documentation>The integration language of the sdk (e.g. java, dotnet, cpp, perl, php, cf).  The values are not enforced via an enumeration.  See integration 		documentation for list of valid platform elements.</xs:documentation>
            </xs:annotation>
            <xs:simpleType>
              <xs:restriction base="xs:string">
                <xs:maxLength value="10" />
              </xs:restriction>
            </xs:simpleType>
          </xs:element>
          <xs:element name="provider">
            <xs:annotation>
              <xs:documentation>Indicates the author of the sdk.  All SDK's provided by Optimal Payments will set the provider to "op"</xs:documentation>
            </xs:annotation>
            <xs:simpleType>
              <xs:restriction base="xs:string">
                <xs:maxLength value="20" />
              </xs:restriction>
            </xs:simpleType>
          </xs:element>
        </xs:sequence>
      </xs:complexType>
      <xs:complexType name="DetailV1">
        <xs:annotation>
          <xs:documentation>Additional detail information</xs:documentation>
        </xs:annotation>
        <xs:sequence>
          <xs:element name="tag">
            <xs:annotation>
              <xs:documentation>Classification of the detail element</xs:documentation>
            </xs:annotation>
            <xs:simpleType>
              <xs:restriction base="xs:string">
                <xs:maxLength value="30" />
              </xs:restriction>
            </xs:simpleType>
          </xs:element>
          <xs:element name="value">
            <xs:annotation>
              <xs:documentation>Description of the detail</xs:documentation>
            </xs:annotation>
            <xs:simpleType>
              <xs:restriction base="xs:string">
                <xs:maxLength value="1024" />
              </xs:restriction>
            </xs:simpleType>
          </xs:element>
        </xs:sequence>
      </xs:complexType>
      <xs:complexType name="TransactionsV1">
        <xs:annotation>
          <xs:documentation>List of TransactionRecords upload by batch</xs:documentation>
        </xs:annotation>
        <xs:sequence>
          <xs:element name="transHeader" type="TransactionHeaderV1" />
          <xs:element name="transRecord" type="TransactionRecordV1" maxOccurs="unbounded" />
        </xs:sequence>
      </xs:complexType>
      <xs:complexType name="TransactionRecordV1">
        <xs:annotation>
          <xs:documentation>Single transaction uploaded through batch</xs:documentation>
        </xs:annotation>
        <xs:sequence>
          <xs:element name="recordCount">
            <xs:annotation>
              <xs:documentation>Index of the TransactionRecord in the list, starting with 1.</xs:documentation>
            </xs:annotation>
            <xs:simpleType>
              <xs:restriction base="xs:integer">
                <xs:minInclusive value="1" />
                <xs:totalDigits value="8" />
                <xs:maxInclusive value="99999999" />
              </xs:restriction>
            </xs:simpleType>
          </xs:element>
          <xs:element name="currency">
            <xs:annotation>
              <xs:documentation>Currency of transaction</xs:documentation>
            </xs:annotation>
            <xs:simpleType>
              <xs:restriction base="xs:string" />
            </xs:simpleType>
          </xs:element>
          <xs:element name="amount" type="AmountV1">
            <xs:annotation>
              <xs:documentation>Amount of transaction</xs:documentation>
            </xs:annotation>
          </xs:element>
          <xs:element name="debitInd">
            <xs:annotation>
              <xs:documentation>Indicates if the transactions is a debit (Y) or credit (N)</xs:documentation>
            </xs:annotation>
            <xs:simpleType>
              <xs:restriction base="xs:string">
                <xs:minLength value="1" />
                <xs:maxLength value="1" />
                <xs:enumeration value="Y" />
                <xs:enumeration value="N" />
              </xs:restriction>
            </xs:simpleType>
          </xs:element>
          <xs:element name="clientTranNbr">
            <xs:annotation>
              <xs:documentation>A unique ID number associated with each request. The value is created by the merchant and submitted as part of the request.</xs:documentation>
            </xs:annotation>
            <xs:simpleType>
              <xs:restriction base="xs:string">
                <xs:maxLength value="40" />
              </xs:restriction>
            </xs:simpleType>
          </xs:element>
          <xs:element name="instName">
            <xs:annotation>
              <xs:documentation>Name of the bank holding the account</xs:documentation>
            </xs:annotation>
            <xs:simpleType>
              <xs:restriction base="xs:string">
                <xs:maxLength value="40" />
              </xs:restriction>
            </xs:simpleType>
          </xs:element>
          <xs:element name="accountNumber">
            <xs:annotation>
              <xs:documentation>Bank account number</xs:documentation>
            </xs:annotation>
            <xs:simpleType>
              <xs:restriction base="xs:string">
                <xs:maxLength value="50" />
              </xs:restriction>
            </xs:simpleType>
          </xs:element>
          <xs:element name="routingNbr">
            <xs:annotation>
              <xs:documentation>Routing number for US accounts, transit number and inst code for CA account</xs:documentation>
            </xs:annotation>
            <xs:simpleType>
              <xs:restriction base="xs:string">
                <xs:maxLength value="10" />
              </xs:restriction>
            </xs:simpleType>
          </xs:element>
          <xs:element name="dueDate">
            <xs:annotation>
              <xs:documentation>The current date plus 3 days.</xs:documentation>
            </xs:annotation>
            <xs:simpleType>
              <xs:restriction base="xs:string" />
            </xs:simpleType>
          </xs:element>
          <xs:element name="sundryData">
            <xs:annotation>
              <xs:documentation>Miscellaneous notes</xs:documentation>
            </xs:annotation>
            <xs:simpleType>
              <xs:restriction base="xs:string">
                <xs:maxLength value="60" />
              </xs:restriction>
            </xs:simpleType>
          </xs:element>
          <xs:element name="personalId" type="PersonalIDV1" minOccurs="0">
            <xs:annotation>
              <xs:documentation>Personal Identification information</xs:documentation>
            </xs:annotation>
          </xs:element>
          <xs:element name="personalDetails" type="BillingDetailsV1" />
          <xs:element name="errorReason" minOccurs="0">
            <xs:annotation>
              <xs:documentation>Error message  when bankinf info is missing</xs:documentation>
            </xs:annotation>
            <xs:simpleType>
              <xs:restriction base="xs:string">
                <xs:maxLength value="255" />
              </xs:restriction>
            </xs:simpleType>
          </xs:element>
          <xs:element name="reversalTrans" type="ReversalTransactionV1" minOccurs="0" />
        </xs:sequence>
      </xs:complexType>
      <xs:complexType name="TransactionHeaderV1">
        <xs:annotation>
          <xs:documentation>Header information for list of transactions</xs:documentation>
        </xs:annotation>
        <xs:sequence>
          <xs:element name="totalAmount" type="AmountV1">
            <xs:annotation>
              <xs:documentation>Total dollar value of batch</xs:documentation>
            </xs:annotation>
          </xs:element>
          <xs:element name="totalTransCount">
            <xs:annotation>
              <xs:documentation>Total number of transactions in the batch</xs:documentation>
            </xs:annotation>
            <xs:simpleType>
              <xs:restriction base="xs:integer">
                <xs:minInclusive value="1" />
                <xs:maxInclusive value="99999999" />
                <xs:totalDigits value="8" />
              </xs:restriction>
            </xs:simpleType>
          </xs:element>
        </xs:sequence>
      </xs:complexType>
      <xs:simpleType name="ActionCodeV1">
        <xs:annotation>
          <xs:documentation>Code indicating any action required: R - Retry, M - merchant parameter error, C - customer parameter error, D - do not retry</xs:documentation>
        </xs:annotation>
        <xs:restriction base="xs:string">
          <xs:enumeration value="R" />
          <xs:enumeration value="M" />
          <xs:enumeration value="C" />
          <xs:enumeration value="D" />
        </xs:restriction>
      </xs:simpleType>
      <xs:simpleType name="ConfirmationNumberV1">
        <xs:annotation>
          <xs:documentation>Confirmation number that is returned by the system for a request</xs:documentation>
        </xs:annotation>
        <xs:restriction base="xs:string">
          <xs:maxLength value="20" />
        </xs:restriction>
      </xs:simpleType>
      <xs:simpleType name="DecisionV1">
        <xs:annotation>
          <xs:documentation>List of decision types allowed</xs:documentation>
        </xs:annotation>
        <xs:restriction base="xs:string">
          <xs:enumeration value="UNKNOWN" />
          <xs:enumeration value="ACCEPTED" />
          <xs:enumeration value="DECLINED" />
          <xs:enumeration value="ERROR" />
        </xs:restriction>
      </xs:simpleType>
      <xs:simpleType name="FirstNameV1">
        <xs:annotation>
          <xs:documentation>First Name</xs:documentation>
        </xs:annotation>
        <xs:restriction base="xs:string">
          <xs:maxLength value="40" />
        </xs:restriction>
      </xs:simpleType>
      <xs:simpleType name="LastNameV1">
        <xs:annotation>
          <xs:documentation>Last Name</xs:documentation>
        </xs:annotation>
        <xs:restriction base="xs:string">
          <xs:maxLength value="40" />
        </xs:restriction>
      </xs:simpleType>
      <xs:simpleType name="CompanyNameV1">
        <xs:annotation>
          <xs:documentation>Company Name</xs:documentation>
        </xs:annotation>
        <xs:restriction base="xs:string">
          <xs:maxLength value="50" />
        </xs:restriction>
      </xs:simpleType>
      <xs:simpleType name="StreetV1">
        <xs:annotation>
          <xs:documentation>Street information</xs:documentation>
        </xs:annotation>
        <xs:restriction base="xs:string">
          <xs:maxLength value="50" />
        </xs:restriction>
      </xs:simpleType>
      <xs:simpleType name="CityV1">
        <xs:annotation>
          <xs:documentation>City</xs:documentation>
        </xs:annotation>
        <xs:restriction base="xs:string">
          <xs:maxLength value="40" />
        </xs:restriction>
      </xs:simpleType>
      <xs:simpleType name="ZipV1">
        <xs:annotation>
          <xs:documentation>Zip or Postal code</xs:documentation>
        </xs:annotation>
        <xs:restriction base="xs:string">
          <xs:maxLength value="10" />
        </xs:restriction>
      </xs:simpleType>
      <xs:simpleType name="StateV1">
        <xs:annotation>
          <xs:documentation>State in U.S. or Province in Canada</xs:documentation>
        </xs:annotation>
        <xs:restriction base="xs:string">
          <xs:maxLength value="2" />
          <xs:minLength value="2" />
          <xs:enumeration value="MO" />
          <xs:enumeration value="OR" />
          <xs:enumeration value="MT" />
          <xs:enumeration value="IN" />
          <xs:enumeration value="WV" />
          <xs:enumeration value="NE" />
          <xs:enumeration value="IA" />
          <xs:enumeration value="WI" />
          <xs:enumeration value="PA" />
          <xs:enumeration value="KS" />
          <xs:enumeration value="WY" />
          <xs:enumeration value="RI" />
          <xs:enumeration value="DC" />
          <xs:enumeration value="CO" />
          <xs:enumeration value="PR" />
          <xs:enumeration value="SC" />
          <xs:enumeration value="AL" />
          <xs:enumeration value="SD" />
          <xs:enumeration value="AK" />
          <xs:enumeration value="AZ" />
          <xs:enumeration value="AR" />
          <xs:enumeration value="CA" />
          <xs:enumeration value="NV" />
          <xs:enumeration value="NH" />
          <xs:enumeration value="KY" />
          <xs:enumeration value="CT" />
          <xs:enumeration value="NJ" />
          <xs:enumeration value="LA" />
          <xs:enumeration value="VI" />
          <xs:enumeration value="DE" />
          <xs:enumeration value="NM" />
          <xs:enumeration value="ME" />
          <xs:enumeration value="MP" />
          <xs:enumeration value="TN" />
          <xs:enumeration value="FL" />
          <xs:enumeration value="NY" />
          <xs:enumeration value="MD" />
          <xs:enumeration value="GU" />
          <xs:enumeration value="TX" />
          <xs:enumeration value="GA" />
          <xs:enumeration value="NC" />
          <xs:enumeration value="MA" />
          <xs:enumeration value="AS" />
          <xs:enumeration value="UT" />
          <xs:enumeration value="HI" />
          <xs:enumeration value="ND" />
          <xs:enumeration value="MI" />
          <xs:enumeration value="PW" />
          <xs:enumeration value="VT" />
          <xs:enumeration value="OH" />
          <xs:enumeration value="MN" />
          <xs:enumeration value="ID" />
          <xs:enumeration value="VA" />
          <xs:enumeration value="OK" />
          <xs:enumeration value="MS" />
          <xs:enumeration value="IL" />
          <xs:enumeration value="WA" />
          <xs:enumeration value="AA" />
          <xs:enumeration value="AE" />
          <xs:enumeration value="AP" />
          <xs:enumeration value="US" />
          <xs:enumeration value="ON" />
          <xs:enumeration value="QC" />
          <xs:enumeration value="AB" />
          <xs:enumeration value="MB" />
          <xs:enumeration value="NB" />
          <xs:enumeration value="NL" />
          <xs:enumeration value="YT" />
          <xs:enumeration value="BC" />
          <xs:enumeration value="NT" />
          <xs:enumeration value="NS" />
          <xs:enumeration value="NU" />
          <xs:enumeration value="PE" />
          <xs:enumeration value="SK" />
        </xs:restriction>
      </xs:simpleType>
      <xs:simpleType name="RegionV1">
        <xs:annotation>
          <xs:documentation>Use region for geographical regions outside US and Canada</xs:documentation>
        </xs:annotation>
        <xs:restriction base="xs:string">
          <xs:maxLength value="40" />
        </xs:restriction>
      </xs:simpleType>
      <xs:simpleType name="CountryV1">
        <xs:annotation>
          <xs:documentation>2 letter ISO Country Code</xs:documentation>
        </xs:annotation>
        <xs:restriction base="xs:string">
          <xs:maxLength value="2" />
          <xs:minLength value="2" />
          <xs:enumeration value="AD" />
          <xs:enumeration value="AE" />
          <xs:enumeration value="AF" />
          <xs:enumeration value="AG" />
          <xs:enumeration value="AI" />
          <xs:enumeration value="AL" />
          <xs:enumeration value="AM" />
          <xs:enumeration value="AN" />
          <xs:enumeration value="AO" />
          <xs:enumeration value="AQ" />
          <xs:enumeration value="AR" />
          <xs:enumeration value="AS" />
          <xs:enumeration value="AT" />
          <xs:enumeration value="AU" />
          <xs:enumeration value="AW" />
          <xs:enumeration value="AX" />
          <xs:enumeration value="AZ" />
          <xs:enumeration value="BA" />
          <xs:enumeration value="BB" />
          <xs:enumeration value="BD" />
          <xs:enumeration value="BE" />
          <xs:enumeration value="BF" />
          <xs:enumeration value="BG" />
          <xs:enumeration value="BH" />
          <xs:enumeration value="BI" />
          <xs:enumeration value="BJ" />
          <xs:enumeration value="BL" />
          <xs:enumeration value="BM" />
          <xs:enumeration value="BN" />
          <xs:enumeration value="BO" />
          <xs:enumeration value="BR" />
          <xs:enumeration value="BS" />
          <xs:enumeration value="BT" />
          <xs:enumeration value="BV" />
          <xs:enumeration value="BW" />
          <xs:enumeration value="BY" />
          <xs:enumeration value="BZ" />
          <xs:enumeration value="CA" />
          <xs:enumeration value="CC" />
          <xs:enumeration value="CD" />
          <xs:enumeration value="CF" />
          <xs:enumeration value="CG" />
          <xs:enumeration value="CH" />
          <xs:enumeration value="CI" />
          <xs:enumeration value="CK" />
          <xs:enumeration value="CL" />
          <xs:enumeration value="CM" />
          <xs:enumeration value="CN" />
          <xs:enumeration value="CO" />
          <xs:enumeration value="CR" />
          <xs:enumeration value="CU" />
          <xs:enumeration value="CV" />
          <xs:enumeration value="CX" />
          <xs:enumeration value="CY" />
          <xs:enumeration value="CZ" />
          <xs:enumeration value="DE" />
          <xs:enumeration value="DJ" />
          <xs:enumeration value="DK" />
          <xs:enumeration value="DM" />
          <xs:enumeration value="DO" />
          <xs:enumeration value="DZ" />
          <xs:enumeration value="EC" />
          <xs:enumeration value="EE" />
          <xs:enumeration value="EG" />
          <xs:enumeration value="EH" />
          <xs:enumeration value="ER" />
          <xs:enumeration value="ES" />
          <xs:enumeration value="ET" />
          <xs:enumeration value="FI" />
          <xs:enumeration value="FJ" />
          <xs:enumeration value="FK" />
          <xs:enumeration value="FM" />
          <xs:enumeration value="FO" />
          <xs:enumeration value="FR" />
          <xs:enumeration value="FX" />
          <xs:enumeration value="GA" />
          <xs:enumeration value="GB" />
          <xs:enumeration value="GD" />
          <xs:enumeration value="GE" />
          <xs:enumeration value="GF" />
          <xs:enumeration value="GG" />
          <xs:enumeration value="GH" />
          <xs:enumeration value="GI" />
          <xs:enumeration value="GL" />
          <xs:enumeration value="GM" />
          <xs:enumeration value="GN" />
          <xs:enumeration value="GP" />
          <xs:enumeration value="GQ" />
          <xs:enumeration value="GR" />
          <xs:enumeration value="GS" />
          <xs:enumeration value="GT" />
          <xs:enumeration value="GU" />
          <xs:enumeration value="GW" />
          <xs:enumeration value="GY" />
          <xs:enumeration value="HK" />
          <xs:enumeration value="HM" />
          <xs:enumeration value="HN" />
          <xs:enumeration value="HR" />
          <xs:enumeration value="HT" />
          <xs:enumeration value="HU" />
          <xs:enumeration value="ID" />
          <xs:enumeration value="IE" />
          <xs:enumeration value="IL" />
          <xs:enumeration value="IM" />
          <xs:enumeration value="IN" />
          <xs:enumeration value="IO" />
          <xs:enumeration value="IQ" />
          <xs:enumeration value="IR" />
          <xs:enumeration value="IS" />
          <xs:enumeration value="IT" />
          <xs:enumeration value="JE" />
          <xs:enumeration value="JM" />
          <xs:enumeration value="JO" />
          <xs:enumeration value="JP" />
          <xs:enumeration value="KE" />
          <xs:enumeration value="KG" />
          <xs:enumeration value="KH" />
          <xs:enumeration value="KI" />
          <xs:enumeration value="KM" />
          <xs:enumeration value="KN" />
          <xs:enumeration value="KP" />
          <xs:enumeration value="KR" />
          <xs:enumeration value="KW" />
          <xs:enumeration value="KY" />
          <xs:enumeration value="KZ" />
          <xs:enumeration value="LA" />
          <xs:enumeration value="LB" />
          <xs:enumeration value="LC" />
          <xs:enumeration value="LI" />
          <xs:enumeration value="LK" />
          <xs:enumeration value="LR" />
          <xs:enumeration value="LS" />
          <xs:enumeration value="LT" />
          <xs:enumeration value="LU" />
          <xs:enumeration value="LV" />
          <xs:enumeration value="LY" />
          <xs:enumeration value="MA" />
          <xs:enumeration value="MC" />
          <xs:enumeration value="MD" />
          <xs:enumeration value="ME" />
          <xs:enumeration value="MG" />
          <xs:enumeration value="MH" />
          <xs:enumeration value="MK" />
          <xs:enumeration value="ML" />
          <xs:enumeration value="MM" />
          <xs:enumeration value="MN" />
          <xs:enumeration value="MO" />
          <xs:enumeration value="MP" />
          <xs:enumeration value="MQ" />
          <xs:enumeration value="MR" />
          <xs:enumeration value="MS" />
          <xs:enumeration value="MT" />
          <xs:enumeration value="MU" />
          <xs:enumeration value="MV" />
          <xs:enumeration value="MW" />
          <xs:enumeration value="MX" />
          <xs:enumeration value="MY" />
          <xs:enumeration value="MZ" />
          <xs:enumeration value="NA" />
          <xs:enumeration value="NC" />
          <xs:enumeration value="NE" />
          <xs:enumeration value="NF" />
          <xs:enumeration value="NG" />
          <xs:enumeration value="NI" />
          <xs:enumeration value="NL" />
          <xs:enumeration value="NO" />
          <xs:enumeration value="NP" />
          <xs:enumeration value="NR" />
          <xs:enumeration value="NU" />
          <xs:enumeration value="NZ" />
          <xs:enumeration value="OM" />
          <xs:enumeration value="PA" />
          <xs:enumeration value="PE" />
          <xs:enumeration value="PF" />
          <xs:enumeration value="PG" />
          <xs:enumeration value="PH" />
          <xs:enumeration value="PK" />
          <xs:enumeration value="PL" />
          <xs:enumeration value="PM" />
          <xs:enumeration value="PN" />
          <xs:enumeration value="PR" />
          <xs:enumeration value="PS" />
          <xs:enumeration value="PT" />
          <xs:enumeration value="PW" />
          <xs:enumeration value="PY" />
          <xs:enumeration value="QA" />
          <xs:enumeration value="RE" />
          <xs:enumeration value="RO" />
          <xs:enumeration value="RS" />
          <xs:enumeration value="RU" />
          <xs:enumeration value="RW" />
          <xs:enumeration value="SA" />
          <xs:enumeration value="SB" />
          <xs:enumeration value="SC" />
          <xs:enumeration value="SD" />
          <xs:enumeration value="SE" />
          <xs:enumeration value="SG" />
          <xs:enumeration value="SH" />
          <xs:enumeration value="SI" />
          <xs:enumeration value="SJ" />
          <xs:enumeration value="SK" />
          <xs:enumeration value="SL" />
          <xs:enumeration value="SM" />
          <xs:enumeration value="SN" />
          <xs:enumeration value="SO" />
          <xs:enumeration value="SR" />
          <xs:enumeration value="ST" />
          <xs:enumeration value="SV" />
          <xs:enumeration value="SY" />
          <xs:enumeration value="SZ" />
          <xs:enumeration value="TC" />
          <xs:enumeration value="TD" />
          <xs:enumeration value="TF" />
          <xs:enumeration value="TG" />
          <xs:enumeration value="TH" />
          <xs:enumeration value="TJ" />
          <xs:enumeration value="TK" />
          <xs:enumeration value="TL" />
          <xs:enumeration value="TM" />
          <xs:enumeration value="TN" />
          <xs:enumeration value="TO" />
          <xs:enumeration value="TR" />
          <xs:enumeration value="TT" />
          <xs:enumeration value="TV" />
          <xs:enumeration value="TW" />
          <xs:enumeration value="TZ" />
          <xs:enumeration value="UA" />
          <xs:enumeration value="UG" />
          <xs:enumeration value="UM" />
          <xs:enumeration value="US" />
          <xs:enumeration value="UY" />
          <xs:enumeration value="UZ" />
          <xs:enumeration value="VA" />
          <xs:enumeration value="VC" />
          <xs:enumeration value="VE" />
          <xs:enumeration value="VG" />
          <xs:enumeration value="VI" />
          <xs:enumeration value="VN" />
          <xs:enumeration value="VU" />
          <xs:enumeration value="WF" />
          <xs:enumeration value="WS" />
          <xs:enumeration value="YE" />
          <xs:enumeration value="YT" />
          <xs:enumeration value="ZA" />
          <xs:enumeration value="ZM" />
          <xs:enumeration value="ZW" />
        </xs:restriction>
      </xs:simpleType>
      <xs:simpleType name="PhoneV1">
        <xs:annotation>
          <xs:documentation>Phone number</xs:documentation>
        </xs:annotation>
        <xs:restriction base="xs:string">
          <xs:maxLength value="40" />
        </xs:restriction>
      </xs:simpleType>
      <xs:simpleType name="EmailV1">
        <xs:annotation>
          <xs:documentation>Email address</xs:documentation>
        </xs:annotation>
        <xs:restriction base="xs:string">
          <xs:maxLength value="100" />
        </xs:restriction>
      </xs:simpleType>
      <xs:simpleType name="CheckPayMethodV1">
        <xs:annotation>
          <xs:documentation>The method used to make the payment.Possible values are:WEB = Card Number Provided Online, TEL = Card Number Provided by Phone, CCD 	(Cash 			Concentration 	or Disbursement) = business-to-business, PPD(Prearranged Payment and Deposit Entry) Used to submit prearranged credit and debit transactions such as payroll 		deposits 	and 	periodic bill 	payments against a consumer's account.</xs:documentation>
        </xs:annotation>
        <xs:restriction base="xs:string">
          <xs:enumeration value="WEB" />
          <xs:enumeration value="TEL" />
          <xs:enumeration value="CCD" />
          <xs:enumeration value="PPD" />
        </xs:restriction>
      </xs:simpleType>
      <xs:simpleType name="IDTypeV1">
        <xs:annotation>
          <xs:documentation>DL=drivers license; SS=government ID; MI=military ID; GN=generic ID</xs:documentation>
        </xs:annotation>
        <xs:restriction base="xs:string">
          <xs:maxLength value="10" />
          <xs:enumeration value="DL" />
          <xs:enumeration value="SS" />
          <xs:enumeration value="MI" />
          <xs:enumeration value="GN" />
        </xs:restriction>
      </xs:simpleType>
      <xs:simpleType name="CarrierV1">
        <xs:annotation>
          <xs:documentation>The shipment carrier. Possible values are: APC = APC Overnight, APS = AnPost, CAD = Canada Postal Service,  DHL, FEX = Fedex, RML = Royal Mail, UPS = United Parcel Service, USPS = United State Postal Service, OTHER</xs:documentation>
        </xs:annotation>
        <xs:restriction base="xs:string">
          <xs:enumeration value="APC" />
          <xs:enumeration value="APS" />
          <xs:enumeration value="CAD" />
          <xs:enumeration value="DHL" />
          <xs:enumeration value="FEX" />
          <xs:enumeration value="RML" />
          <xs:enumeration value="UPS" />
          <xs:enumeration value="USPS" />
          <xs:enumeration value="OTHER" />
        </xs:restriction>
      </xs:simpleType>
      <xs:simpleType name="ShipMethodV1">
        <xs:annotation>
          <xs:documentation>The method of shipment. Possible values are: N = Next Day/Overnight, T = Two-Day Service, C = Lowest Cost, O = Other</xs:documentation>
        </xs:annotation>
        <xs:restriction base="xs:string">
          <xs:enumeration value="N" />
          <xs:enumeration value="T" />
          <xs:enumeration value="C" />
          <xs:enumeration value="O" />
        </xs:restriction>
      </xs:simpleType>
      <xs:simpleType name="CheckRiskServiceV1">
        <xs:annotation>
          <xs:documentation>MD = Verify that micro deposit was validated sucessfully, MDVIP = Verify that a micro deposit was requested and is in a pending state</xs:documentation>
        </xs:annotation>
        <xs:restriction base="xs:string">
          <xs:enumeration value="MD" />
          <xs:enumeration value="MDVIP" />
        </xs:restriction>
      </xs:simpleType>
      <xs:simpleType name="ProductTypeV1">
        <xs:annotation>
          <xs:documentation>The type of product ordered. Possible values are:P = Physical Goods, D = Digital Goods (e.g., software), C = Digital Content (e.g., images and/or text), G = Gift 		Certificate/Digital Cash, S = Shareware
, M = Both Digital and Physical(e.g., software downloaded followed by media shipment), R = Account Replenish (subscription renewal)</xs:documentation>
        </xs:annotation>
        <xs:restriction base="xs:string">
          <xs:enumeration value="P" />
          <xs:enumeration value="D" />
          <xs:enumeration value="C" />
          <xs:enumeration value="G" />
          <xs:enumeration value="S" />
          <xs:enumeration value="M" />
          <xs:enumeration value="R" />
        </xs:restriction>
      </xs:simpleType>
      <xs:simpleType name="MerchantRefNumV1">
        <xs:restriction base="xs:string">
          <xs:maxLength value="40" />
        </xs:restriction>
      </xs:simpleType>
      <xs:simpleType name="OriginV1">
        <xs:annotation>
          <xs:documentation>Where the request originated from: WIRELESS or WIRELINE.</xs:documentation>
        </xs:annotation>
        <xs:restriction base="xs:string">
          <xs:enumeration value="WIRELESS" />
          <xs:enumeration value="WIRELINE" />
        </xs:restriction>
      </xs:simpleType>
      <xs:simpleType name="BankAccountTypeV1">
        <xs:annotation>
          <xs:documentation>PC=personal checking PS=personal savings PL=personal loan BC=business checking BS=busniess savings BL=business loan</xs:documentation>
        </xs:annotation>
        <xs:restriction base="xs:string">
          <xs:maxLength value="10" />
          <xs:enumeration value="PC" />
          <xs:enumeration value="PS" />
          <xs:enumeration value="PL" />
          <xs:enumeration value="BC" />
          <xs:enumeration value="BS" />
          <xs:enumeration value="BL" />
        </xs:restriction>
      </xs:simpleType>
      <xs:simpleType name="AmountV1">
        <xs:annotation>
          <xs:documentation>Amount in dollars and cents i.e. a positive number with exactly 2 decimal places and  max = 9999999999.99</xs:documentation>
        </xs:annotation>
        <xs:restriction base="xs:string">
          <xs:pattern value="(0|[1-9][0-9]{0,9})(\.[0-9]{1,2})" />
        </xs:restriction>
      </xs:simpleType>
      <xs:simpleType name="CountV1">
        <xs:annotation>
          <xs:documentation>a positive number (including 0)</xs:documentation>
        </xs:annotation>
        <xs:restriction base="xs:integer">
          <xs:minInclusive value="0" />
        </xs:restriction>
      </xs:simpleType>
      <xs:element name="ddShippingRequestV1" type="DDShippingRequestV1">
        <xs:annotation>
          <xs:documentation>Request used for updating shipping information of existing echecks</xs:documentation>
        </xs:annotation>
      </xs:element>
      <xs:complexType name="DDShippingRequestV1">
        <xs:sequence>
          <xs:element name="merchantAccount" type="MerchantAccountV1">
            <xs:annotation>
              <xs:documentation>Account validation information</xs:documentation>
            </xs:annotation>
          </xs:element>
          <xs:element name="carrier" type="CarrierV1">
            <xs:annotation>
              <xs:documentation>The shipment carrier. Possible values are: APC = APC Overnight, APS = AnPost, CAD = Canada Postal Service,  DHL, FEX = Fedex, RML = Royal Mail, UPS = United Parcel Service, USPS = United State Postal Service, OTHER</xs:documentation>
            </xs:annotation>
          </xs:element>
          <xs:element name="trackingNumber">
            <xs:annotation>
              <xs:documentation>shipment tracking number provided by the carrier</xs:documentation>
            </xs:annotation>
            <xs:simpleType>
              <xs:restriction base="xs:string">
                <xs:maxLength value="50" />
              </xs:restriction>
            </xs:simpleType>
          </xs:element>
          <xs:element name="confirmationNumber" type="ConfirmationNumberV1">
            <xs:annotation>
              <xs:documentation>The responseId of the original charge transaction</xs:documentation>
            </xs:annotation>
          </xs:element>
          <xs:element name="shipMethod" type="ShipMethodV1" minOccurs="0">
            <xs:annotation>
              <xs:documentation>The method of shipment. Possible values are: N = Next Day/Overnight, T = Two-Day Service, C = Lowest Cost, O = Other</xs:documentation>
            </xs:annotation>
          </xs:element>
          <xs:element name="firstName" type="FirstNameV1" minOccurs="0">
            <xs:annotation>
              <xs:documentation>First Name</xs:documentation>
            </xs:annotation>
          </xs:element>
          <xs:element name="lastName" type="LastNameV1" minOccurs="0">
            <xs:annotation>
              <xs:documentation>Last Name</xs:documentation>
            </xs:annotation>
          </xs:element>
          <xs:element name="street" type="StreetV1" minOccurs="0">
            <xs:annotation>
              <xs:documentation>Street information line 1</xs:documentation>
            </xs:annotation>
          </xs:element>
          <xs:element name="street2" type="StreetV1" minOccurs="0">
            <xs:annotation>
              <xs:documentation>Street information line 2</xs:documentation>
            </xs:annotation>
          </xs:element>
          <xs:element name="city" type="CityV1" minOccurs="0">
            <xs:annotation>
              <xs:documentation>City</xs:documentation>
            </xs:annotation>
          </xs:element>
          <xs:choice>
            <xs:element name="region" type="RegionV1" minOccurs="0">
              <xs:annotation>
                <xs:documentation>Use region for geographical regions outside US and Canada</xs:documentation>
              </xs:annotation>
            </xs:element>
            <xs:element name="state" type="StateV1" minOccurs="0">
              <xs:annotation>
                <xs:documentation>State in U.S. or Province in Canada</xs:documentation>
              </xs:annotation>
            </xs:element>
          </xs:choice>
          <xs:element name="country" type="CountryV1" minOccurs="0">
            <xs:annotation>
              <xs:documentation>2 letter ISO Country Code</xs:documentation>
            </xs:annotation>
          </xs:element>
          <xs:element name="zip" type="ZipV1" minOccurs="0">
            <xs:annotation>
              <xs:documentation>Zip or Postal code</xs:documentation>
            </xs:annotation>
          </xs:element>
          <xs:element name="phone" type="PhoneV1" minOccurs="0">
            <xs:annotation>
              <xs:documentation>Phone Number</xs:documentation>
            </xs:annotation>
          </xs:element>
          <xs:element name="email" type="EmailV1" minOccurs="0">
            <xs:annotation>
              <xs:documentation>Email address</xs:documentation>
            </xs:annotation>
          </xs:element>
        </xs:sequence>
      </xs:complexType>
      <xs:complexType name="ReversalTransactionV1">
        <xs:annotation>
          <xs:documentation>Reversal transaction for a TransactionRecordV1, if any</xs:documentation>
        </xs:annotation>
        <xs:sequence>
          <xs:element name="reversalPosted">
            <xs:simpleType>
              <xs:restriction base="xs:string">
                <xs:minLength value="1" />
                <xs:maxLength value="1" />
                <xs:enumeration value="Y" />
                <xs:enumeration value="N" />
              </xs:restriction>
            </xs:simpleType>
          </xs:element>
          <xs:element name="reversalType">
            <xs:simpleType>
              <xs:restriction base="xs:string">
                <xs:minLength value="1" />
                <xs:maxLength value="255" />
                <xs:whiteSpace value="preserve" />
              </xs:restriction>
            </xs:simpleType>
          </xs:element>
          <xs:element name="reversalId" type="xs:long" minOccurs="0" />
          <xs:element name="reversalPostedError" minOccurs="0">
            <xs:simpleType>
              <xs:restriction base="xs:string">
                <xs:minLength value="1" />
                <xs:maxLength value="255" />
                <xs:whiteSpace value="preserve" />
              </xs:restriction>
            </xs:simpleType>
          </xs:element>
        </xs:sequence>
      </xs:complexType>
    </xs:schema>
    <xsd:schema targetNamespace="http://www.optimalpayments.com/directdebit/v1" elementFormDefault="qualified" attributeFormDefault="qualified">
      <xsd:element name="decline">
        <xsd:complexType>
          <xsd:sequence>
            <xsd:element ref="ns1:ddCheckDeclineRequestV1" minOccurs="1" maxOccurs="1" />
          </xsd:sequence>
        </xsd:complexType>
      </xsd:element>
      <xsd:element name="declineResponse">
        <xsd:complexType>
          <xsd:sequence>
            <xsd:element ref="ns1:ddCheckResponseV1" minOccurs="1" maxOccurs="1" />
          </xsd:sequence>
        </xsd:complexType>
      </xsd:element>
      <xsd:element name="credit">
        <xsd:complexType>
          <xsd:sequence>
            <xsd:element ref="ns1:ddCheckRequestV1" minOccurs="1" maxOccurs="1" />
          </xsd:sequence>
        </xsd:complexType>
      </xsd:element>
      <xsd:element name="creditResponse">
        <xsd:complexType>
          <xsd:sequence>
            <xsd:element ref="ns1:ddCheckResponseV1" minOccurs="1" maxOccurs="1" />
          </xsd:sequence>
        </xsd:complexType>
      </xsd:element>
      <xsd:element name="charge">
        <xsd:complexType>
          <xsd:sequence>
            <xsd:element ref="ns1:ddCheckRequestV1" minOccurs="1" maxOccurs="1" />
          </xsd:sequence>
        </xsd:complexType>
      </xsd:element>
      <xsd:element name="chargeResponse">
        <xsd:complexType>
          <xsd:sequence>
            <xsd:element ref="ns1:ddCheckResponseV1" minOccurs="1" maxOccurs="1" />
          </xsd:sequence>
        </xsd:complexType>
      </xsd:element>
      <xsd:element name="updateShippingInfo">
        <xsd:complexType>
          <xsd:sequence>
            <xsd:element ref="ns1:ddShippingRequestV1" minOccurs="1" maxOccurs="1" />
          </xsd:sequence>
        </xsd:complexType>
      </xsd:element>
      <xsd:element name="updateShippingInfoResponse">
        <xsd:complexType>
          <xsd:sequence>
            <xsd:element ref="ns1:ddCheckResponseV1" minOccurs="1" maxOccurs="1" />
          </xsd:sequence>
        </xsd:complexType>
      </xsd:element>
      <xsd:element name="verify">
        <xsd:complexType>
          <xsd:sequence>
            <xsd:element ref="ns1:ddCheckRequestV1" minOccurs="1" maxOccurs="1" />
          </xsd:sequence>
        </xsd:complexType>
      </xsd:element>
      <xsd:element name="verifyResponse">
        <xsd:complexType>
          <xsd:sequence>
            <xsd:element ref="ns1:ddCheckResponseV1" minOccurs="1" maxOccurs="1" />
          </xsd:sequence>
        </xsd:complexType>
      </xsd:element>
      <xsd:element name="ping">
        <xsd:complexType />
      </xsd:element>
      <xsd:element name="pingResponse">
        <xsd:complexType>
          <xsd:sequence>
            <xsd:element name="out" type="xsd:string" minOccurs="1" maxOccurs="1" />
          </xsd:sequence>
        </xsd:complexType>
      </xsd:element>
    </xsd:schema>
  </wsdl:types>
  <wsdl:message name="chargeResponse">
    <wsdl:part element="tns:chargeResponse" name="parameters" />
  </wsdl:message>
  <wsdl:message name="creditResponse">
    <wsdl:part element="tns:creditResponse" name="parameters" />
  </wsdl:message>
  <wsdl:message name="updateShippingInfoRequest">
    <wsdl:part element="tns:updateShippingInfo" name="parameters" />
  </wsdl:message>
  <wsdl:message name="chargeRequest">
    <wsdl:part element="tns:charge" name="parameters" />
  </wsdl:message>
  <wsdl:message name="declineRequest">
    <wsdl:part element="tns:decline" name="parameters" />
  </wsdl:message>
  <wsdl:message name="verifyResponse">
    <wsdl:part element="tns:verifyResponse" name="parameters" />
  </wsdl:message>
  <wsdl:message name="pingRequest">
    <wsdl:part element="tns:ping" name="parameters" />
  </wsdl:message>
  <wsdl:message name="verifyRequest">
    <wsdl:part element="tns:verify" name="parameters" />
  </wsdl:message>
  <wsdl:message name="updateShippingInfoResponse">
    <wsdl:part element="tns:updateShippingInfoResponse" name="parameters" />
  </wsdl:message>
  <wsdl:message name="pingResponse">
    <wsdl:part element="tns:pingResponse" name="parameters" />
  </wsdl:message>
  <wsdl:message name="creditRequest">
    <wsdl:part element="tns:credit" name="parameters" />
  </wsdl:message>
  <wsdl:message name="declineResponse">
    <wsdl:part element="tns:declineResponse" name="parameters" />
  </wsdl:message>
  <wsdl:portType name="DirectDebitServiceV1PortType">
    <wsdl:operation name="decline">
      <wsdl:input message="tns:declineRequest" name="declineRequest" />
      <wsdl:output message="tns:declineResponse" name="declineResponse" />
    </wsdl:operation>
    <wsdl:operation name="credit">
      <wsdl:input message="tns:creditRequest" name="creditRequest" />
      <wsdl:output message="tns:creditResponse" name="creditResponse" />
    </wsdl:operation>
    <wsdl:operation name="charge">
      <wsdl:input message="tns:chargeRequest" name="chargeRequest" />
      <wsdl:output message="tns:chargeResponse" name="chargeResponse" />
    </wsdl:operation>
    <wsdl:operation name="updateShippingInfo">
      <wsdl:input message="tns:updateShippingInfoRequest" name="updateShippingInfoRequest" />
      <wsdl:output message="tns:updateShippingInfoResponse" name="updateShippingInfoResponse" />
    </wsdl:operation>
    <wsdl:operation name="verify">
      <wsdl:input message="tns:verifyRequest" name="verifyRequest" />
      <wsdl:output message="tns:verifyResponse" name="verifyResponse" />
    </wsdl:operation>
    <wsdl:operation name="ping">
      <wsdl:input message="tns:pingRequest" name="pingRequest" />
      <wsdl:output message="tns:pingResponse" name="pingResponse" />
    </wsdl:operation>
  </wsdl:portType>
  <wsdl:binding name="DirectDebitServiceV1HttpBinding" type="tns:DirectDebitServiceV1PortType">
    <wsdlsoap:binding style="document" transport="http://schemas.xmlsoap.org/soap/http" />
    <wsdl:operation name="decline">
      <wsdlsoap:operation soapAction="" />
      <wsdl:input name="declineRequest">
        <wsdlsoap:body use="literal" />
      </wsdl:input>
      <wsdl:output name="declineResponse">
        <wsdlsoap:body use="literal" />
      </wsdl:output>
    </wsdl:operation>
    <wsdl:operation name="credit">
      <wsdlsoap:operation soapAction="" />
      <wsdl:input name="creditRequest">
        <wsdlsoap:body use="literal" />
      </wsdl:input>
      <wsdl:output name="creditResponse">
        <wsdlsoap:body use="literal" />
      </wsdl:output>
    </wsdl:operation>
    <wsdl:operation name="charge">
      <wsdlsoap:operation soapAction="" />
      <wsdl:input name="chargeRequest">
        <wsdlsoap:body use="literal" />
      </wsdl:input>
      <wsdl:output name="chargeResponse">
        <wsdlsoap:body use="literal" />
      </wsdl:output>
    </wsdl:operation>
    <wsdl:operation name="updateShippingInfo">
      <wsdlsoap:operation soapAction="" />
      <wsdl:input name="updateShippingInfoRequest">
        <wsdlsoap:body use="literal" />
      </wsdl:input>
      <wsdl:output name="updateShippingInfoResponse">
        <wsdlsoap:body use="literal" />
      </wsdl:output>
    </wsdl:operation>
    <wsdl:operation name="verify">
      <wsdlsoap:operation soapAction="" />
      <wsdl:input name="verifyRequest">
        <wsdlsoap:body use="literal" />
      </wsdl:input>
      <wsdl:output name="verifyResponse">
        <wsdlsoap:body use="literal" />
      </wsdl:output>
    </wsdl:operation>
    <wsdl:operation name="ping">
      <wsdlsoap:operation soapAction="" />
      <wsdl:input name="pingRequest">
        <wsdlsoap:body use="literal" />
      </wsdl:input>
      <wsdl:output name="pingResponse">
        <wsdlsoap:body use="literal" />
      </wsdl:output>
    </wsdl:operation>
  </wsdl:binding>
  <wsdl:service name="DirectDebitServiceV1">
    <wsdl:port binding="tns:DirectDebitServiceV1HttpBinding" name="DirectDebitServiceV1HttpPort">
      <wsdlsoap:address location="https://webservices.optimalpayments.com/directdebitWS/DirectDebitService/v1" />
    </wsdl:port>
  </wsdl:service>
</wsdl:definitions>


