<?xml version="1.0" encoding="utf-8"?>

<!--
This is the seekda cache of the WSDL definition available at https://webservices.optimalpayments.com/Teller/tp/TransactionProcessing.jws?WSDL.
seekdas cache is a snapshot that we took as we crawled the Web.
The service may have changed since the last crawl.
seekda is neither affiliated with the authors of this service nor responsible for its advertised functionality.

-->

<definitions xmlns="http://schemas.xmlsoap.org/wsdl/" xmlns:conv="http://www.openuri.org/2002/04/soap/conversation/" xmlns:cw="http://www.openuri.org/2002/04/wsdl/conversation/" xmlns:http="http://schemas.xmlsoap.org/wsdl/http/" xmlns:jms="http://www.openuri.org/2002/04/wsdl/jms/" xmlns:mime="http://schemas.xmlsoap.org/wsdl/mime/" xmlns:s="http://www.w3.org/2001/XMLSchema" xmlns:s0="http://webservices.optimalpayments.com/xact" xmlns:soap="http://schemas.xmlsoap.org/wsdl/soap/" xmlns:soapenc="http://schemas.xmlsoap.org/soap/encoding/" targetNamespace="http://webservices.optimalpayments.com/xact">
  <types>
    <s:schema xmlns:s="http://www.w3.org/2001/XMLSchema" xmlns:xact="http://webservices.optimalpayments.com/xact" elementFormDefault="qualified" targetNamespace="http://webservices.optimalpayments.com/xact">
      <s:element name="ddCharge">
        <s:complexType>
          <s:sequence>
            <s:element name="aChargeRequest" type="xact:DDCheckRequest" minOccurs="0"/>
          </s:sequence>
        </s:complexType>
      </s:element>
      <s:element name="ddChargeResponse">
        <s:complexType>
          <s:sequence>
            <s:element name="ddChargeResult" type="xact:TxnResponse" minOccurs="0"/>
          </s:sequence>
        </s:complexType>
      </s:element>
      <s:element name="ddPing">
        <s:complexType>
          <s:sequence/>
        </s:complexType>
      </s:element>
      <s:element name="ddPingResponse">
        <s:complexType>
          <s:sequence>
            <s:element name="ddPingResult" type="s:string" minOccurs="0"/>
          </s:sequence>
        </s:complexType>
      </s:element>
      <s:element name="string" nillable="true" type="s:string"/>
      <s:element name="ddDecline">
        <s:complexType>
          <s:sequence>
            <s:element name="txnRequest" type="xact:DDCheckRequest" minOccurs="0"/>
            <s:element name="reasonCode" type="s:string" minOccurs="0"/>
            <s:element name="comments" type="s:string" minOccurs="0"/>
          </s:sequence>
        </s:complexType>
      </s:element>
      <s:element name="ddDeclineResponse">
        <s:complexType>
          <s:sequence>
            <s:element name="ddDeclineResult" type="xact:TxnResponse" minOccurs="0"/>
          </s:sequence>
        </s:complexType>
      </s:element>
      <s:element name="ddVerify">
        <s:complexType>
          <s:sequence>
            <s:element name="txnRequest" type="xact:DDCheckRequest" minOccurs="0"/>
          </s:sequence>
        </s:complexType>
      </s:element>
      <s:element name="ddVerifyResponse">
        <s:complexType>
          <s:sequence>
            <s:element name="ddVerifyResult" type="xact:TxnResponse" minOccurs="0"/>
          </s:sequence>
        </s:complexType>
      </s:element>
      <s:element name="ddCredit">
        <s:complexType>
          <s:sequence>
            <s:element name="txnRequest" type="xact:DDCheckRequest" minOccurs="0"/>
          </s:sequence>
        </s:complexType>
      </s:element>
      <s:element name="ddCreditResponse">
        <s:complexType>
          <s:sequence>
            <s:element name="ddCreditResult" type="xact:TxnResponse" minOccurs="0"/>
          </s:sequence>
        </s:complexType>
      </s:element>
    </s:schema>
    <xs:schema xmlns="http://webservices.optimalpayments.com/xact" xmlns:xs="http://www.w3.org/2001/XMLSchema" targetNamespace="http://webservices.optimalpayments.com/xact" elementFormDefault="qualified" attributeFormDefault="qualified">
      <xs:element name="DDBatch">
        <xs:annotation>
          <xs:documentation>Root element containing a list of transactions</xs:documentation>
        </xs:annotation>
        <xs:complexType>
          <xs:sequence>
            <xs:element name="batchBody" type="BatchBody"/>
          </xs:sequence>
        </xs:complexType>
      </xs:element>
      <xs:complexType name="DDCheckRequest">
        <xs:sequence>
          <xs:element name="merchantAccount" type="MerchantAccount"/>
          <xs:element ref="merchantRefNum" minOccurs="0"/>
          <xs:element ref="amount"/>
          <xs:element name="check" type="Check"/>
          <xs:element name="billingDetails">
            <xs:complexType>
              <xs:sequence>
                <xs:element ref="checkPayMethod"/>
                <xs:element ref="firstName" minOccurs="0"/>
                <xs:choice>
                  <xs:annotation>
                    <xs:documentation>Must select a last name for a  Personal Account and a compnay name for a Business Account</xs:documentation>
                  </xs:annotation>
                  <xs:element ref="lastName" minOccurs="0"/>
                  <xs:element ref="companyName" minOccurs="0"/>
                </xs:choice>
                <xs:element ref="street"/>
                <xs:element ref="street2" minOccurs="0"/>
                <xs:element ref="city"/>
                <xs:choice minOccurs="0">
                  <xs:element ref="region" minOccurs="0"/>
                  <xs:element ref="state" minOccurs="0"/>
                </xs:choice>
                <xs:element ref="country"/>
                <xs:element ref="phone"/>
                <xs:element ref="zip" minOccurs="0"/>
                <xs:element ref="email" minOccurs="0"/>
              </xs:sequence>
            </xs:complexType>
          </xs:element>
          <xs:element name="personalID" type="PersonalID" minOccurs="0"/>
          <xs:element name="shippingDetails" minOccurs="0">
            <xs:complexType>
              <xs:sequence>
                <xs:element ref="carrier" minOccurs="0"/>
                <xs:element ref="shipMethod" minOccurs="0"/>
                <xs:element ref="firstName" minOccurs="0"/>
                <xs:element ref="middleName" minOccurs="0"/>
                <xs:element ref="lastName" minOccurs="0"/>
                <xs:element ref="street" minOccurs="0"/>
                <xs:element ref="street2" minOccurs="0"/>
                <xs:element ref="city" minOccurs="0"/>
                <xs:choice minOccurs="0">
                  <xs:element ref="region" minOccurs="0"/>
                  <xs:element ref="state" minOccurs="0"/>
                </xs:choice>
                <xs:element ref="country" minOccurs="0"/>
                <xs:element ref="phone" minOccurs="0"/>
                <xs:element ref="zip" minOccurs="0"/>
                <xs:element ref="email" minOccurs="0"/>
              </xs:sequence>
            </xs:complexType>
          </xs:element>
          <xs:element ref="customerIP" minOccurs="0"/>
          <xs:element ref="targetVirtualAccount" minOccurs="0"/>
          <xs:element name="checkRiskService" minOccurs="0" maxOccurs="unbounded">
            <xs:annotation>
              <xs:documentation>MD = Verify that micro deposit was validated sucessfully, MDVIP = Verify that a micro deposit was requested and is in a pending state</xs:documentation>
            </xs:annotation>
            <xs:simpleType>
              <xs:restriction base="xs:string">
                <xs:enumeration value="MD"/>
                <xs:enumeration value="MDVIP"/>
              </xs:restriction>
            </xs:simpleType>
          </xs:element>
          <xs:element ref="productType" minOccurs="0"/>
          <xs:element ref="txnDate" minOccurs="0"/>
          <xs:element ref="txnAppliedTo" minOccurs="0"/>
          <xs:element ref="sdk" minOccurs="0"/>
          <xs:element ref="origin" minOccurs="0"/>
          <xs:element name="addendumData" type="Detail" minOccurs="0" maxOccurs="unbounded"/>
        </xs:sequence>
      </xs:complexType>
      <xs:complexType name="TxnRequest">
        <xs:sequence>
          <xs:element ref="txnAppliedTo" minOccurs="0"/>
          <xs:element name="txnAmount" type="Cash" minOccurs="0"/>
          <xs:element ref="merchantRefNum" minOccurs="0"/>
          <xs:element name="addendumData" type="Detail" minOccurs="0" maxOccurs="unbounded"/>
          <xs:element ref="counter" minOccurs="0"/>
          <xs:element ref="txnDate" minOccurs="0"/>
          <xs:element name="merchantAccount" type="MerchantAccount"/>
          <xs:element name="riskServices" type="RiskServices" minOccurs="0"/>
          <xs:element ref="sdk" minOccurs="0"/>
        </xs:sequence>
      </xs:complexType>
      <xs:complexType name="TransferRequest">
        <xs:complexContent>
          <xs:extension base="TxnRequest">
            <xs:sequence>
              <xs:choice>
                <xs:element ref="targetVirtualAccount" minOccurs="0"/>
                <xs:element name="consumerEmail" minOccurs="0">
                  <xs:simpleType>
                    <xs:restriction base="xs:string">
                      <xs:maxLength value="50"/>
                    </xs:restriction>
                  </xs:simpleType>
                </xs:element>
              </xs:choice>
            </xs:sequence>
          </xs:extension>
        </xs:complexContent>
      </xs:complexType>
      <xs:complexType name="TxnResponse">
        <xs:sequence>
          <xs:element name="decision">
            <xs:annotation>
              <xs:documentation>ACCEPTED, DECLINED, ERROR</xs:documentation>
            </xs:annotation>
            <xs:simpleType>
              <xs:restriction base="xs:string">
                <xs:enumeration value="ACCEPTED"/>
                <xs:enumeration value="DECLINED"/>
                <xs:enumeration value="ERROR"/>
              </xs:restriction>
            </xs:simpleType>
          </xs:element>
          <xs:element name="code" type="xs:int">
            <xs:annotation>
              <xs:documentation>A unique numeric code classifying this detail (e.g. "32" might mean "missing parameter").  This is included to simplify "switch" construct processing by the client</xs:documentation>
            </xs:annotation>
          </xs:element>
          <xs:element name="actionCode" minOccurs="0">
            <xs:annotation>
              <xs:documentation>R - Retry, M - merchant parameter error, C - customer parameter error, D - do not retry</xs:documentation>
            </xs:annotation>
            <xs:simpleType>
              <xs:restriction base="xs:string">
                <xs:enumeration value="R"/>
                <xs:enumeration value="M"/>
                <xs:enumeration value="C"/>
                <xs:enumeration value="D"/>
              </xs:restriction>
            </xs:simpleType>
          </xs:element>
          <xs:element name="description" minOccurs="0">
            <xs:annotation>
              <xs:documentation>a human readable description of the tag</xs:documentation>
            </xs:annotation>
            <xs:simpleType>
              <xs:restriction base="xs:string">
                <xs:maxLength value="1024"/>
              </xs:restriction>
            </xs:simpleType>
          </xs:element>
          <xs:element name="detail" type="Detail" minOccurs="0" maxOccurs="unbounded"/>
          <xs:element name="txnResponseID" type="xs:string"/>
          <xs:element name="txnTime" type="xs:dateTime"/>
        </xs:sequence>
      </xs:complexType>
      <xs:complexType name="PaymentRequest">
        <xs:complexContent>
          <xs:extension base="TxnRequest">
            <xs:sequence>
              <xs:element name="billTo" type="Contact" minOccurs="0"/>
              <xs:element name="orderDetail" minOccurs="0">
                <xs:complexType>
                  <xs:sequence>
                    <xs:element ref="productType"/>
                    <xs:element ref="carrier" minOccurs="0"/>
                    <xs:element name="shipTo" type="Contact" minOccurs="0"/>
                    <xs:element ref="shipMethod" minOccurs="0"/>
                    <xs:element name="trackingNumber" type="xs:string" minOccurs="0"/>
                  </xs:sequence>
                </xs:complexType>
              </xs:element>
              <xs:element ref="payMethod" minOccurs="0"/>
              <xs:choice>
                <xs:element name="card" type="Card" minOccurs="0"/>
                <xs:element name="check" type="Check" minOccurs="0"/>
              </xs:choice>
              <xs:element ref="targetVirtualAccount" minOccurs="0"/>
            </xs:sequence>
          </xs:extension>
        </xs:complexContent>
      </xs:complexType>
      <xs:complexType name="RiskServices">
        <xs:sequence>
          <xs:element name="serviceName" maxOccurs="unbounded">
            <xs:simpleType>
              <xs:restriction base="xs:string">
                <xs:maxLength value="10"/>
              </xs:restriction>
            </xs:simpleType>
          </xs:element>
        </xs:sequence>
      </xs:complexType>
      <xs:complexType name="TxnStatus">
        <xs:sequence>
          <xs:element name="txnID" type="xs:string"/>
          <xs:element name="status" type="xs:string"/>
          <xs:element name="statusChangeDate" type="xs:dateTime"/>
        </xs:sequence>
      </xs:complexType>
      <xs:complexType name="Detail">
        <xs:sequence>
          <xs:element name="tag">
            <xs:annotation>
              <xs:documentation>Classification of the detail element</xs:documentation>
            </xs:annotation>
            <xs:simpleType>
              <xs:restriction base="xs:string">
                <xs:maxLength value="30"/>
              </xs:restriction>
            </xs:simpleType>
          </xs:element>
          <xs:element name="value">
            <xs:annotation>
              <xs:documentation>Description of the detail</xs:documentation>
            </xs:annotation>
            <xs:simpleType>
              <xs:restriction base="xs:string">
                <xs:maxLength value="1024"/>
              </xs:restriction>
            </xs:simpleType>
          </xs:element>
        </xs:sequence>
      </xs:complexType>
      <xs:complexType name="CurrencyExchangeRequest">
        <xs:sequence>
          <xs:element name="product" minOccurs="0">
            <xs:annotation>
              <xs:documentation>FPA,FMA,UNITTEST are the only possible values currently.</xs:documentation>
            </xs:annotation>
            <xs:simpleType>
              <xs:restriction base="xs:string">
                <xs:enumeration value="FPA"/>
                <xs:enumeration value="FMA"/>
                <xs:enumeration value="UNITTEST"/>
              </xs:restriction>
            </xs:simpleType>
          </xs:element>
          <xs:element name="sourceCurrency" type="xs:string" minOccurs="0">
            <xs:annotation>
              <xs:documentation>Starting currency</xs:documentation>
            </xs:annotation>
          </xs:element>
          <xs:element name="targetCurrency" type="xs:string" minOccurs="0">
            <xs:annotation>
              <xs:documentation>Target currency</xs:documentation>
            </xs:annotation>
          </xs:element>
          <xs:element name="mode" minOccurs="0">
            <xs:annotation>
              <xs:documentation>SELL, BUY</xs:documentation>
            </xs:annotation>
            <xs:simpleType>
              <xs:restriction base="xs:string">
                <xs:enumeration value="SELL"/>
                <xs:enumeration value="BUY"/>
              </xs:restriction>
            </xs:simpleType>
          </xs:element>
          <xs:element name="amount">
            <xs:annotation>
              <xs:documentation>Amount in dollars requested to be exchanged</xs:documentation>
            </xs:annotation>
            <xs:simpleType>
              <xs:restriction base="xs:double">
                <xs:minInclusive value="0.00"/>
                <xs:maxInclusive value="9999999999.99"/>
              </xs:restriction>
            </xs:simpleType>
          </xs:element>
          <xs:element name="rate" type="xs:double" minOccurs="0">
            <xs:annotation>
              <xs:documentation>The rate to be used for this exchange. If a value 
            for this element is provided then this is the rate that will be 
            used for the exchange calculation, NOT the values from the 
            database</xs:documentation>
            </xs:annotation>
          </xs:element>
        </xs:sequence>
      </xs:complexType>
      <xs:complexType name="CurrencyExchangeResponse">
        <xs:sequence>
          <xs:element name="returnCode">
            <xs:annotation>
              <xs:documentation>SUCCESS, ERROR, NO_CONVERSION_FOUND</xs:documentation>
            </xs:annotation>
            <xs:simpleType>
              <xs:restriction base="xs:string">
                <xs:enumeration value="SUCCESS"/>
                <xs:enumeration value="ERROR"/>
                <xs:enumeration value="NO_CONVERSION_FOUND"/>
              </xs:restriction>
            </xs:simpleType>
          </xs:element>
          <xs:element name="product" minOccurs="0">
            <xs:annotation>
              <xs:documentation>FPA,FMA,UNITTEST are the only possible values currently.</xs:documentation>
            </xs:annotation>
            <xs:simpleType>
              <xs:restriction base="xs:string">
                <xs:enumeration value="FPA"/>
                <xs:enumeration value="FMA"/>
                <xs:enumeration value="UNITTEST"/>
              </xs:restriction>
            </xs:simpleType>
          </xs:element>
          <xs:element name="sourceCurrency" type="xs:string" minOccurs="0">
            <xs:annotation>
              <xs:documentation>Starting currency</xs:documentation>
            </xs:annotation>
          </xs:element>
          <xs:element name="targetCurrency" type="xs:string" minOccurs="0">
            <xs:annotation>
              <xs:documentation>Starting currency</xs:documentation>
            </xs:annotation>
          </xs:element>
          <xs:element name="mode" minOccurs="0">
            <xs:annotation>
              <xs:documentation>SELL, BUY</xs:documentation>
            </xs:annotation>
            <xs:simpleType>
              <xs:restriction base="xs:string">
                <xs:enumeration value="SELL"/>
                <xs:enumeration value="BUY"/>
              </xs:restriction>
            </xs:simpleType>
          </xs:element>
          <xs:element name="baseRate" type="xs:double" minOccurs="0">
            <xs:annotation>
              <xs:documentation>The base rate used for this exchange</xs:documentation>
            </xs:annotation>
          </xs:element>
          <xs:element name="sellMarkup" type="xs:double" minOccurs="0">
            <xs:annotation>
              <xs:documentation>The markup added to the base rate when selling the target currency</xs:documentation>
            </xs:annotation>
          </xs:element>
          <xs:element name="buyMarkup" type="xs:double" minOccurs="0">
            <xs:annotation>
              <xs:documentation>The markup subtracted to the base rate when buying the target currency</xs:documentation>
            </xs:annotation>
          </xs:element>
          <xs:element name="sellRate" type="xs:double" minOccurs="0">
            <xs:annotation>
              <xs:documentation>The adjusted sell rate. Sell markup calculated in.</xs:documentation>
            </xs:annotation>
          </xs:element>
          <xs:element name="buyRate" type="xs:double" minOccurs="0">
            <xs:annotation>
              <xs:documentation>The adjusted buy rate. Buy markup calculated in.</xs:documentation>
            </xs:annotation>
          </xs:element>
          <xs:element name="originalAmount" type="xs:double" minOccurs="0">
            <xs:annotation>
              <xs:documentation>The amount that was requested to be exchanged.</xs:documentation>
            </xs:annotation>
          </xs:element>
          <xs:element name="exchangedAmount" type="xs:double" minOccurs="0">
            <xs:annotation>
              <xs:documentation>The amount after applying the appropriate exchange rate.</xs:documentation>
            </xs:annotation>
          </xs:element>
          <xs:element name="balanceConversion" type="xs:double" minOccurs="0">
            <xs:annotation>
              <xs:documentation>The amount after applying the inverse of the appropriate exchange rate.</xs:documentation>
            </xs:annotation>
          </xs:element>
          <xs:element name="detail" type="xs:string" minOccurs="0" maxOccurs="unbounded"/>
        </xs:sequence>
      </xs:complexType>
      <xs:element name="avsResponse">
        <xs:annotation>
          <xs:documentation>X Exact. Nine-digit zip code and address match.Y Yes. Five-digit zip code and address match.A Address matches, but zip code does not.W Nine-digit zip code matches, but address does not.Z Five-digit zip code matches, but address does not.N No part of the address matches.U Address information is unavailable.R Retry. System unable to process.S AVS not supported.E AVS not supported for this industry.                           B AVS not performed.Q Unknown response from issuer/banknet switch.</xs:documentation>
        </xs:annotation>
        <xs:simpleType>
          <xs:restriction base="xs:string">
            <xs:enumeration value="X"/>
            <xs:enumeration value="Y"/>
            <xs:enumeration value="A"/>
            <xs:enumeration value="W"/>
            <xs:enumeration value="Z"/>
            <xs:enumeration value="N"/>
            <xs:enumeration value="U"/>
            <xs:enumeration value="R"/>
            <xs:enumeration value="S"/>
            <xs:enumeration value="E"/>
            <xs:enumeration value="B"/>
            <xs:enumeration value="Q"/>
          </xs:restriction>
        </xs:simpleType>
      </xs:element>
      <xs:element name="cvdResponse">
        <xs:annotation>
          <xs:documentation>The response to the cvd value submitted with the CCAuthRequest. Possible values are: M (Match) – The CVD value providedmatches the CVD value associated with the card. N (No Match) – The CVD value provided does not match the CVD value associated with the card. P (Not Processed) – The CVD value was not
processed. S – Merchant indicated that CVD value was notpresent on card. U – Issuer is not certified and/or has not provided Visa encryption keys.</xs:documentation>
        </xs:annotation>
        <xs:simpleType>
          <xs:restriction base="xs:string">
            <xs:enumeration value="M"/>
            <xs:enumeration value="N"/>
            <xs:enumeration value="P"/>
            <xs:enumeration value="S"/>
            <xs:enumeration value="U"/>
          </xs:restriction>
        </xs:simpleType>
      </xs:element>
      <xs:element name="txnAppliedTo">
        <xs:annotation>
          <xs:documentation>the transaction identifier of the transaction that this refers to, for example, in the case of a credit card settlement</xs:documentation>
        </xs:annotation>
        <xs:simpleType>
          <xs:restriction base="xs:string">
            <xs:maxLength value="32"/>
          </xs:restriction>
        </xs:simpleType>
      </xs:element>
      <xs:element name="merchantRefNum">
        <xs:annotation>
          <xs:documentation>A unique ID number associated with each request. The value is created by the merchant and submitted as part of the request.</xs:documentation>
        </xs:annotation>
        <xs:simpleType>
          <xs:restriction base="xs:string">
            <xs:maxLength value="40"/>
          </xs:restriction>
        </xs:simpleType>
      </xs:element>
      <xs:element name="counter" type="xs:int">
        <xs:annotation>
          <xs:documentation>optional.  If provided, we wil reject a transaction with a duplicate "counter" if it coccurs within the past 2 hours</xs:documentation>
        </xs:annotation>
      </xs:element>
      <xs:element name="txnDate" type="xs:dateTime">
        <xs:annotation>
          <xs:documentation>The date and time that the transaction took place (not the same as the time of transaction request submission)</xs:documentation>
        </xs:annotation>
      </xs:element>
      <xs:element name="sdk">
        <xs:annotation>
          <xs:documentation>Meta data about the sdk used to send the transaction request</xs:documentation>
        </xs:annotation>
        <xs:complexType>
          <xs:sequence>
            <xs:element name="version">
              <xs:annotation>
                <xs:documentation>Version number of the sdk being used</xs:documentation>
              </xs:annotation>
              <xs:simpleType>
                <xs:restriction base="xs:string">
                  <xs:maxLength value="20"/>
                </xs:restriction>
              </xs:simpleType>
            </xs:element>
            <xs:element name="platform">
              <xs:annotation>
                <xs:documentation>The integration language of the sdk (e.g. java, dotnet, cpp, perl, php, cf).  The values are not enforced via an enumeration.  See integration documentation for list of valid platform elements.</xs:documentation>
              </xs:annotation>
              <xs:simpleType>
                <xs:restriction base="xs:string">
                  <xs:maxLength value="10"/>
                </xs:restriction>
              </xs:simpleType>
            </xs:element>
            <xs:element name="provider">
              <xs:annotation>
                <xs:documentation>Indicates the author of the sdk.  All SDK's provided by Optimal Payments will set the provider to "op"</xs:documentation>
              </xs:annotation>
              <xs:simpleType>
                <xs:restriction base="xs:string">
                  <xs:maxLength value="20"/>
                </xs:restriction>
              </xs:simpleType>
            </xs:element>
          </xs:sequence>
        </xs:complexType>
      </xs:element>
      <xs:element name="checkPayMethod">
        <xs:annotation>
          <xs:documentation>The method used to make the payment.Possible values are:WEB = Card Number Provided Online, TEL = Card Number Provided by Phone, CCD (Cash Concentration or Disbursement) = business-to-business, PPD(Prearranged Payment and Deposit Entry) Used to submit prearranged credit and debit transactions such as payroll deposits and periodic bill payments against a consumer's account.</xs:documentation>
        </xs:annotation>
        <xs:simpleType>
          <xs:restriction base="xs:string">
            <xs:enumeration value="WEB"/>
            <xs:enumeration value="TEL"/>
            <xs:enumeration value="CCD"/>
            <xs:enumeration value="PPD"/>
          </xs:restriction>
        </xs:simpleType>
      </xs:element>
      <xs:element name="payMethod">
        <xs:annotation>
          <xs:documentation>WEB=PI number provided online, P=PI present, TEL=PI number provided by phone, PPD (prearranged payment), CCD (Cash Concentration or Disbursement) = business-to-business</xs:documentation>
        </xs:annotation>
        <xs:simpleType>
          <xs:restriction base="xs:string">
            <xs:enumeration value="CCD"/>
            <xs:enumeration value="WEB"/>
            <xs:enumeration value="P"/>
            <xs:enumeration value="TEL"/>
            <xs:enumeration value="PPD"/>
          </xs:restriction>
        </xs:simpleType>
      </xs:element>
      <xs:element name="productType">
        <xs:annotation>
          <xs:documentation>The type of product ordered. Possible values are:P = Physical Goods, D = Digital Goods (e.g., software), C = Digital Content (e.g., images and/or text), G = Gift Certificate/Digital Cash, S = Shareware
, M = Both Digital and Physical(e.g., software downloaded followed by media shipment), R = Account Replenish (subscription renewal)</xs:documentation>
        </xs:annotation>
        <xs:simpleType>
          <xs:restriction base="xs:string">
            <xs:enumeration value="P"/>
            <xs:enumeration value="D"/>
            <xs:enumeration value="C"/>
            <xs:enumeration value="G"/>
            <xs:enumeration value="S"/>
            <xs:enumeration value="M"/>
            <xs:enumeration value="R"/>
          </xs:restriction>
        </xs:simpleType>
      </xs:element>
      <xs:element name="carrier">
        <xs:annotation>
          <xs:documentation>The shipment carrier. Possible values are: APC = APC Overnight, APS = AnPost, CAD = Canada Postal Service,  DHL, FEX = Fedex, RML = Royal Mail, UPS = United Parcel Service, USPS = United State Postal Service, OTHER.</xs:documentation>
        </xs:annotation>
        <xs:simpleType>
          <xs:restriction base="xs:string">
            <xs:enumeration value="APC"/>
            <xs:enumeration value="APS"/>
            <xs:enumeration value="CAD"/>
            <xs:enumeration value="DHL"/>
            <xs:enumeration value="FEX"/>
            <xs:enumeration value="RML"/>
            <xs:enumeration value="UPS"/>
            <xs:enumeration value="USPS"/>
            <xs:enumeration value="OTHER"/>
          </xs:restriction>
        </xs:simpleType>
      </xs:element>
      <xs:element name="shipMethod">
        <xs:annotation>
          <xs:documentation>The method of shipment. Possible values are: N = Next Day/Overnight, T = Two-Day Service, C = Lowest Cost, O = Other</xs:documentation>
        </xs:annotation>
        <xs:simpleType>
          <xs:restriction base="xs:string">
            <xs:enumeration value="N"/>
            <xs:enumeration value="T"/>
            <xs:enumeration value="C"/>
            <xs:enumeration value="O"/>
          </xs:restriction>
        </xs:simpleType>
      </xs:element>
      <xs:element name="targetVirtualAccount">
        <xs:annotation>
          <xs:documentation>The virtual or wallet account that this transaction is to affect.  In most cases, this will be a firepay personal account</xs:documentation>
        </xs:annotation>
        <xs:simpleType>
          <xs:restriction base="xs:string">
            <xs:maxLength value="25"/>
          </xs:restriction>
        </xs:simpleType>
      </xs:element>
      <xs:element name="authorizationTxnAppliedTo">
        <xs:annotation>
          <xs:documentation>The transaction number (txnResponseID) that the transaction processor returned in reponse to the original Authorization or Purchase transaction</xs:documentation>
        </xs:annotation>
        <xs:simpleType>
          <xs:restriction base="xs:string">
            <xs:maxLength value="32"/>
          </xs:restriction>
        </xs:simpleType>
      </xs:element>
      <xs:element name="dupeCheck" type="xs:boolean">
        <xs:annotation>
          <xs:documentation>Validates that this request is not a duplicate. A request is considered a duplicate if the card number, amount and merchantRefNum are the same</xs:documentation>
        </xs:annotation>
      </xs:element>
      <xs:element name="origin" default="WIRELINE">
        <xs:annotation>
          <xs:documentation>Where the transaction originated from: WIRELESS or WIRELINE</xs:documentation>
        </xs:annotation>
        <xs:simpleType>
          <xs:restriction base="xs:string">
            <xs:enumeration value="WIRELESS"/>
            <xs:enumeration value="WIRELINE"/>
          </xs:restriction>
        </xs:simpleType>
      </xs:element>
      <xs:element name="decision">
        <xs:annotation>
          <xs:documentation>ACCEPTED, DECLINED, ERROR</xs:documentation>
        </xs:annotation>
        <xs:simpleType>
          <xs:restriction base="xs:string">
            <xs:enumeration value="ACCEPTED"/>
            <xs:enumeration value="DECLINED"/>
            <xs:enumeration value="ERROR"/>
          </xs:restriction>
        </xs:simpleType>
      </xs:element>
      <xs:element name="code" type="xs:int">
        <xs:annotation>
          <xs:documentation>A unique numeric code classifying this detail (e.g. "32" might mean "missing parameter").  This is included to simplify "switch" construct processing by the client</xs:documentation>
        </xs:annotation>
      </xs:element>
      <xs:element name="actionCode">
        <xs:simpleType>
          <xs:restriction base="xs:string">
            <xs:enumeration value="R"/>
            <xs:enumeration value="M"/>
            <xs:enumeration value="C"/>
            <xs:enumeration value="D"/>
          </xs:restriction>
        </xs:simpleType>
      </xs:element>
      <xs:element name="description">
        <xs:annotation>
          <xs:documentation>a human readable description of the tag</xs:documentation>
        </xs:annotation>
        <xs:simpleType>
          <xs:restriction base="xs:string">
            <xs:maxLength value="100"/>
          </xs:restriction>
        </xs:simpleType>
      </xs:element>
      <xs:element name="detail" type="Detail"/>
      <xs:element name="txnResponseID" type="xs:string"/>
      <xs:element name="txnTime" type="xs:dateTime"/>
      <xs:element name="cardPayMethod">
        <xs:annotation>
          <xs:documentation>The method used to make the payment.Possible values are:WEB = Card Number Provided Online, P = Card present, TEL = Card Number Provided by Phone</xs:documentation>
        </xs:annotation>
        <xs:simpleType>
          <xs:restriction base="xs:string">
            <xs:enumeration value="P"/>
            <xs:enumeration value="TEL"/>
            <xs:enumeration value="WEB"/>
          </xs:restriction>
        </xs:simpleType>
      </xs:element>
      <xs:element name="DDCheckRequest" type="DDCheckRequest"/>
      <xs:element name="TxnResponse" type="TxnResponse"/>
      <xs:element name="duplicateFound" type="xs:boolean">
        <xs:annotation>
          <xs:documentation>Indicates if this transaction is a duplicate transaction, if a duplicate check was requested</xs:documentation>
        </xs:annotation>
      </xs:element>
      <xs:element name="settlementTxnAppliedTo">
        <xs:annotation>
          <xs:documentation>The transaction number (txnResponseID) that the transaction processor return in response to the original Settlement transaction. This should only be used when initiating a credit transaction</xs:documentation>
        </xs:annotation>
        <xs:simpleType>
          <xs:restriction base="xs:string">
            <xs:maxLength value="32"/>
          </xs:restriction>
        </xs:simpleType>
      </xs:element>
    </xs:schema>
        <xs:schema xmlns:xs="http://www.w3.org/2001/XMLSchema" xmlns="http://webservices.optimalpayments.com/xact" targetNamespace="http://webservices.optimalpayments.com/xact" elementFormDefault="qualified" attributeFormDefault="qualified">
      <xs:complexType name="CardExpiry">
        <xs:sequence>
          <xs:element ref="month"/>
          <xs:element ref="year"/>
        </xs:sequence>
      </xs:complexType>
      <xs:complexType name="Expiry">
        <xs:sequence>
          <xs:element ref="day" minOccurs="0"/>
          <xs:element ref="month" minOccurs="0"/>
          <xs:element ref="year"/>
        </xs:sequence>
      </xs:complexType>
      <xs:complexType name="Cash">
        <xs:sequence>
          <xs:element ref="amount"/>
          <xs:element name="currency" minOccurs="0">
            <xs:simpleType>
              <xs:restriction base="xs:string">
                <xs:enumeration value="USD"/>
                <xs:enumeration value="CAD"/>
                <xs:enumeration value="EUR"/>
                <xs:enumeration value="GBP"/>
                <xs:enumeration value="CZK"/>
                <xs:enumeration value="CHF"/>
                <xs:enumeration value="NOK"/>
                <xs:enumeration value="SEK"/>
                <xs:enumeration value="DKK"/>
                <xs:enumeration value="AUD"/>
                <xs:enumeration value="HKD"/>
                <xs:enumeration value="JPY"/>
                <xs:enumeration value="NZD"/>
                <xs:enumeration value="SGD"/>
                <xs:enumeration value="ZAR"/>
              </xs:restriction>
            </xs:simpleType>
          </xs:element>
        </xs:sequence>
      </xs:complexType>
      <xs:element name="country">
        <xs:simpleType>
          <xs:restriction base="xs:string">
            <xs:maxLength value="2"/>
            <xs:minLength value="2"/>
            <xs:enumeration value="AR"/>
            <xs:enumeration value="BD"/>
            <xs:enumeration value="KH"/>
            <xs:enumeration value="BT"/>
            <xs:enumeration value="FR"/>
            <xs:enumeration value="TP"/>
            <xs:enumeration value="CK"/>
            <xs:enumeration value="MR"/>
            <xs:enumeration value="LU"/>
            <xs:enumeration value="KR"/>
            <xs:enumeration value="PK"/>
            <xs:enumeration value="NL"/>
            <xs:enumeration value="FM"/>
            <xs:enumeration value="SG"/>
            <xs:enumeration value="SE"/>
            <xs:enumeration value="ZW"/>
            <xs:enumeration value="CO"/>
            <xs:enumeration value="CM"/>
            <xs:enumeration value="BO"/>
            <xs:enumeration value="GF"/>
            <xs:enumeration value="EC"/>
            <xs:enumeration value="CR"/>
            <xs:enumeration value="MO"/>
            <xs:enumeration value="KW"/>
            <xs:enumeration value="PW"/>
            <xs:enumeration value="NC"/>
            <xs:enumeration value="MD"/>
            <xs:enumeration value="SK"/>
            <xs:enumeration value="CA"/>
            <xs:enumeration value="BA"/>
            <xs:enumeration value="PF"/>
            <xs:enumeration value="EG"/>
            <xs:enumeration value="CI"/>
            <xs:enumeration value="KG"/>
            <xs:enumeration value="PA"/>
            <xs:enumeration value="NZ"/>
            <xs:enumeration value="MC"/>
            <xs:enumeration value="SI"/>
            <xs:enumeration value="VN"/>
            <xs:enumeration value="CV"/>
            <xs:enumeration value="BW"/>
            <xs:enumeration value="TF"/>
            <xs:enumeration value="SV"/>
            <xs:enumeration value="HR"/>
            <xs:enumeration value="PG"/>
            <xs:enumeration value="NI"/>
            <xs:enumeration value="MN"/>
            <xs:enumeration value="SB"/>
            <xs:enumeration value="VG"/>
            <xs:enumeration value="BV"/>
            <xs:enumeration value="GA"/>
            <xs:enumeration value="GQ"/>
            <xs:enumeration value="CU"/>
            <xs:enumeration value="NE"/>
            <xs:enumeration value="MS"/>
            <xs:enumeration value="SO"/>
            <xs:enumeration value="RO"/>
            <xs:enumeration value="KM"/>
            <xs:enumeration value="ER"/>
            <xs:enumeration value="CY"/>
            <xs:enumeration value="IS"/>
            <xs:enumeration value="MA"/>
            <xs:enumeration value="ZA"/>
            <xs:enumeration value="RU"/>
            <xs:enumeration value="UY"/>
            <xs:enumeration value="EE"/>
            <xs:enumeration value="CZ"/>
            <xs:enumeration value="IN"/>
            <xs:enumeration value="GU"/>
            <xs:enumeration value="ES"/>
            <xs:enumeration value="RW"/>
            <xs:enumeration value="UZ"/>
            <xs:enumeration value="TR"/>
            <xs:enumeration value="AM"/>
            <xs:enumeration value="DK"/>
            <xs:enumeration value="ID"/>
            <xs:enumeration value="GT"/>
            <xs:enumeration value="KO"/>
            <xs:enumeration value="KN"/>
            <xs:enumeration value="VU"/>
            <xs:enumeration value="TM"/>
            <xs:enumeration value="SY"/>
            <xs:enumeration value="AW"/>
            <xs:enumeration value="IR"/>
            <xs:enumeration value="GN"/>
            <xs:enumeration value="YT"/>
            <xs:enumeration value="MK"/>
            <xs:enumeration value="LC"/>
            <xs:enumeration value="SD"/>
            <xs:enumeration value="TC"/>
            <xs:enumeration value="TW"/>
            <xs:enumeration value="AU"/>
            <xs:enumeration value="AF"/>
            <xs:enumeration value="IQ"/>
            <xs:enumeration value="GW"/>
            <xs:enumeration value="GE"/>
            <xs:enumeration value="MG"/>
            <xs:enumeration value="LA"/>
            <xs:enumeration value="VC"/>
            <xs:enumeration value="VA"/>
            <xs:enumeration value="TV"/>
            <xs:enumeration value="TJ"/>
            <xs:enumeration value="AT"/>
            <xs:enumeration value="AL"/>
            <xs:enumeration value="KY"/>
            <xs:enumeration value="IE"/>
            <xs:enumeration value="GY"/>
            <xs:enumeration value="DE"/>
            <xs:enumeration value="MW"/>
            <xs:enumeration value="LV"/>
            <xs:enumeration value="PE"/>
            <xs:enumeration value="WS"/>
            <xs:enumeration value="PL"/>
            <xs:enumeration value="UG"/>
            <xs:enumeration value="TZ"/>
            <xs:enumeration value="VI"/>
            <xs:enumeration value="AZ"/>
            <xs:enumeration value="AS"/>
            <xs:enumeration value="CF"/>
            <xs:enumeration value="BR"/>
            <xs:enumeration value="IL"/>
            <xs:enumeration value="HT"/>
            <xs:enumeration value="GH"/>
            <xs:enumeration value="MY"/>
            <xs:enumeration value="KB"/>
            <xs:enumeration value="MX"/>
            <xs:enumeration value="NG"/>
            <xs:enumeration value="SM"/>
            <xs:enumeration value="PT"/>
            <xs:enumeration value="UA"/>
            <xs:enumeration value="TH"/>
            <xs:enumeration value="WF"/>
            <xs:enumeration value="BS"/>
            <xs:enumeration value="AD"/>
            <xs:enumeration value="TD"/>
            <xs:enumeration value="IO"/>
            <xs:enumeration value="BB"/>
            <xs:enumeration value="IT"/>
            <xs:enumeration value="HI"/>
            <xs:enumeration value="GM"/>
            <xs:enumeration value="MV"/>
            <xs:enumeration value="LS"/>
            <xs:enumeration value="PH"/>
            <xs:enumeration value="NU"/>
            <xs:enumeration value="MZ"/>
            <xs:enumeration value="ST"/>
            <xs:enumeration value="PR"/>
            <xs:enumeration value="AE"/>
            <xs:enumeration value="TG"/>
            <xs:enumeration value="VE"/>
            <xs:enumeration value="EH"/>
            <xs:enumeration value="AO"/>
            <xs:enumeration value="CL"/>
            <xs:enumeration value="BY"/>
            <xs:enumeration value="ET"/>
            <xs:enumeration value="JM"/>
            <xs:enumeration value="HN"/>
            <xs:enumeration value="GR"/>
            <xs:enumeration value="ML"/>
            <xs:enumeration value="LR"/>
            <xs:enumeration value="KZ"/>
            <xs:enumeration value="NF"/>
            <xs:enumeration value="MM"/>
            <xs:enumeration value="LK"/>
            <xs:enumeration value="SA"/>
            <xs:enumeration value="QA"/>
            <xs:enumeration value="GB"/>
            <xs:enumeration value="TK"/>
            <xs:enumeration value="YE"/>
            <xs:enumeration value="BH"/>
            <xs:enumeration value="AI"/>
            <xs:enumeration value="CN"/>
            <xs:enumeration value="BN"/>
            <xs:enumeration value="BZ"/>
            <xs:enumeration value="FK"/>
            <xs:enumeration value="DJ"/>
            <xs:enumeration value="JP"/>
            <xs:enumeration value="HK"/>
            <xs:enumeration value="GL"/>
            <xs:enumeration value="MT"/>
            <xs:enumeration value="LY"/>
            <xs:enumeration value="KE"/>
            <xs:enumeration value="MP"/>
            <xs:enumeration value="NA"/>
            <xs:enumeration value="SH"/>
            <xs:enumeration value="SN"/>
            <xs:enumeration value="RE"/>
            <xs:enumeration value="US"/>
            <xs:enumeration value="TO"/>
            <xs:enumeration value="SR"/>
            <xs:enumeration value="YU"/>
            <xs:enumeration value="AQ"/>
            <xs:enumeration value="CX"/>
            <xs:enumeration value="BF"/>
            <xs:enumeration value="BJ"/>
            <xs:enumeration value="FJ"/>
            <xs:enumeration value="DM"/>
            <xs:enumeration value="HU"/>
            <xs:enumeration value="GD"/>
            <xs:enumeration value="MH"/>
            <xs:enumeration value="LI"/>
            <xs:enumeration value="KI"/>
            <xs:enumeration value="NO"/>
            <xs:enumeration value="NR"/>
            <xs:enumeration value="PN"/>
            <xs:enumeration value="SC"/>
            <xs:enumeration value="UM"/>
            <xs:enumeration value="TT"/>
            <xs:enumeration value="SJ"/>
            <xs:enumeration value="ZR"/>
            <xs:enumeration value="AG"/>
            <xs:enumeration value="CC"/>
            <xs:enumeration value="BI"/>
            <xs:enumeration value="BM"/>
            <xs:enumeration value="FI"/>
            <xs:enumeration value="DO"/>
            <xs:enumeration value="CG"/>
            <xs:enumeration value="GP"/>
            <xs:enumeration value="MQ"/>
            <xs:enumeration value="LT"/>
            <xs:enumeration value="KP"/>
            <xs:enumeration value="OM"/>
            <xs:enumeration value="NP"/>
            <xs:enumeration value="PM"/>
            <xs:enumeration value="SL"/>
            <xs:enumeration value="TN"/>
            <xs:enumeration value="SZ"/>
            <xs:enumeration value="ZM"/>
          </xs:restriction>
        </xs:simpleType>
      </xs:element>
      <xs:element name="state">
        <xs:simpleType>
          <xs:restriction base="xs:string">
            <xs:maxLength value="2"/>
            <xs:minLength value="2"/>
            <xs:enumeration value="MO"/>
            <xs:enumeration value="OR"/>
            <xs:enumeration value="MT"/>
            <xs:enumeration value="IN"/>
            <xs:enumeration value="WV"/>
            <xs:enumeration value="NE"/>
            <xs:enumeration value="IA"/>
            <xs:enumeration value="WI"/>
            <xs:enumeration value="PA"/>
            <xs:enumeration value="KS"/>
            <xs:enumeration value="WY"/>
            <xs:enumeration value="RI"/>
            <xs:enumeration value="DC"/>
            <xs:enumeration value="CO"/>
            <xs:enumeration value="PR"/>
            <xs:enumeration value="SC"/>
            <xs:enumeration value="AL"/>
            <xs:enumeration value="SD"/>
            <xs:enumeration value="AK"/>
            <xs:enumeration value="AZ"/>
            <xs:enumeration value="AR"/>
            <xs:enumeration value="CA"/>
            <xs:enumeration value="NV"/>
            <xs:enumeration value="NH"/>
            <xs:enumeration value="KY"/>
            <xs:enumeration value="CT"/>
            <xs:enumeration value="NJ"/>
            <xs:enumeration value="LA"/>
            <xs:enumeration value="VI"/>
            <xs:enumeration value="DE"/>
            <xs:enumeration value="NM"/>
            <xs:enumeration value="ME"/>
            <xs:enumeration value="MP"/>
            <xs:enumeration value="TN"/>
            <xs:enumeration value="FL"/>
            <xs:enumeration value="NY"/>
            <xs:enumeration value="MD"/>
            <xs:enumeration value="GU"/>
            <xs:enumeration value="TX"/>
            <xs:enumeration value="GA"/>
            <xs:enumeration value="NC"/>
            <xs:enumeration value="MA"/>
            <xs:enumeration value="AS"/>
            <xs:enumeration value="UT"/>
            <xs:enumeration value="HI"/>
            <xs:enumeration value="ND"/>
            <xs:enumeration value="MI"/>
            <xs:enumeration value="PW"/>
            <xs:enumeration value="VT"/>
            <xs:enumeration value="OH"/>
            <xs:enumeration value="MN"/>
            <xs:enumeration value="ID"/>
            <xs:enumeration value="VA"/>
            <xs:enumeration value="OK"/>
            <xs:enumeration value="MS"/>
            <xs:enumeration value="IL"/>
            <xs:enumeration value="WA"/>
            <xs:enumeration value="ON"/>
            <xs:enumeration value="QC"/>
            <xs:enumeration value="AB"/>
            <xs:enumeration value="MB"/>
            <xs:enumeration value="NB"/>
            <xs:enumeration value="NL"/>
            <xs:enumeration value="YT"/>
            <xs:enumeration value="BC"/>
            <xs:enumeration value="NT"/>
            <xs:enumeration value="NS"/>
            <xs:enumeration value="NU"/>
            <xs:enumeration value="PE"/>
            <xs:enumeration value="SK"/>
          </xs:restriction>
        </xs:simpleType>
      </xs:element>
      <xs:element name="amount">
        <xs:annotation>
          <xs:documentation>Amount in dollars</xs:documentation>
        </xs:annotation>
        <xs:simpleType>
          <xs:restriction base="xs:float">
            <xs:minInclusive value="0.00"/>
            <xs:maxInclusive value="9999999999.99"/>
          </xs:restriction>
        </xs:simpleType>
      </xs:element>
      <xs:element name="day">
        <xs:simpleType>
          <xs:restriction base="xs:int">
            <xs:totalDigits value="2"/>
          </xs:restriction>
        </xs:simpleType>
      </xs:element>
      <xs:element name="month">
        <xs:simpleType>
          <xs:restriction base="xs:int">
            <xs:totalDigits value="2"/>
          </xs:restriction>
        </xs:simpleType>
      </xs:element>
      <xs:element name="year">
        <xs:simpleType>
          <xs:restriction base="xs:int">
            <xs:totalDigits value="4"/>
          </xs:restriction>
        </xs:simpleType>
      </xs:element>
    </xs:schema>
        <xs:schema xmlns:xs="http://www.w3.org/2001/XMLSchema" xmlns="http://webservices.optimalpayments.com/xact" targetNamespace="http://webservices.optimalpayments.com/xact" elementFormDefault="qualified" attributeFormDefault="qualified">
      <xs:complexType name="Card">
        <xs:sequence>
          <xs:element name="cardNum">
            <xs:annotation>
              <xs:documentation>The card number against which the Purchase is made.</xs:documentation>
            </xs:annotation>
            <xs:simpleType>
              <xs:restriction base="xs:string">
                <xs:maxLength value="20"/>
                <xs:minLength value="8"/>
              </xs:restriction>
            </xs:simpleType>
          </xs:element>
          <xs:element name="cardExpiry" type="CardExpiry">
            <xs:annotation>
              <xs:documentation>The expiry date for the card</xs:documentation>
            </xs:annotation>
          </xs:element>
          <xs:element name="cardType" minOccurs="0">
            <xs:annotation>
              <xs:documentation>The type of card against which the Purchase is made.Possible values are:AM = American Express, DC = Diners Club, DI = Discover, FP = FirePay, MC = MasterCard, SO = Solo, SW = Switch, VI = Visa. NOTE: If you need to use other card types, please contact technical support.</xs:documentation>
            </xs:annotation>
            <xs:simpleType>
              <xs:restriction base="xs:string">
                <xs:length value="2"/>
                <xs:enumeration value="VI"/>
                <xs:enumeration value="MC"/>
                <xs:enumeration value="AM"/>
                <xs:enumeration value="FP"/>
                <xs:enumeration value="DI"/>
                <xs:enumeration value="DC"/>
                <xs:enumeration value="SW"/>
                <xs:enumeration value="SO"/>
              </xs:restriction>
            </xs:simpleType>
          </xs:element>
          <xs:element name="issueNum" minOccurs="0">
            <xs:annotation>
              <xs:documentation>The 1- or 2-digit number located on the front of the card, following the card number. NOTE: The issueNumber parameter can be used only when the cardType is SO (Solo) or SW (Switch).</xs:documentation>
            </xs:annotation>
            <xs:simpleType>
              <xs:restriction base="xs:int">
                <xs:totalDigits value="4"/>
              </xs:restriction>
            </xs:simpleType>
          </xs:element>
          <xs:element name="cvdIndicator" minOccurs="0">
            <xs:annotation>
              <xs:documentation>The status of CVD value information. Possible values are: 0 – The customer did not provide a value. 1 – The customer provided a value. 2 – The value is illegible. 3 – The value is not on the card.</xs:documentation>
            </xs:annotation>
            <xs:simpleType>
              <xs:restriction base="xs:int">
                <xs:totalDigits value="1"/>
                <xs:enumeration value="0"/>
                <xs:enumeration value="1"/>
                <xs:enumeration value="2"/>
                <xs:enumeration value="3"/>
              </xs:restriction>
            </xs:simpleType>
          </xs:element>
          <xs:element name="cvd" minOccurs="0">
            <xs:annotation>
              <xs:documentation>The 3- or 4-digit security code that appears on the back of a card following
the card number. This code does not appear on imprints. NOTE: The cvd parameter is mandatory when the cvdIndicator parameter value = 1.</xs:documentation>
            </xs:annotation>
            <xs:simpleType>
              <xs:restriction base="xs:int">
                <xs:totalDigits value="3"/>
              </xs:restriction>
            </xs:simpleType>
          </xs:element>
        </xs:sequence>
      </xs:complexType>
      <xs:complexType name="Check">
        <xs:sequence>
          <xs:element name="accountType">
            <xs:annotation>
              <xs:documentation>PC=personal checking PS=personal savings PL=personal loan BC=business checking BS=busniess savings BL=business loan</xs:documentation>
            </xs:annotation>
            <xs:simpleType>
              <xs:restriction base="xs:string">
                <xs:maxLength value="10"/>
                <xs:enumeration value="PC"/>
                <xs:enumeration value="PS"/>
                <xs:enumeration value="PL"/>
                <xs:enumeration value="BC"/>
                <xs:enumeration value="BS"/>
                <xs:enumeration value="BL"/>
              </xs:restriction>
            </xs:simpleType>
          </xs:element>
          <xs:element name="bankName">
            <xs:simpleType>
              <xs:restriction base="xs:string">
                <xs:maxLength value="40"/>
              </xs:restriction>
            </xs:simpleType>
          </xs:element>
          <xs:element name="checkNum">
            <xs:simpleType>
              <xs:restriction base="xs:long">
                <xs:totalDigits value="8"/>
              </xs:restriction>
            </xs:simpleType>
          </xs:element>
          <xs:element name="accountNum">
            <xs:simpleType>
              <xs:restriction base="xs:string">
                <xs:maxLength value="17"/>
              </xs:restriction>
            </xs:simpleType>
          </xs:element>
          <xs:element name="routingNum">
            <xs:simpleType>
              <xs:restriction base="xs:string">
                <xs:maxLength value="9"/>
                <xs:minLength value="6"/>
              </xs:restriction>
            </xs:simpleType>
          </xs:element>
          <xs:element name="payee" nillable="false" minOccurs="0">
            <xs:annotation>
              <xs:documentation>The "Pay to the Order of" information on a check, only required by Credit and Verify transactions</xs:documentation>
            </xs:annotation>
            <xs:simpleType>
              <xs:restriction base="xs:string">
                <xs:maxLength value="81"/>
              </xs:restriction>
            </xs:simpleType>
          </xs:element>
        </xs:sequence>
      </xs:complexType>
    </xs:schema>
        <!--W3C Schema generated by XML Spy v4.0.1 U (http://www.xmlspy.com)-->
    <xs:schema xmlns:xs="http://www.w3.org/2001/XMLSchema" xmlns="http://webservices.optimalpayments.com/xact" targetNamespace="http://webservices.optimalpayments.com/xact" elementFormDefault="qualified" attributeFormDefault="qualified">
      <xs:complexType name="Contact">
        <xs:sequence>
          <xs:element ref="salutation" minOccurs="0"/>
          <xs:element ref="firstName"/>
          <xs:element ref="middleName" minOccurs="0"/>
          <xs:element ref="lastName"/>
          <xs:element ref="companyName" minOccurs="0"/>
          <xs:element ref="street"/>
          <xs:element ref="street2" minOccurs="0"/>
          <xs:element ref="city"/>
          <xs:element ref="zip"/>
          <xs:choice>
            <xs:element ref="region" minOccurs="0"/>
            <xs:element ref="state" minOccurs="0"/>
          </xs:choice>
          <xs:element ref="country"/>
          <xs:element ref="phone" minOccurs="0"/>
          <xs:element ref="fax" minOccurs="0"/>
          <xs:element ref="email" minOccurs="0"/>
          <xs:element ref="customerIP" minOccurs="0"/>
          <xs:element ref="partyID" minOccurs="0"/>
          <xs:element ref="merchantPartyID" minOccurs="0"/>
        </xs:sequence>
      </xs:complexType>
      <xs:element name="salutation">
        <xs:simpleType>
          <xs:restriction base="xs:string">
            <xs:maxLength value="4"/>
          </xs:restriction>
        </xs:simpleType>
      </xs:element>
      <xs:element name="firstName">
        <xs:simpleType>
          <xs:restriction base="xs:string">
            <xs:maxLength value="40"/>
          </xs:restriction>
        </xs:simpleType>
      </xs:element>
      <xs:element name="middleName">
        <xs:simpleType>
          <xs:restriction base="xs:string">
            <xs:maxLength value="40"/>
          </xs:restriction>
        </xs:simpleType>
      </xs:element>
      <xs:element name="lastName">
        <xs:simpleType>
          <xs:restriction base="xs:string">
            <xs:maxLength value="40"/>
          </xs:restriction>
        </xs:simpleType>
      </xs:element>
      <xs:element name="companyName">
        <xs:simpleType>
          <xs:restriction base="xs:string">
            <xs:maxLength value="50"/>
          </xs:restriction>
        </xs:simpleType>
      </xs:element>
      <xs:element name="street">
        <xs:simpleType>
          <xs:restriction base="xs:string">
            <xs:maxLength value="50"/>
          </xs:restriction>
        </xs:simpleType>
      </xs:element>
      <xs:element name="street2">
        <xs:simpleType>
          <xs:restriction base="xs:string">
            <xs:maxLength value="50"/>
          </xs:restriction>
        </xs:simpleType>
      </xs:element>
      <xs:element name="city">
        <xs:simpleType>
          <xs:restriction base="xs:string">
            <xs:maxLength value="40"/>
          </xs:restriction>
        </xs:simpleType>
      </xs:element>
      <xs:element name="zip">
        <xs:simpleType>
          <xs:restriction base="xs:string">
            <xs:maxLength value="10"/>
          </xs:restriction>
        </xs:simpleType>
      </xs:element>
      <xs:element name="region" type="xs:string">
        <xs:annotation>
          <xs:documentation>use Region for geographical regsions outside US and Canada</xs:documentation>
        </xs:annotation>
      </xs:element>
      <xs:element name="phone">
        <xs:simpleType>
          <xs:restriction base="xs:string">
            <xs:maxLength value="40"/>
          </xs:restriction>
        </xs:simpleType>
      </xs:element>
      <xs:element name="fax">
        <xs:simpleType>
          <xs:restriction base="xs:string">
            <xs:maxLength value="50"/>
          </xs:restriction>
        </xs:simpleType>
      </xs:element>
      <xs:element name="email">
        <xs:simpleType>
          <xs:restriction base="xs:string">
            <xs:maxLength value="100"/>
          </xs:restriction>
        </xs:simpleType>
      </xs:element>
      <xs:element name="customerIP">
        <xs:annotation>
          <xs:documentation>Customer's IP address</xs:documentation>
        </xs:annotation>
        <xs:simpleType>
          <xs:restriction base="xs:string">
            <xs:maxLength value="50"/>
          </xs:restriction>
        </xs:simpleType>
      </xs:element>
      <xs:element name="partyID">
        <xs:simpleType>
          <xs:restriction base="xs:string">
            <xs:maxLength value="255"/>
          </xs:restriction>
        </xs:simpleType>
      </xs:element>
      <xs:element name="merchantPartyID">
        <xs:simpleType>
          <xs:restriction base="xs:string">
            <xs:maxLength value="100"/>
          </xs:restriction>
        </xs:simpleType>
      </xs:element>
    </xs:schema>
        <xs:schema xmlns:xs="http://www.w3.org/2001/XMLSchema" xmlns="http://webservices.optimalpayments.com/xact" targetNamespace="http://webservices.optimalpayments.com/xact" elementFormDefault="qualified" attributeFormDefault="qualified">
      <xs:complexType name="MerchantAccount">
        <xs:sequence>
          <xs:element name="accountNum">
            <xs:annotation>
              <xs:documentation>The merchant account against which the request is made</xs:documentation>
            </xs:annotation>
            <xs:simpleType>
              <xs:restriction base="xs:string">
                <xs:maxLength value="10"/>
              </xs:restriction>
            </xs:simpleType>
          </xs:element>
          <xs:element name="storeID">
            <xs:annotation>
              <xs:documentation>The account transaction processing id</xs:documentation>
            </xs:annotation>
            <xs:simpleType>
              <xs:restriction base="xs:string">
                <xs:maxLength value="80"/>
              </xs:restriction>
            </xs:simpleType>
          </xs:element>
          <xs:element name="storePwd">
            <xs:annotation>
              <xs:documentation>The account transaction processing password</xs:documentation>
            </xs:annotation>
            <xs:simpleType>
              <xs:restriction base="xs:string">
                <xs:maxLength value="20"/>
              </xs:restriction>
            </xs:simpleType>
          </xs:element>
        </xs:sequence>
      </xs:complexType>
    </xs:schema>
        <!-- edited with XMLSPY v5 rel. 4 U (http://www.xmlspy.com) by GLenda Leonard (HOme) -->
    <xs:schema xmlns="http://webservices.optimalpayments.com/xact" xmlns:xs="http://www.w3.org/2001/XMLSchema" targetNamespace="http://webservices.optimalpayments.com/xact" elementFormDefault="qualified" attributeFormDefault="unqualified">
      <xs:complexType name="Transactions">
        <xs:sequence>
          <xs:element name="transHeader" type="TransactionHeader"/>
          <xs:element name="transRecord" type="TransactionRecord" maxOccurs="unbounded"/>
        </xs:sequence>
      </xs:complexType>
      <xs:complexType name="TransactionRecord">
        <xs:sequence>
          <xs:element name="recordCount" type="xs:integer"/>
          <xs:element name="nwTranTypeCode" type="xs:string"/>
          <xs:element name="clearNtwTypes" type="xs:string"/>
          <xs:element name="currency" type="xs:string"/>
          <xs:element name="amount" type="xs:float"/>
          <xs:element name="debitInd">
            <xs:simpleType>
              <xs:restriction base="xs:string">
                <xs:minLength value="1"/>
                <xs:maxLength value="1"/>
              </xs:restriction>
            </xs:simpleType>
          </xs:element>
          <xs:element name="clientTranNbr" type="xs:integer"/>
          <xs:element name="acctHnbr" type="xs:string"/>
          <xs:element name="acctEnbr" type="xs:string"/>
          <xs:element name="instName" type="xs:string"/>
          <xs:element name="routingNbr" type="xs:string"/>
          <xs:element name="dueDate" type="xs:string"/>
          <xs:element name="recipPayorName" type="xs:string"/>
          <xs:element name="sundryData" type="xs:string"/>
          <xs:element name="echeckId" type="xs:string" minOccurs="0"/>
          <xs:element name="echeckIdType" type="xs:string" minOccurs="0"/>
          <xs:element name="firstName" type="xs:string" minOccurs="0"/>
          <xs:element name="middleName" type="xs:string" minOccurs="0"/>
          <xs:element name="lastName" type="xs:string" minOccurs="0"/>
          <xs:element name="street1" type="xs:string" minOccurs="0"/>
          <xs:element name="street2" type="xs:string" minOccurs="0"/>
          <xs:element name="city" type="xs:string" minOccurs="0"/>
          <xs:element name="state" type="xs:string" minOccurs="0"/>
          <xs:element name="zip" type="xs:string" minOccurs="0"/>
          <xs:element name="country" type="xs:string" minOccurs="0"/>
          <xs:element name="email" type="xs:string" minOccurs="0"/>
          <xs:element name="phone" type="xs:string" minOccurs="0"/>
          <xs:element name="idNbr" type="xs:string" minOccurs="0"/>
          <xs:element name="idState" type="xs:string" minOccurs="0"/>
          <xs:element name="idCountry" type="xs:string" minOccurs="0"/>
          <xs:element name="idExpiry" type="IdExpiry" minOccurs="0"/>
        </xs:sequence>
      </xs:complexType>
      <xs:complexType name="IdExpiry">
        <xs:sequence>
          <xs:element name="day" type="xs:string"/>
          <xs:element name="month" type="xs:string"/>
          <xs:element name="year" type="xs:string"/>
        </xs:sequence>
      </xs:complexType>
      <xs:complexType name="TransactionHeader">
        <xs:sequence>
          <xs:element name="totalAmount" type="xs:float"/>
          <xs:element name="totalTransCount" type="xs:integer"/>
        </xs:sequence>
      </xs:complexType>
      <xs:complexType name="Account">
        <xs:sequence>
          <xs:element name="merchantAccountId">
            <xs:simpleType>
              <xs:restriction base="xs:string">
                <xs:maxLength value="50"/>
              </xs:restriction>
            </xs:simpleType>
          </xs:element>
          <xs:element name="storeId">
            <xs:simpleType>
              <xs:restriction base="xs:string">
                <xs:maxLength value="80"/>
              </xs:restriction>
            </xs:simpleType>
          </xs:element>
          <xs:element name="storePassword">
            <xs:simpleType>
              <xs:restriction base="xs:string">
                <xs:maxLength value="20"/>
              </xs:restriction>
            </xs:simpleType>
          </xs:element>
        </xs:sequence>
      </xs:complexType>
      <xs:complexType name="AuthInfo">
        <xs:sequence>
          <xs:element name="clientId" type="xs:string" minOccurs="0"/>
          <xs:element name="login" minOccurs="0">
            <xs:simpleType>
              <xs:restriction base="xs:string">
                <xs:maxLength value="50"/>
              </xs:restriction>
            </xs:simpleType>
          </xs:element>
          <xs:element name="pwd" type="xs:string" minOccurs="0"/>
        </xs:sequence>
      </xs:complexType>
      <xs:complexType name="Timestamp">
        <xs:sequence>
          <xs:element name="date" type="xs:string"/>
          <xs:element name="hhmm" type="xs:string"/>
          <xs:element name="seconds" type="xs:string"/>
        </xs:sequence>
      </xs:complexType>
      <xs:complexType name="BatchInfo">
        <xs:sequence>
          <xs:element name="subsystem">
            <xs:simpleType>
              <xs:restriction base="xs:string">
                <xs:maxLength value="50"/>
              </xs:restriction>
            </xs:simpleType>
          </xs:element>
          <xs:element name="timestamp" type="Timestamp"/>
        </xs:sequence>
      </xs:complexType>
      <xs:complexType name="BatchBody">
        <xs:sequence>
          <xs:element name="batchInfo" type="BatchInfo"/>
          <xs:element name="authInfos" type="AuthInfo"/>
          <xs:element name="account" type="Account"/>
          <xs:element name="transactions" type="Transactions"/>
        </xs:sequence>
      </xs:complexType>
    </xs:schema>
        <xs:schema xmlns="http://webservices.optimalpayments.com/xact" xmlns:xs="http://www.w3.org/2001/XMLSchema" targetNamespace="http://webservices.optimalpayments.com/xact" elementFormDefault="qualified" attributeFormDefault="qualified">
      <xs:complexType name="PersonalID">
        <xs:sequence>
          <xs:element name="idNumber" minOccurs="0">
            <xs:annotation>
              <xs:documentation>the id number (e.g. drivers license #, SSN)</xs:documentation>
            </xs:annotation>
            <xs:simpleType>
              <xs:restriction base="xs:string">
                <xs:maxLength value="20"/>
              </xs:restriction>
            </xs:simpleType>
          </xs:element>
          <xs:element name="idType" minOccurs="0">
            <xs:annotation>
              <xs:documentation>DL=drivers license; SS=government ID; MI=military ID; GN=generic ID</xs:documentation>
            </xs:annotation>
            <xs:simpleType>
              <xs:restriction base="xs:string">
                <xs:maxLength value="10"/>
                <xs:enumeration value="DL"/>
                <xs:enumeration value="SS"/>
                <xs:enumeration value="MI"/>
                <xs:enumeration value="GN"/>
              </xs:restriction>
            </xs:simpleType>
          </xs:element>
          <xs:choice minOccurs="0">
            <xs:element ref="state" minOccurs="0"/>
            <xs:element name="region" type="xs:string" minOccurs="0"/>
          </xs:choice>
          <xs:element ref="country" minOccurs="0"/>
          <xs:element name="expiry" type="Expiry" minOccurs="0"/>
        </xs:sequence>
      </xs:complexType>
    </xs:schema>
    
  </types>
  <message name="ddChargeSoapIn">
    <part name="parameters" element="s0:ddCharge"/>
  </message>
  <message name="ddChargeSoapOut">
    <part name="parameters" element="s0:ddChargeResponse"/>
  </message>
  <message name="ddPingSoapIn">
    <part name="parameters" element="s0:ddPing"/>
  </message>
  <message name="ddPingSoapOut">
    <part name="parameters" element="s0:ddPingResponse"/>
  </message>
  <message name="ddDeclineSoapIn">
    <part name="parameters" element="s0:ddDecline"/>
  </message>
  <message name="ddDeclineSoapOut">
    <part name="parameters" element="s0:ddDeclineResponse"/>
  </message>
  <message name="ddVerifySoapIn">
    <part name="parameters" element="s0:ddVerify"/>
  </message>
  <message name="ddVerifySoapOut">
    <part name="parameters" element="s0:ddVerifyResponse"/>
  </message>
  <message name="ddCreditSoapIn">
    <part name="parameters" element="s0:ddCredit"/>
  </message>
  <message name="ddCreditSoapOut">
    <part name="parameters" element="s0:ddCreditResponse"/>
  </message>
  <message name="ddPingHttpGetIn"/>
  <message name="ddPingHttpGetOut">
    <part name="Body" element="s0:string"/>
  </message>
  <message name="ddPingHttpPostIn"/>
  <message name="ddPingHttpPostOut">
    <part name="Body" element="s0:string"/>
  </message>
  <portType name="TransactionProcessingSoap">
    <operation name="ddCharge">
      <input message="s0:ddChargeSoapIn"/>
      <output message="s0:ddChargeSoapOut"/>
    </operation>
    <operation name="ddPing">
      <input message="s0:ddPingSoapIn"/>
      <output message="s0:ddPingSoapOut"/>
    </operation>
    <operation name="ddDecline">
      <input message="s0:ddDeclineSoapIn"/>
      <output message="s0:ddDeclineSoapOut"/>
    </operation>
    <operation name="ddVerify">
      <input message="s0:ddVerifySoapIn"/>
      <output message="s0:ddVerifySoapOut"/>
    </operation>
    <operation name="ddCredit">
      <input message="s0:ddCreditSoapIn"/>
      <output message="s0:ddCreditSoapOut"/>
    </operation>
  </portType>
  <portType name="TransactionProcessingHttpGet">
    <operation name="ddPing">
      <input message="s0:ddPingHttpGetIn"/>
      <output message="s0:ddPingHttpGetOut"/>
    </operation>
  </portType>
  <portType name="TransactionProcessingHttpPost">
    <operation name="ddPing">
      <input message="s0:ddPingHttpPostIn"/>
      <output message="s0:ddPingHttpPostOut"/>
    </operation>
  </portType>
  <binding name="TransactionProcessingSoap" type="s0:TransactionProcessingSoap">
    <soap:binding transport="http://schemas.xmlsoap.org/soap/http" style="document"/>
    <operation name="ddCharge">
      <soap:operation soapAction="http://webservices.optimalpayments.com/xact/ddCharge" style="document"/>
      <input>
        <soap:body use="literal"/>
      </input>
      <output>
        <soap:body use="literal"/>
      </output>
    </operation>
    <operation name="ddPing">
      <soap:operation soapAction="http://webservices.optimalpayments.com/xact/ddPing" style="document"/>
      <input>
        <soap:body use="literal"/>
      </input>
      <output>
        <soap:body use="literal"/>
      </output>
    </operation>
    <operation name="ddDecline">
      <soap:operation soapAction="http://webservices.optimalpayments.com/xact/ddDecline" style="document"/>
      <input>
        <soap:body use="literal"/>
      </input>
      <output>
        <soap:body use="literal"/>
      </output>
    </operation>
    <operation name="ddVerify">
      <soap:operation soapAction="http://webservices.optimalpayments.com/xact/ddVerify" style="document"/>
      <input>
        <soap:body use="literal"/>
      </input>
      <output>
        <soap:body use="literal"/>
      </output>
    </operation>
    <operation name="ddCredit">
      <soap:operation soapAction="http://webservices.optimalpayments.com/xact/ddCredit" style="document"/>
      <input>
        <soap:body use="literal"/>
      </input>
      <output>
        <soap:body use="literal"/>
      </output>
    </operation>
  </binding>
  <binding name="TransactionProcessingHttpGet" type="s0:TransactionProcessingHttpGet">
    <http:binding verb="GET"/>
    <operation name="ddPing">
      <http:operation location="/ddPing"/>
      <input>
        <http:urlEncoded/>
      </input>
      <output>
        <mime:mimeXml part="Body"/>
      </output>
    </operation>
  </binding>
  <binding name="TransactionProcessingHttpPost" type="s0:TransactionProcessingHttpPost">
    <http:binding verb="POST"/>
    <operation name="ddPing">
      <http:operation location="/ddPing"/>
      <input>
        <mime:content type="application/x-www-form-urlencoded"/>
      </input>
      <output>
        <mime:mimeXml part="Body"/>
      </output>
    </operation>
  </binding>
  <service name="TransactionProcessing">
    <port name="TransactionProcessingSoap" binding="s0:TransactionProcessingSoap">
      <soap:address location="https://webservices.optimalpayments.com:443/Teller/tp/TransactionProcessing.jws"/>
    </port>
    <port name="TransactionProcessingHttpGet" binding="s0:TransactionProcessingHttpGet">
      <http:address location="https://webservices.optimalpayments.com:443/Teller/tp/TransactionProcessing.jws"/>
    </port>
    <port name="TransactionProcessingHttpPost" binding="s0:TransactionProcessingHttpPost">
      <http:address location="https://webservices.optimalpayments.com:443/Teller/tp/TransactionProcessing.jws"/>
    </port>
  </service>
</definitions>

