<?xml version="1.0" encoding="utf-8"?>

<!--
This is the seekda cache of the WSDL definition available at http://www.birdwellmusic.com/BirdwellMusicServices.asmx?wsdl.
seekdas cache is a snapshot that we took as we crawled the Web.
The service may have changed since the last crawl.
seekda is neither affiliated with the authors of this service nor responsible for its advertised functionality.

-->

<wsdl:definitions xmlns:http="http://schemas.xmlsoap.org/wsdl/http/" xmlns:soap="http://schemas.xmlsoap.org/wsdl/soap/" xmlns:s="http://www.w3.org/2001/XMLSchema" xmlns:soapenc="http://schemas.xmlsoap.org/soap/encoding/" xmlns:tns="http://www.birdwellmusic.com/" xmlns:tm="http://microsoft.com/wsdl/mime/textMatching/" xmlns:mime="http://schemas.xmlsoap.org/wsdl/mime/" targetNamespace="http://www.birdwellmusic.com/" xmlns:wsdl="http://schemas.xmlsoap.org/wsdl/">
  <wsdl:types>
    <s:schema elementFormDefault="qualified" targetNamespace="http://www.birdwellmusic.com/">
      <s:element name="GetProducts">
        <s:complexType>
          <s:sequence>
            <s:element minOccurs="0" maxOccurs="1" name="memberTicket" type="s:string" />
          </s:sequence>
        </s:complexType>
      </s:element>
      <s:element name="GetProductsResponse">
        <s:complexType>
          <s:sequence>
            <s:element minOccurs="0" maxOccurs="1" name="GetProductsResult" type="tns:ArrayOfProductInfo" />
          </s:sequence>
        </s:complexType>
      </s:element>
      <s:complexType name="ArrayOfProductInfo">
        <s:sequence>
          <s:element minOccurs="0" maxOccurs="unbounded" name="ProductInfo" nillable="true" type="tns:ProductInfo" />
        </s:sequence>
      </s:complexType>
      <s:complexType name="ProductInfo">
        <s:sequence>
          <s:element minOccurs="1" maxOccurs="1" name="Id" type="s:int" />
          <s:element minOccurs="0" maxOccurs="1" name="Ticket" type="s:string" />
          <s:element minOccurs="0" maxOccurs="1" name="Name" type="s:string" />
          <s:element minOccurs="0" maxOccurs="1" name="Number" type="s:string" />
          <s:element minOccurs="0" maxOccurs="1" name="Description" type="s:string" />
          <s:element minOccurs="0" maxOccurs="1" name="Category" type="s:string" />
          <s:element minOccurs="1" maxOccurs="1" name="CategoryID" type="s:int" />
          <s:element minOccurs="1" maxOccurs="1" name="TypeID" type="s:int" />
          <s:element minOccurs="0" maxOccurs="1" name="Type" type="s:string" />
          <s:element minOccurs="1" maxOccurs="1" name="StyleID" type="s:int" />
          <s:element minOccurs="0" maxOccurs="1" name="Style" type="s:string" />
          <s:element minOccurs="1" maxOccurs="1" name="DifficultyID" type="s:int" />
          <s:element minOccurs="0" maxOccurs="1" name="Difficulty" type="s:string" />
          <s:element minOccurs="1" maxOccurs="1" name="GroupID" type="s:int" />
          <s:element minOccurs="0" maxOccurs="1" name="Group" type="s:string" />
          <s:element minOccurs="1" maxOccurs="1" name="Price" type="s:double" />
          <s:element minOccurs="1" maxOccurs="1" name="Shipping" type="s:double" />
          <s:element minOccurs="1" maxOccurs="1" name="IsNew" type="s:boolean" />
          <s:element minOccurs="1" maxOccurs="1" name="Rank" type="s:int" />
          <s:element minOccurs="0" maxOccurs="1" name="LinkDelimitedData" type="s:string" />
          <s:element minOccurs="0" maxOccurs="1" name="Links" type="tns:ArrayOfLinkInfo" />
        </s:sequence>
      </s:complexType>
      <s:complexType name="ArrayOfLinkInfo">
        <s:sequence>
          <s:element minOccurs="0" maxOccurs="unbounded" name="LinkInfo" nillable="true" type="tns:LinkInfo" />
        </s:sequence>
      </s:complexType>
      <s:complexType name="LinkInfo">
        <s:sequence>
          <s:element minOccurs="0" maxOccurs="1" name="Label" type="s:string" />
          <s:element minOccurs="0" maxOccurs="1" name="Url" type="s:string" />
          <s:element minOccurs="0" maxOccurs="1" name="Target" type="s:string" />
          <s:element minOccurs="0" maxOccurs="1" name="Description" type="s:string" />
        </s:sequence>
      </s:complexType>
      <s:element name="GetContent">
        <s:complexType>
          <s:sequence>
            <s:element minOccurs="0" maxOccurs="1" name="memberTicket" type="s:string" />
          </s:sequence>
        </s:complexType>
      </s:element>
      <s:element name="GetContentResponse">
        <s:complexType>
          <s:sequence>
            <s:element minOccurs="0" maxOccurs="1" name="GetContentResult" type="tns:ArrayOfContentInfo" />
          </s:sequence>
        </s:complexType>
      </s:element>
      <s:complexType name="ArrayOfContentInfo">
        <s:sequence>
          <s:element minOccurs="0" maxOccurs="unbounded" name="ContentInfo" nillable="true" type="tns:ContentInfo" />
        </s:sequence>
      </s:complexType>
      <s:complexType name="ContentInfo">
        <s:sequence>
          <s:element minOccurs="1" maxOccurs="1" name="Id" type="s:int" />
          <s:element minOccurs="0" maxOccurs="1" name="Ticket" type="s:string" />
          <s:element minOccurs="0" maxOccurs="1" name="Handle" type="s:string" />
          <s:element minOccurs="0" maxOccurs="1" name="State" type="s:string" />
          <s:element minOccurs="0" maxOccurs="1" name="Title" type="s:string" />
          <s:element minOccurs="0" maxOccurs="1" name="Teaser" type="s:string" />
          <s:element minOccurs="0" maxOccurs="1" name="Content" type="s:string" />
          <s:element minOccurs="1" maxOccurs="1" name="CategoryID" type="s:int" />
          <s:element minOccurs="0" maxOccurs="1" name="Category" type="s:string" />
          <s:element minOccurs="1" maxOccurs="1" name="AuthorID" type="s:int" />
          <s:element minOccurs="1" maxOccurs="1" name="RequiredRoleID" type="s:int" />
          <s:element minOccurs="0" maxOccurs="1" name="RequiredRole" type="s:string" />
          <s:element minOccurs="0" maxOccurs="1" name="LinkDelimitedData" type="s:string" />
          <s:element minOccurs="0" maxOccurs="1" name="Links" type="tns:ArrayOfLinkInfo" />
          <s:element minOccurs="1" maxOccurs="1" name="DateCreated" type="s:dateTime" />
          <s:element minOccurs="1" maxOccurs="1" name="DateModified" type="s:dateTime" />
        </s:sequence>
      </s:complexType>
      <s:element name="GetSearchTypes">
        <s:complexType>
          <s:sequence>
            <s:element minOccurs="0" maxOccurs="1" name="memberTicket" type="s:string" />
          </s:sequence>
        </s:complexType>
      </s:element>
      <s:element name="GetSearchTypesResponse">
        <s:complexType>
          <s:sequence>
            <s:element minOccurs="0" maxOccurs="1" name="GetSearchTypesResult" type="tns:ArrayOfSearchType" />
          </s:sequence>
        </s:complexType>
      </s:element>
      <s:complexType name="ArrayOfSearchType">
        <s:sequence>
          <s:element minOccurs="0" maxOccurs="unbounded" name="SearchType" nillable="true" type="tns:SearchType" />
        </s:sequence>
      </s:complexType>
      <s:complexType name="SearchType">
        <s:sequence>
          <s:element minOccurs="0" maxOccurs="1" name="Name" type="s:string" />
          <s:element minOccurs="0" maxOccurs="1" name="Value" type="s:string" />
        </s:sequence>
      </s:complexType>
      <s:element name="Search">
        <s:complexType>
          <s:sequence>
            <s:element minOccurs="0" maxOccurs="1" name="memberTicket" type="s:string" />
            <s:element minOccurs="0" maxOccurs="1" name="criteria" type="s:string" />
            <s:element minOccurs="1" maxOccurs="1" name="resultsMustContainAllWords" type="s:boolean" />
            <s:element minOccurs="0" maxOccurs="1" name="searchTypeValue" type="s:string" />
          </s:sequence>
        </s:complexType>
      </s:element>
      <s:element name="SearchResponse">
        <s:complexType>
          <s:sequence>
            <s:element minOccurs="0" maxOccurs="1" name="SearchResult" type="tns:ArrayOfSearchResultItem" />
          </s:sequence>
        </s:complexType>
      </s:element>
      <s:complexType name="ArrayOfSearchResultItem">
        <s:sequence>
          <s:element minOccurs="0" maxOccurs="unbounded" name="SearchResultItem" nillable="true" type="tns:SearchResultItem" />
        </s:sequence>
      </s:complexType>
      <s:complexType name="SearchResultItem">
        <s:sequence>
          <s:element minOccurs="0" maxOccurs="1" name="Label" type="s:string" />
          <s:element minOccurs="0" maxOccurs="1" name="Url" type="s:string" />
          <s:element minOccurs="0" maxOccurs="1" name="Target" type="s:string" />
          <s:element minOccurs="0" maxOccurs="1" name="Description" type="s:string" />
          <s:element minOccurs="0" maxOccurs="1" name="Content" type="s:string" />
          <s:element minOccurs="0" maxOccurs="1" name="Size" type="s:string" />
          <s:element minOccurs="0" maxOccurs="1" name="Type" type="s:string" />
        </s:sequence>
      </s:complexType>
    </s:schema>
  </wsdl:types>
  <wsdl:message name="GetProductsSoapIn">
    <wsdl:part name="parameters" element="tns:GetProducts" />
  </wsdl:message>
  <wsdl:message name="GetProductsSoapOut">
    <wsdl:part name="parameters" element="tns:GetProductsResponse" />
  </wsdl:message>
  <wsdl:message name="GetContentSoapIn">
    <wsdl:part name="parameters" element="tns:GetContent" />
  </wsdl:message>
  <wsdl:message name="GetContentSoapOut">
    <wsdl:part name="parameters" element="tns:GetContentResponse" />
  </wsdl:message>
  <wsdl:message name="GetSearchTypesSoapIn">
    <wsdl:part name="parameters" element="tns:GetSearchTypes" />
  </wsdl:message>
  <wsdl:message name="GetSearchTypesSoapOut">
    <wsdl:part name="parameters" element="tns:GetSearchTypesResponse" />
  </wsdl:message>
  <wsdl:message name="SearchSoapIn">
    <wsdl:part name="parameters" element="tns:Search" />
  </wsdl:message>
  <wsdl:message name="SearchSoapOut">
    <wsdl:part name="parameters" element="tns:SearchResponse" />
  </wsdl:message>
  <wsdl:portType name="BirdwellMusicServicesSoap">
    <wsdl:operation name="GetProducts">
      <documentation xmlns="http://schemas.xmlsoap.org/wsdl/">Returns an array of ProductInfo objects which contain the details of the specific product.  You must have a membership ticket to call this method.  Become a BirdwellMusic.com member and view your profile to obtain your ticket.</documentation>
      <wsdl:input message="tns:GetProductsSoapIn" />
      <wsdl:output message="tns:GetProductsSoapOut" />
    </wsdl:operation>
    <wsdl:operation name="GetContent">
      <documentation xmlns="http://schemas.xmlsoap.org/wsdl/">Returns an array of ContentInfo objects which contain the details of the specific content.  You must have a membership ticket to call this method.  Become a BirdwellMusic.com member and view your profile to obtain your ticket.</documentation>
      <wsdl:input message="tns:GetContentSoapIn" />
      <wsdl:output message="tns:GetContentSoapOut" />
    </wsdl:operation>
    <wsdl:operation name="GetSearchTypes">
      <documentation xmlns="http://schemas.xmlsoap.org/wsdl/">Returns an array of SearchType objects which contain the information of what types of searches you can perform.  You must have a membership ticket to call this method.  Become a BirdwellMusic.com member and view your profile to obtain your ticket.</documentation>
      <wsdl:input message="tns:GetSearchTypesSoapIn" />
      <wsdl:output message="tns:GetSearchTypesSoapOut" />
    </wsdl:operation>
    <wsdl:operation name="Search">
      <documentation xmlns="http://schemas.xmlsoap.org/wsdl/">Returns an array of SearchResultItem objects which contain results from the search.  To search everything, simply set the searchTypeValue argument to a blank string; otherwise you will need to get the legal values by calling the GetSearchTypes method - you will need to pass in the value of one those items.  The SearchResultItem's Url property, if not explicit (e.g., http://someserver.com/somelink.aspx, will otherwise be relative to http://www.birdwellmusic.com.  This search is limited to BirdwellMusic.com only.  You must have a membership ticket to call this method.  Become a BirdwellMusic.com member and view your profile to obtain your ticket.</documentation>
      <wsdl:input message="tns:SearchSoapIn" />
      <wsdl:output message="tns:SearchSoapOut" />
    </wsdl:operation>
  </wsdl:portType>
  <wsdl:binding name="BirdwellMusicServicesSoap" type="tns:BirdwellMusicServicesSoap">
    <soap:binding transport="http://schemas.xmlsoap.org/soap/http" style="document" />
    <wsdl:operation name="GetProducts">
      <soap:operation soapAction="http://www.birdwellmusic.com/GetProducts" style="document" />
      <wsdl:input>
        <soap:body use="literal" />
      </wsdl:input>
      <wsdl:output>
        <soap:body use="literal" />
      </wsdl:output>
    </wsdl:operation>
    <wsdl:operation name="GetContent">
      <soap:operation soapAction="http://www.birdwellmusic.com/GetContent" style="document" />
      <wsdl:input>
        <soap:body use="literal" />
      </wsdl:input>
      <wsdl:output>
        <soap:body use="literal" />
      </wsdl:output>
    </wsdl:operation>
    <wsdl:operation name="GetSearchTypes">
      <soap:operation soapAction="http://www.birdwellmusic.com/GetSearchTypes" style="document" />
      <wsdl:input>
        <soap:body use="literal" />
      </wsdl:input>
      <wsdl:output>
        <soap:body use="literal" />
      </wsdl:output>
    </wsdl:operation>
    <wsdl:operation name="Search">
      <soap:operation soapAction="http://www.birdwellmusic.com/Search" style="document" />
      <wsdl:input>
        <soap:body use="literal" />
      </wsdl:input>
      <wsdl:output>
        <soap:body use="literal" />
      </wsdl:output>
    </wsdl:operation>
  </wsdl:binding>
  <wsdl:service name="BirdwellMusicServices">
    <wsdl:port name="BirdwellMusicServicesSoap" binding="tns:BirdwellMusicServicesSoap">
      <soap:address location="http://www.birdwellmusic.com/BirdwellMusicServices.asmx" />
    </wsdl:port>
  </wsdl:service>
</wsdl:definitions>
