<?xml version="1.0" encoding="utf-8"?>

<!--
This is the seekda cache of the WSDL definition available at http://radio3.cbc.ca/services/MusicWebService.asmx?WSDL.
seekdas cache is a snapshot that we took as we crawled the Web.
The service may have changed since the last crawl.
seekda is neither affiliated with the authors of this service nor responsible for its advertised functionality.

-->

<wsdl:definitions xmlns:soap="http://schemas.xmlsoap.org/wsdl/soap/" xmlns:tm="http://microsoft.com/wsdl/mime/textMatching/" xmlns:soapenc="http://schemas.xmlsoap.org/soap/encoding/" xmlns:mime="http://schemas.xmlsoap.org/wsdl/mime/" xmlns:tns="http://radio3.cbc.ca/" xmlns:s="http://www.w3.org/2001/XMLSchema" xmlns:soap12="http://schemas.xmlsoap.org/wsdl/soap12/" xmlns:http="http://schemas.xmlsoap.org/wsdl/http/" targetNamespace="http://radio3.cbc.ca/" xmlns:wsdl="http://schemas.xmlsoap.org/wsdl/">
  <wsdl:types>
    <s:schema elementFormDefault="qualified" targetNamespace="http://radio3.cbc.ca/">
      <s:element name="Logon">
        <s:complexType>
          <s:sequence>
            <s:element minOccurs="0" maxOccurs="1" name="username" type="s:string" />
            <s:element minOccurs="0" maxOccurs="1" name="password" type="s:string" />
            <s:element minOccurs="1" maxOccurs="1" name="persist" type="s:boolean" />
          </s:sequence>
        </s:complexType>
      </s:element>
      <s:element name="LogonResponse">
        <s:complexType>
          <s:sequence>
            <s:element minOccurs="1" maxOccurs="1" name="LogonResult" type="s:int" />
          </s:sequence>
        </s:complexType>
      </s:element>
      <s:element name="IsLoggedIn">
        <s:complexType />
      </s:element>
      <s:element name="IsLoggedInResponse">
        <s:complexType>
          <s:sequence>
            <s:element minOccurs="1" maxOccurs="1" name="IsLoggedInResult" type="s:boolean" />
          </s:sequence>
        </s:complexType>
      </s:element>
      <s:element name="GetPlaylist">
        <s:complexType>
          <s:sequence>
            <s:element minOccurs="0" maxOccurs="1" name="permalink" type="s:string" />
          </s:sequence>
        </s:complexType>
      </s:element>
      <s:element name="GetPlaylistResponse">
        <s:complexType>
          <s:sequence>
            <s:element minOccurs="0" maxOccurs="1" name="GetPlaylistResult">
              <s:complexType mixed="true">
                <s:sequence>
                  <s:any />
                </s:sequence>
              </s:complexType>
            </s:element>
          </s:sequence>
        </s:complexType>
      </s:element>
      <s:element name="GetCurrentUserPlaylist">
        <s:complexType />
      </s:element>
      <s:element name="GetCurrentUserPlaylistResponse">
        <s:complexType>
          <s:sequence>
            <s:element minOccurs="0" maxOccurs="1" name="GetCurrentUserPlaylistResult">
              <s:complexType mixed="true">
                <s:sequence>
                  <s:any />
                </s:sequence>
              </s:complexType>
            </s:element>
          </s:sequence>
        </s:complexType>
      </s:element>
      <s:element name="AddItemToPlaylist">
        <s:complexType>
          <s:sequence>
            <s:element minOccurs="0" maxOccurs="1" name="permalink" type="s:string" />
          </s:sequence>
        </s:complexType>
      </s:element>
      <s:element name="AddItemToPlaylistResponse">
        <s:complexType>
          <s:sequence>
            <s:element minOccurs="1" maxOccurs="1" name="AddItemToPlaylistResult" type="s:int" />
          </s:sequence>
        </s:complexType>
      </s:element>
      <s:element name="RemoveItemFromPlaylist">
        <s:complexType>
          <s:sequence>
            <s:element minOccurs="1" maxOccurs="1" name="sequenceId" type="s:int" />
          </s:sequence>
        </s:complexType>
      </s:element>
      <s:element name="RemoveItemFromPlaylistResponse">
        <s:complexType>
          <s:sequence>
            <s:element minOccurs="1" maxOccurs="1" name="RemoveItemFromPlaylistResult" type="s:int" />
          </s:sequence>
        </s:complexType>
      </s:element>
      <s:element name="MovePlaylistItem">
        <s:complexType>
          <s:sequence>
            <s:element minOccurs="1" maxOccurs="1" name="currentSequenceId" type="s:int" />
            <s:element minOccurs="1" maxOccurs="1" name="newSequenceId" type="s:int" />
          </s:sequence>
        </s:complexType>
      </s:element>
      <s:element name="MovePlaylistItemResponse">
        <s:complexType>
          <s:sequence>
            <s:element minOccurs="1" maxOccurs="1" name="MovePlaylistItemResult" type="s:int" />
          </s:sequence>
        </s:complexType>
      </s:element>
      <s:element name="GetFavourites">
        <s:complexType />
      </s:element>
      <s:element name="GetFavouritesResponse">
        <s:complexType>
          <s:sequence>
            <s:element minOccurs="0" maxOccurs="1" name="GetFavouritesResult">
              <s:complexType mixed="true">
                <s:sequence>
                  <s:any />
                </s:sequence>
              </s:complexType>
            </s:element>
          </s:sequence>
        </s:complexType>
      </s:element>
      <s:element name="AddToFavourites">
        <s:complexType>
          <s:sequence>
            <s:element minOccurs="0" maxOccurs="1" name="permalink" type="s:string" />
          </s:sequence>
        </s:complexType>
      </s:element>
      <s:element name="AddToFavouritesResponse">
        <s:complexType>
          <s:sequence>
            <s:element minOccurs="1" maxOccurs="1" name="AddToFavouritesResult" type="s:int" />
          </s:sequence>
        </s:complexType>
      </s:element>
      <s:element name="RemoveFavourite">
        <s:complexType>
          <s:sequence>
            <s:element minOccurs="1" maxOccurs="1" name="favouriteId" type="s:int" />
          </s:sequence>
        </s:complexType>
      </s:element>
      <s:element name="RemoveFavouriteResponse">
        <s:complexType>
          <s:sequence>
            <s:element minOccurs="1" maxOccurs="1" name="RemoveFavouriteResult" type="s:int" />
          </s:sequence>
        </s:complexType>
      </s:element>
      <s:element name="GetDefaultPlaylist">
        <s:complexType />
      </s:element>
      <s:element name="GetDefaultPlaylistResponse">
        <s:complexType>
          <s:sequence>
            <s:element minOccurs="0" maxOccurs="1" name="GetDefaultPlaylistResult">
              <s:complexType mixed="true">
                <s:sequence>
                  <s:any />
                </s:sequence>
              </s:complexType>
            </s:element>
          </s:sequence>
        </s:complexType>
      </s:element>
      <s:element name="GetNextRadioItem">
        <s:complexType>
          <s:sequence>
            <s:element minOccurs="1" maxOccurs="1" name="radioItemId" type="s:int" />
          </s:sequence>
        </s:complexType>
      </s:element>
      <s:element name="GetNextRadioItemResponse">
        <s:complexType>
          <s:sequence>
            <s:element minOccurs="0" maxOccurs="1" name="GetNextRadioItemResult">
              <s:complexType mixed="true">
                <s:sequence>
                  <s:any />
                </s:sequence>
              </s:complexType>
            </s:element>
          </s:sequence>
        </s:complexType>
      </s:element>
      <s:element name="GetPermalinkedPlaylist">
        <s:complexType />
      </s:element>
      <s:element name="GetPermalinkedPlaylistResponse">
        <s:complexType>
          <s:sequence>
            <s:element minOccurs="0" maxOccurs="1" name="GetPermalinkedPlaylistResult" type="s:string" />
          </s:sequence>
        </s:complexType>
      </s:element>
      <s:element name="IsPermalinkRequest">
        <s:complexType />
      </s:element>
      <s:element name="IsPermalinkRequestResponse">
        <s:complexType>
          <s:sequence>
            <s:element minOccurs="1" maxOccurs="1" name="IsPermalinkRequestResult" type="s:boolean" />
          </s:sequence>
        </s:complexType>
      </s:element>
      <s:element name="RatePlaylist">
        <s:complexType>
          <s:sequence>
            <s:element minOccurs="0" maxOccurs="1" name="permalink" type="s:string" />
            <s:element minOccurs="1" maxOccurs="1" name="rating" type="s:int" />
          </s:sequence>
        </s:complexType>
      </s:element>
      <s:element name="RatePlaylistResponse">
        <s:complexType>
          <s:sequence>
            <s:element minOccurs="1" maxOccurs="1" name="RatePlaylistResult" type="s:int" />
          </s:sequence>
        </s:complexType>
      </s:element>
      <s:element name="GetPlaylistRating">
        <s:complexType>
          <s:sequence>
            <s:element minOccurs="0" maxOccurs="1" name="permalink" type="s:string" />
          </s:sequence>
        </s:complexType>
      </s:element>
      <s:element name="GetPlaylistRatingResponse">
        <s:complexType>
          <s:sequence>
            <s:element minOccurs="1" maxOccurs="1" name="GetPlaylistRatingResult" type="s:double" />
          </s:sequence>
        </s:complexType>
      </s:element>
      <s:element name="int" type="s:int" />
      <s:element name="boolean" type="s:boolean" />
      <s:element name="string" nillable="true" type="s:string" />
      <s:element name="double" type="s:double" />
    </s:schema>
  </wsdl:types>
  <wsdl:message name="LogonSoapIn">
    <wsdl:part name="parameters" element="tns:Logon" />
  </wsdl:message>
  <wsdl:message name="LogonSoapOut">
    <wsdl:part name="parameters" element="tns:LogonResponse" />
  </wsdl:message>
  <wsdl:message name="IsLoggedInSoapIn">
    <wsdl:part name="parameters" element="tns:IsLoggedIn" />
  </wsdl:message>
  <wsdl:message name="IsLoggedInSoapOut">
    <wsdl:part name="parameters" element="tns:IsLoggedInResponse" />
  </wsdl:message>
  <wsdl:message name="GetPlaylistSoapIn">
    <wsdl:part name="parameters" element="tns:GetPlaylist" />
  </wsdl:message>
  <wsdl:message name="GetPlaylistSoapOut">
    <wsdl:part name="parameters" element="tns:GetPlaylistResponse" />
  </wsdl:message>
  <wsdl:message name="GetCurrentUserPlaylistSoapIn">
    <wsdl:part name="parameters" element="tns:GetCurrentUserPlaylist" />
  </wsdl:message>
  <wsdl:message name="GetCurrentUserPlaylistSoapOut">
    <wsdl:part name="parameters" element="tns:GetCurrentUserPlaylistResponse" />
  </wsdl:message>
  <wsdl:message name="AddItemToPlaylistSoapIn">
    <wsdl:part name="parameters" element="tns:AddItemToPlaylist" />
  </wsdl:message>
  <wsdl:message name="AddItemToPlaylistSoapOut">
    <wsdl:part name="parameters" element="tns:AddItemToPlaylistResponse" />
  </wsdl:message>
  <wsdl:message name="RemoveItemFromPlaylistSoapIn">
    <wsdl:part name="parameters" element="tns:RemoveItemFromPlaylist" />
  </wsdl:message>
  <wsdl:message name="RemoveItemFromPlaylistSoapOut">
    <wsdl:part name="parameters" element="tns:RemoveItemFromPlaylistResponse" />
  </wsdl:message>
  <wsdl:message name="MovePlaylistItemSoapIn">
    <wsdl:part name="parameters" element="tns:MovePlaylistItem" />
  </wsdl:message>
  <wsdl:message name="MovePlaylistItemSoapOut">
    <wsdl:part name="parameters" element="tns:MovePlaylistItemResponse" />
  </wsdl:message>
  <wsdl:message name="GetFavouritesSoapIn">
    <wsdl:part name="parameters" element="tns:GetFavourites" />
  </wsdl:message>
  <wsdl:message name="GetFavouritesSoapOut">
    <wsdl:part name="parameters" element="tns:GetFavouritesResponse" />
  </wsdl:message>
  <wsdl:message name="AddToFavouritesSoapIn">
    <wsdl:part name="parameters" element="tns:AddToFavourites" />
  </wsdl:message>
  <wsdl:message name="AddToFavouritesSoapOut">
    <wsdl:part name="parameters" element="tns:AddToFavouritesResponse" />
  </wsdl:message>
  <wsdl:message name="RemoveFavouriteSoapIn">
    <wsdl:part name="parameters" element="tns:RemoveFavourite" />
  </wsdl:message>
  <wsdl:message name="RemoveFavouriteSoapOut">
    <wsdl:part name="parameters" element="tns:RemoveFavouriteResponse" />
  </wsdl:message>
  <wsdl:message name="GetDefaultPlaylistSoapIn">
    <wsdl:part name="parameters" element="tns:GetDefaultPlaylist" />
  </wsdl:message>
  <wsdl:message name="GetDefaultPlaylistSoapOut">
    <wsdl:part name="parameters" element="tns:GetDefaultPlaylistResponse" />
  </wsdl:message>
  <wsdl:message name="GetNextRadioItemSoapIn">
    <wsdl:part name="parameters" element="tns:GetNextRadioItem" />
  </wsdl:message>
  <wsdl:message name="GetNextRadioItemSoapOut">
    <wsdl:part name="parameters" element="tns:GetNextRadioItemResponse" />
  </wsdl:message>
  <wsdl:message name="GetPermalinkedPlaylistSoapIn">
    <wsdl:part name="parameters" element="tns:GetPermalinkedPlaylist" />
  </wsdl:message>
  <wsdl:message name="GetPermalinkedPlaylistSoapOut">
    <wsdl:part name="parameters" element="tns:GetPermalinkedPlaylistResponse" />
  </wsdl:message>
  <wsdl:message name="IsPermalinkRequestSoapIn">
    <wsdl:part name="parameters" element="tns:IsPermalinkRequest" />
  </wsdl:message>
  <wsdl:message name="IsPermalinkRequestSoapOut">
    <wsdl:part name="parameters" element="tns:IsPermalinkRequestResponse" />
  </wsdl:message>
  <wsdl:message name="RatePlaylistSoapIn">
    <wsdl:part name="parameters" element="tns:RatePlaylist" />
  </wsdl:message>
  <wsdl:message name="RatePlaylistSoapOut">
    <wsdl:part name="parameters" element="tns:RatePlaylistResponse" />
  </wsdl:message>
  <wsdl:message name="GetPlaylistRatingSoapIn">
    <wsdl:part name="parameters" element="tns:GetPlaylistRating" />
  </wsdl:message>
  <wsdl:message name="GetPlaylistRatingSoapOut">
    <wsdl:part name="parameters" element="tns:GetPlaylistRatingResponse" />
  </wsdl:message>
  <wsdl:message name="LogonHttpGetIn">
    <wsdl:part name="username" type="s:string" />
    <wsdl:part name="password" type="s:string" />
    <wsdl:part name="persist" type="s:string" />
  </wsdl:message>
  <wsdl:message name="LogonHttpGetOut">
    <wsdl:part name="Body" element="tns:int" />
  </wsdl:message>
  <wsdl:message name="IsLoggedInHttpGetIn" />
  <wsdl:message name="IsLoggedInHttpGetOut">
    <wsdl:part name="Body" element="tns:boolean" />
  </wsdl:message>
  <wsdl:message name="GetPlaylistHttpGetIn">
    <wsdl:part name="permalink" type="s:string" />
  </wsdl:message>
  <wsdl:message name="GetPlaylistHttpGetOut">
    <wsdl:part name="Body" />
  </wsdl:message>
  <wsdl:message name="GetCurrentUserPlaylistHttpGetIn" />
  <wsdl:message name="GetCurrentUserPlaylistHttpGetOut">
    <wsdl:part name="Body" />
  </wsdl:message>
  <wsdl:message name="AddItemToPlaylistHttpGetIn">
    <wsdl:part name="permalink" type="s:string" />
  </wsdl:message>
  <wsdl:message name="AddItemToPlaylistHttpGetOut">
    <wsdl:part name="Body" element="tns:int" />
  </wsdl:message>
  <wsdl:message name="RemoveItemFromPlaylistHttpGetIn">
    <wsdl:part name="sequenceId" type="s:string" />
  </wsdl:message>
  <wsdl:message name="RemoveItemFromPlaylistHttpGetOut">
    <wsdl:part name="Body" element="tns:int" />
  </wsdl:message>
  <wsdl:message name="MovePlaylistItemHttpGetIn">
    <wsdl:part name="currentSequenceId" type="s:string" />
    <wsdl:part name="newSequenceId" type="s:string" />
  </wsdl:message>
  <wsdl:message name="MovePlaylistItemHttpGetOut">
    <wsdl:part name="Body" element="tns:int" />
  </wsdl:message>
  <wsdl:message name="GetFavouritesHttpGetIn" />
  <wsdl:message name="GetFavouritesHttpGetOut">
    <wsdl:part name="Body" />
  </wsdl:message>
  <wsdl:message name="AddToFavouritesHttpGetIn">
    <wsdl:part name="permalink" type="s:string" />
  </wsdl:message>
  <wsdl:message name="AddToFavouritesHttpGetOut">
    <wsdl:part name="Body" element="tns:int" />
  </wsdl:message>
  <wsdl:message name="RemoveFavouriteHttpGetIn">
    <wsdl:part name="favouriteId" type="s:string" />
  </wsdl:message>
  <wsdl:message name="RemoveFavouriteHttpGetOut">
    <wsdl:part name="Body" element="tns:int" />
  </wsdl:message>
  <wsdl:message name="GetDefaultPlaylistHttpGetIn" />
  <wsdl:message name="GetDefaultPlaylistHttpGetOut">
    <wsdl:part name="Body" />
  </wsdl:message>
  <wsdl:message name="GetNextRadioItemHttpGetIn">
    <wsdl:part name="radioItemId" type="s:string" />
  </wsdl:message>
  <wsdl:message name="GetNextRadioItemHttpGetOut">
    <wsdl:part name="Body" />
  </wsdl:message>
  <wsdl:message name="GetPermalinkedPlaylistHttpGetIn" />
  <wsdl:message name="GetPermalinkedPlaylistHttpGetOut">
    <wsdl:part name="Body" element="tns:string" />
  </wsdl:message>
  <wsdl:message name="IsPermalinkRequestHttpGetIn" />
  <wsdl:message name="IsPermalinkRequestHttpGetOut">
    <wsdl:part name="Body" element="tns:boolean" />
  </wsdl:message>
  <wsdl:message name="RatePlaylistHttpGetIn">
    <wsdl:part name="permalink" type="s:string" />
    <wsdl:part name="rating" type="s:string" />
  </wsdl:message>
  <wsdl:message name="RatePlaylistHttpGetOut">
    <wsdl:part name="Body" element="tns:int" />
  </wsdl:message>
  <wsdl:message name="GetPlaylistRatingHttpGetIn">
    <wsdl:part name="permalink" type="s:string" />
  </wsdl:message>
  <wsdl:message name="GetPlaylistRatingHttpGetOut">
    <wsdl:part name="Body" element="tns:double" />
  </wsdl:message>
  <wsdl:message name="LogonHttpPostIn">
    <wsdl:part name="username" type="s:string" />
    <wsdl:part name="password" type="s:string" />
    <wsdl:part name="persist" type="s:string" />
  </wsdl:message>
  <wsdl:message name="LogonHttpPostOut">
    <wsdl:part name="Body" element="tns:int" />
  </wsdl:message>
  <wsdl:message name="IsLoggedInHttpPostIn" />
  <wsdl:message name="IsLoggedInHttpPostOut">
    <wsdl:part name="Body" element="tns:boolean" />
  </wsdl:message>
  <wsdl:message name="GetPlaylistHttpPostIn">
    <wsdl:part name="permalink" type="s:string" />
  </wsdl:message>
  <wsdl:message name="GetPlaylistHttpPostOut">
    <wsdl:part name="Body" />
  </wsdl:message>
  <wsdl:message name="GetCurrentUserPlaylistHttpPostIn" />
  <wsdl:message name="GetCurrentUserPlaylistHttpPostOut">
    <wsdl:part name="Body" />
  </wsdl:message>
  <wsdl:message name="AddItemToPlaylistHttpPostIn">
    <wsdl:part name="permalink" type="s:string" />
  </wsdl:message>
  <wsdl:message name="AddItemToPlaylistHttpPostOut">
    <wsdl:part name="Body" element="tns:int" />
  </wsdl:message>
  <wsdl:message name="RemoveItemFromPlaylistHttpPostIn">
    <wsdl:part name="sequenceId" type="s:string" />
  </wsdl:message>
  <wsdl:message name="RemoveItemFromPlaylistHttpPostOut">
    <wsdl:part name="Body" element="tns:int" />
  </wsdl:message>
  <wsdl:message name="MovePlaylistItemHttpPostIn">
    <wsdl:part name="currentSequenceId" type="s:string" />
    <wsdl:part name="newSequenceId" type="s:string" />
  </wsdl:message>
  <wsdl:message name="MovePlaylistItemHttpPostOut">
    <wsdl:part name="Body" element="tns:int" />
  </wsdl:message>
  <wsdl:message name="GetFavouritesHttpPostIn" />
  <wsdl:message name="GetFavouritesHttpPostOut">
    <wsdl:part name="Body" />
  </wsdl:message>
  <wsdl:message name="AddToFavouritesHttpPostIn">
    <wsdl:part name="permalink" type="s:string" />
  </wsdl:message>
  <wsdl:message name="AddToFavouritesHttpPostOut">
    <wsdl:part name="Body" element="tns:int" />
  </wsdl:message>
  <wsdl:message name="RemoveFavouriteHttpPostIn">
    <wsdl:part name="favouriteId" type="s:string" />
  </wsdl:message>
  <wsdl:message name="RemoveFavouriteHttpPostOut">
    <wsdl:part name="Body" element="tns:int" />
  </wsdl:message>
  <wsdl:message name="GetDefaultPlaylistHttpPostIn" />
  <wsdl:message name="GetDefaultPlaylistHttpPostOut">
    <wsdl:part name="Body" />
  </wsdl:message>
  <wsdl:message name="GetNextRadioItemHttpPostIn">
    <wsdl:part name="radioItemId" type="s:string" />
  </wsdl:message>
  <wsdl:message name="GetNextRadioItemHttpPostOut">
    <wsdl:part name="Body" />
  </wsdl:message>
  <wsdl:message name="GetPermalinkedPlaylistHttpPostIn" />
  <wsdl:message name="GetPermalinkedPlaylistHttpPostOut">
    <wsdl:part name="Body" element="tns:string" />
  </wsdl:message>
  <wsdl:message name="IsPermalinkRequestHttpPostIn" />
  <wsdl:message name="IsPermalinkRequestHttpPostOut">
    <wsdl:part name="Body" element="tns:boolean" />
  </wsdl:message>
  <wsdl:message name="RatePlaylistHttpPostIn">
    <wsdl:part name="permalink" type="s:string" />
    <wsdl:part name="rating" type="s:string" />
  </wsdl:message>
  <wsdl:message name="RatePlaylistHttpPostOut">
    <wsdl:part name="Body" element="tns:int" />
  </wsdl:message>
  <wsdl:message name="GetPlaylistRatingHttpPostIn">
    <wsdl:part name="permalink" type="s:string" />
  </wsdl:message>
  <wsdl:message name="GetPlaylistRatingHttpPostOut">
    <wsdl:part name="Body" element="tns:double" />
  </wsdl:message>
  <wsdl:portType name="MusicWebServiceSoap">
    <wsdl:operation name="Logon">
      <wsdl:input message="tns:LogonSoapIn" />
      <wsdl:output message="tns:LogonSoapOut" />
    </wsdl:operation>
    <wsdl:operation name="IsLoggedIn">
      <wsdl:input message="tns:IsLoggedInSoapIn" />
      <wsdl:output message="tns:IsLoggedInSoapOut" />
    </wsdl:operation>
    <wsdl:operation name="GetPlaylist">
      <wsdl:input message="tns:GetPlaylistSoapIn" />
      <wsdl:output message="tns:GetPlaylistSoapOut" />
    </wsdl:operation>
    <wsdl:operation name="GetCurrentUserPlaylist">
      <wsdl:input message="tns:GetCurrentUserPlaylistSoapIn" />
      <wsdl:output message="tns:GetCurrentUserPlaylistSoapOut" />
    </wsdl:operation>
    <wsdl:operation name="AddItemToPlaylist">
      <wsdl:input message="tns:AddItemToPlaylistSoapIn" />
      <wsdl:output message="tns:AddItemToPlaylistSoapOut" />
    </wsdl:operation>
    <wsdl:operation name="RemoveItemFromPlaylist">
      <wsdl:input message="tns:RemoveItemFromPlaylistSoapIn" />
      <wsdl:output message="tns:RemoveItemFromPlaylistSoapOut" />
    </wsdl:operation>
    <wsdl:operation name="MovePlaylistItem">
      <wsdl:input message="tns:MovePlaylistItemSoapIn" />
      <wsdl:output message="tns:MovePlaylistItemSoapOut" />
    </wsdl:operation>
    <wsdl:operation name="GetFavourites">
      <wsdl:input message="tns:GetFavouritesSoapIn" />
      <wsdl:output message="tns:GetFavouritesSoapOut" />
    </wsdl:operation>
    <wsdl:operation name="AddToFavourites">
      <wsdl:input message="tns:AddToFavouritesSoapIn" />
      <wsdl:output message="tns:AddToFavouritesSoapOut" />
    </wsdl:operation>
    <wsdl:operation name="RemoveFavourite">
      <wsdl:input message="tns:RemoveFavouriteSoapIn" />
      <wsdl:output message="tns:RemoveFavouriteSoapOut" />
    </wsdl:operation>
    <wsdl:operation name="GetDefaultPlaylist">
      <wsdl:input message="tns:GetDefaultPlaylistSoapIn" />
      <wsdl:output message="tns:GetDefaultPlaylistSoapOut" />
    </wsdl:operation>
    <wsdl:operation name="GetNextRadioItem">
      <wsdl:input message="tns:GetNextRadioItemSoapIn" />
      <wsdl:output message="tns:GetNextRadioItemSoapOut" />
    </wsdl:operation>
    <wsdl:operation name="GetPermalinkedPlaylist">
      <wsdl:input message="tns:GetPermalinkedPlaylistSoapIn" />
      <wsdl:output message="tns:GetPermalinkedPlaylistSoapOut" />
    </wsdl:operation>
    <wsdl:operation name="IsPermalinkRequest">
      <wsdl:input message="tns:IsPermalinkRequestSoapIn" />
      <wsdl:output message="tns:IsPermalinkRequestSoapOut" />
    </wsdl:operation>
    <wsdl:operation name="RatePlaylist">
      <wsdl:input message="tns:RatePlaylistSoapIn" />
      <wsdl:output message="tns:RatePlaylistSoapOut" />
    </wsdl:operation>
    <wsdl:operation name="GetPlaylistRating">
      <wsdl:input message="tns:GetPlaylistRatingSoapIn" />
      <wsdl:output message="tns:GetPlaylistRatingSoapOut" />
    </wsdl:operation>
  </wsdl:portType>
  <wsdl:portType name="MusicWebServiceHttpGet">
    <wsdl:operation name="Logon">
      <wsdl:input message="tns:LogonHttpGetIn" />
      <wsdl:output message="tns:LogonHttpGetOut" />
    </wsdl:operation>
    <wsdl:operation name="IsLoggedIn">
      <wsdl:input message="tns:IsLoggedInHttpGetIn" />
      <wsdl:output message="tns:IsLoggedInHttpGetOut" />
    </wsdl:operation>
    <wsdl:operation name="GetPlaylist">
      <wsdl:input message="tns:GetPlaylistHttpGetIn" />
      <wsdl:output message="tns:GetPlaylistHttpGetOut" />
    </wsdl:operation>
    <wsdl:operation name="GetCurrentUserPlaylist">
      <wsdl:input message="tns:GetCurrentUserPlaylistHttpGetIn" />
      <wsdl:output message="tns:GetCurrentUserPlaylistHttpGetOut" />
    </wsdl:operation>
    <wsdl:operation name="AddItemToPlaylist">
      <wsdl:input message="tns:AddItemToPlaylistHttpGetIn" />
      <wsdl:output message="tns:AddItemToPlaylistHttpGetOut" />
    </wsdl:operation>
    <wsdl:operation name="RemoveItemFromPlaylist">
      <wsdl:input message="tns:RemoveItemFromPlaylistHttpGetIn" />
      <wsdl:output message="tns:RemoveItemFromPlaylistHttpGetOut" />
    </wsdl:operation>
    <wsdl:operation name="MovePlaylistItem">
      <wsdl:input message="tns:MovePlaylistItemHttpGetIn" />
      <wsdl:output message="tns:MovePlaylistItemHttpGetOut" />
    </wsdl:operation>
    <wsdl:operation name="GetFavourites">
      <wsdl:input message="tns:GetFavouritesHttpGetIn" />
      <wsdl:output message="tns:GetFavouritesHttpGetOut" />
    </wsdl:operation>
    <wsdl:operation name="AddToFavourites">
      <wsdl:input message="tns:AddToFavouritesHttpGetIn" />
      <wsdl:output message="tns:AddToFavouritesHttpGetOut" />
    </wsdl:operation>
    <wsdl:operation name="RemoveFavourite">
      <wsdl:input message="tns:RemoveFavouriteHttpGetIn" />
      <wsdl:output message="tns:RemoveFavouriteHttpGetOut" />
    </wsdl:operation>
    <wsdl:operation name="GetDefaultPlaylist">
      <wsdl:input message="tns:GetDefaultPlaylistHttpGetIn" />
      <wsdl:output message="tns:GetDefaultPlaylistHttpGetOut" />
    </wsdl:operation>
    <wsdl:operation name="GetNextRadioItem">
      <wsdl:input message="tns:GetNextRadioItemHttpGetIn" />
      <wsdl:output message="tns:GetNextRadioItemHttpGetOut" />
    </wsdl:operation>
    <wsdl:operation name="GetPermalinkedPlaylist">
      <wsdl:input message="tns:GetPermalinkedPlaylistHttpGetIn" />
      <wsdl:output message="tns:GetPermalinkedPlaylistHttpGetOut" />
    </wsdl:operation>
    <wsdl:operation name="IsPermalinkRequest">
      <wsdl:input message="tns:IsPermalinkRequestHttpGetIn" />
      <wsdl:output message="tns:IsPermalinkRequestHttpGetOut" />
    </wsdl:operation>
    <wsdl:operation name="RatePlaylist">
      <wsdl:input message="tns:RatePlaylistHttpGetIn" />
      <wsdl:output message="tns:RatePlaylistHttpGetOut" />
    </wsdl:operation>
    <wsdl:operation name="GetPlaylistRating">
      <wsdl:input message="tns:GetPlaylistRatingHttpGetIn" />
      <wsdl:output message="tns:GetPlaylistRatingHttpGetOut" />
    </wsdl:operation>
  </wsdl:portType>
  <wsdl:portType name="MusicWebServiceHttpPost">
    <wsdl:operation name="Logon">
      <wsdl:input message="tns:LogonHttpPostIn" />
      <wsdl:output message="tns:LogonHttpPostOut" />
    </wsdl:operation>
    <wsdl:operation name="IsLoggedIn">
      <wsdl:input message="tns:IsLoggedInHttpPostIn" />
      <wsdl:output message="tns:IsLoggedInHttpPostOut" />
    </wsdl:operation>
    <wsdl:operation name="GetPlaylist">
      <wsdl:input message="tns:GetPlaylistHttpPostIn" />
      <wsdl:output message="tns:GetPlaylistHttpPostOut" />
    </wsdl:operation>
    <wsdl:operation name="GetCurrentUserPlaylist">
      <wsdl:input message="tns:GetCurrentUserPlaylistHttpPostIn" />
      <wsdl:output message="tns:GetCurrentUserPlaylistHttpPostOut" />
    </wsdl:operation>
    <wsdl:operation name="AddItemToPlaylist">
      <wsdl:input message="tns:AddItemToPlaylistHttpPostIn" />
      <wsdl:output message="tns:AddItemToPlaylistHttpPostOut" />
    </wsdl:operation>
    <wsdl:operation name="RemoveItemFromPlaylist">
      <wsdl:input message="tns:RemoveItemFromPlaylistHttpPostIn" />
      <wsdl:output message="tns:RemoveItemFromPlaylistHttpPostOut" />
    </wsdl:operation>
    <wsdl:operation name="MovePlaylistItem">
      <wsdl:input message="tns:MovePlaylistItemHttpPostIn" />
      <wsdl:output message="tns:MovePlaylistItemHttpPostOut" />
    </wsdl:operation>
    <wsdl:operation name="GetFavourites">
      <wsdl:input message="tns:GetFavouritesHttpPostIn" />
      <wsdl:output message="tns:GetFavouritesHttpPostOut" />
    </wsdl:operation>
    <wsdl:operation name="AddToFavourites">
      <wsdl:input message="tns:AddToFavouritesHttpPostIn" />
      <wsdl:output message="tns:AddToFavouritesHttpPostOut" />
    </wsdl:operation>
    <wsdl:operation name="RemoveFavourite">
      <wsdl:input message="tns:RemoveFavouriteHttpPostIn" />
      <wsdl:output message="tns:RemoveFavouriteHttpPostOut" />
    </wsdl:operation>
    <wsdl:operation name="GetDefaultPlaylist">
      <wsdl:input message="tns:GetDefaultPlaylistHttpPostIn" />
      <wsdl:output message="tns:GetDefaultPlaylistHttpPostOut" />
    </wsdl:operation>
    <wsdl:operation name="GetNextRadioItem">
      <wsdl:input message="tns:GetNextRadioItemHttpPostIn" />
      <wsdl:output message="tns:GetNextRadioItemHttpPostOut" />
    </wsdl:operation>
    <wsdl:operation name="GetPermalinkedPlaylist">
      <wsdl:input message="tns:GetPermalinkedPlaylistHttpPostIn" />
      <wsdl:output message="tns:GetPermalinkedPlaylistHttpPostOut" />
    </wsdl:operation>
    <wsdl:operation name="IsPermalinkRequest">
      <wsdl:input message="tns:IsPermalinkRequestHttpPostIn" />
      <wsdl:output message="tns:IsPermalinkRequestHttpPostOut" />
    </wsdl:operation>
    <wsdl:operation name="RatePlaylist">
      <wsdl:input message="tns:RatePlaylistHttpPostIn" />
      <wsdl:output message="tns:RatePlaylistHttpPostOut" />
    </wsdl:operation>
    <wsdl:operation name="GetPlaylistRating">
      <wsdl:input message="tns:GetPlaylistRatingHttpPostIn" />
      <wsdl:output message="tns:GetPlaylistRatingHttpPostOut" />
    </wsdl:operation>
  </wsdl:portType>
  <wsdl:binding name="MusicWebServiceSoap" type="tns:MusicWebServiceSoap">
    <soap:binding transport="http://schemas.xmlsoap.org/soap/http" />
    <wsdl:operation name="Logon">
      <soap:operation soapAction="http://radio3.cbc.ca/Logon" style="document" />
      <wsdl:input>
        <soap:body use="literal" />
      </wsdl:input>
      <wsdl:output>
        <soap:body use="literal" />
      </wsdl:output>
    </wsdl:operation>
    <wsdl:operation name="IsLoggedIn">
      <soap:operation soapAction="http://radio3.cbc.ca/IsLoggedIn" style="document" />
      <wsdl:input>
        <soap:body use="literal" />
      </wsdl:input>
      <wsdl:output>
        <soap:body use="literal" />
      </wsdl:output>
    </wsdl:operation>
    <wsdl:operation name="GetPlaylist">
      <soap:operation soapAction="http://radio3.cbc.ca/GetPlaylist" style="document" />
      <wsdl:input>
        <soap:body use="literal" />
      </wsdl:input>
      <wsdl:output>
        <soap:body use="literal" />
      </wsdl:output>
    </wsdl:operation>
    <wsdl:operation name="GetCurrentUserPlaylist">
      <soap:operation soapAction="http://radio3.cbc.ca/GetCurrentUserPlaylist" style="document" />
      <wsdl:input>
        <soap:body use="literal" />
      </wsdl:input>
      <wsdl:output>
        <soap:body use="literal" />
      </wsdl:output>
    </wsdl:operation>
    <wsdl:operation name="AddItemToPlaylist">
      <soap:operation soapAction="http://radio3.cbc.ca/AddItemToPlaylist" style="document" />
      <wsdl:input>
        <soap:body use="literal" />
      </wsdl:input>
      <wsdl:output>
        <soap:body use="literal" />
      </wsdl:output>
    </wsdl:operation>
    <wsdl:operation name="RemoveItemFromPlaylist">
      <soap:operation soapAction="http://radio3.cbc.ca/RemoveItemFromPlaylist" style="document" />
      <wsdl:input>
        <soap:body use="literal" />
      </wsdl:input>
      <wsdl:output>
        <soap:body use="literal" />
      </wsdl:output>
    </wsdl:operation>
    <wsdl:operation name="MovePlaylistItem">
      <soap:operation soapAction="http://radio3.cbc.ca/MovePlaylistItem" style="document" />
      <wsdl:input>
        <soap:body use="literal" />
      </wsdl:input>
      <wsdl:output>
        <soap:body use="literal" />
      </wsdl:output>
    </wsdl:operation>
    <wsdl:operation name="GetFavourites">
      <soap:operation soapAction="http://radio3.cbc.ca/GetFavourites" style="document" />
      <wsdl:input>
        <soap:body use="literal" />
      </wsdl:input>
      <wsdl:output>
        <soap:body use="literal" />
      </wsdl:output>
    </wsdl:operation>
    <wsdl:operation name="AddToFavourites">
      <soap:operation soapAction="http://radio3.cbc.ca/AddToFavourites" style="document" />
      <wsdl:input>
        <soap:body use="literal" />
      </wsdl:input>
      <wsdl:output>
        <soap:body use="literal" />
      </wsdl:output>
    </wsdl:operation>
    <wsdl:operation name="RemoveFavourite">
      <soap:operation soapAction="http://radio3.cbc.ca/RemoveFavourite" style="document" />
      <wsdl:input>
        <soap:body use="literal" />
      </wsdl:input>
      <wsdl:output>
        <soap:body use="literal" />
      </wsdl:output>
    </wsdl:operation>
    <wsdl:operation name="GetDefaultPlaylist">
      <soap:operation soapAction="http://radio3.cbc.ca/GetDefaultPlaylist" style="document" />
      <wsdl:input>
        <soap:body use="literal" />
      </wsdl:input>
      <wsdl:output>
        <soap:body use="literal" />
      </wsdl:output>
    </wsdl:operation>
    <wsdl:operation name="GetNextRadioItem">
      <soap:operation soapAction="http://radio3.cbc.ca/GetNextRadioItem" style="document" />
      <wsdl:input>
        <soap:body use="literal" />
      </wsdl:input>
      <wsdl:output>
        <soap:body use="literal" />
      </wsdl:output>
    </wsdl:operation>
    <wsdl:operation name="GetPermalinkedPlaylist">
      <soap:operation soapAction="http://radio3.cbc.ca/GetPermalinkedPlaylist" style="document" />
      <wsdl:input>
        <soap:body use="literal" />
      </wsdl:input>
      <wsdl:output>
        <soap:body use="literal" />
      </wsdl:output>
    </wsdl:operation>
    <wsdl:operation name="IsPermalinkRequest">
      <soap:operation soapAction="http://radio3.cbc.ca/IsPermalinkRequest" style="document" />
      <wsdl:input>
        <soap:body use="literal" />
      </wsdl:input>
      <wsdl:output>
        <soap:body use="literal" />
      </wsdl:output>
    </wsdl:operation>
    <wsdl:operation name="RatePlaylist">
      <soap:operation soapAction="http://radio3.cbc.ca/RatePlaylist" style="document" />
      <wsdl:input>
        <soap:body use="literal" />
      </wsdl:input>
      <wsdl:output>
        <soap:body use="literal" />
      </wsdl:output>
    </wsdl:operation>
    <wsdl:operation name="GetPlaylistRating">
      <soap:operation soapAction="http://radio3.cbc.ca/GetPlaylistRating" style="document" />
      <wsdl:input>
        <soap:body use="literal" />
      </wsdl:input>
      <wsdl:output>
        <soap:body use="literal" />
      </wsdl:output>
    </wsdl:operation>
  </wsdl:binding>
  <wsdl:binding name="MusicWebServiceSoap12" type="tns:MusicWebServiceSoap">
    <soap12:binding transport="http://schemas.xmlsoap.org/soap/http" />
    <wsdl:operation name="Logon">
      <soap12:operation soapAction="http://radio3.cbc.ca/Logon" style="document" />
      <wsdl:input>
        <soap12:body use="literal" />
      </wsdl:input>
      <wsdl:output>
        <soap12:body use="literal" />
      </wsdl:output>
    </wsdl:operation>
    <wsdl:operation name="IsLoggedIn">
      <soap12:operation soapAction="http://radio3.cbc.ca/IsLoggedIn" style="document" />
      <wsdl:input>
        <soap12:body use="literal" />
      </wsdl:input>
      <wsdl:output>
        <soap12:body use="literal" />
      </wsdl:output>
    </wsdl:operation>
    <wsdl:operation name="GetPlaylist">
      <soap12:operation soapAction="http://radio3.cbc.ca/GetPlaylist" style="document" />
      <wsdl:input>
        <soap12:body use="literal" />
      </wsdl:input>
      <wsdl:output>
        <soap12:body use="literal" />
      </wsdl:output>
    </wsdl:operation>
    <wsdl:operation name="GetCurrentUserPlaylist">
      <soap12:operation soapAction="http://radio3.cbc.ca/GetCurrentUserPlaylist" style="document" />
      <wsdl:input>
        <soap12:body use="literal" />
      </wsdl:input>
      <wsdl:output>
        <soap12:body use="literal" />
      </wsdl:output>
    </wsdl:operation>
    <wsdl:operation name="AddItemToPlaylist">
      <soap12:operation soapAction="http://radio3.cbc.ca/AddItemToPlaylist" style="document" />
      <wsdl:input>
        <soap12:body use="literal" />
      </wsdl:input>
      <wsdl:output>
        <soap12:body use="literal" />
      </wsdl:output>
    </wsdl:operation>
    <wsdl:operation name="RemoveItemFromPlaylist">
      <soap12:operation soapAction="http://radio3.cbc.ca/RemoveItemFromPlaylist" style="document" />
      <wsdl:input>
        <soap12:body use="literal" />
      </wsdl:input>
      <wsdl:output>
        <soap12:body use="literal" />
      </wsdl:output>
    </wsdl:operation>
    <wsdl:operation name="MovePlaylistItem">
      <soap12:operation soapAction="http://radio3.cbc.ca/MovePlaylistItem" style="document" />
      <wsdl:input>
        <soap12:body use="literal" />
      </wsdl:input>
      <wsdl:output>
        <soap12:body use="literal" />
      </wsdl:output>
    </wsdl:operation>
    <wsdl:operation name="GetFavourites">
      <soap12:operation soapAction="http://radio3.cbc.ca/GetFavourites" style="document" />
      <wsdl:input>
        <soap12:body use="literal" />
      </wsdl:input>
      <wsdl:output>
        <soap12:body use="literal" />
      </wsdl:output>
    </wsdl:operation>
    <wsdl:operation name="AddToFavourites">
      <soap12:operation soapAction="http://radio3.cbc.ca/AddToFavourites" style="document" />
      <wsdl:input>
        <soap12:body use="literal" />
      </wsdl:input>
      <wsdl:output>
        <soap12:body use="literal" />
      </wsdl:output>
    </wsdl:operation>
    <wsdl:operation name="RemoveFavourite">
      <soap12:operation soapAction="http://radio3.cbc.ca/RemoveFavourite" style="document" />
      <wsdl:input>
        <soap12:body use="literal" />
      </wsdl:input>
      <wsdl:output>
        <soap12:body use="literal" />
      </wsdl:output>
    </wsdl:operation>
    <wsdl:operation name="GetDefaultPlaylist">
      <soap12:operation soapAction="http://radio3.cbc.ca/GetDefaultPlaylist" style="document" />
      <wsdl:input>
        <soap12:body use="literal" />
      </wsdl:input>
      <wsdl:output>
        <soap12:body use="literal" />
      </wsdl:output>
    </wsdl:operation>
    <wsdl:operation name="GetNextRadioItem">
      <soap12:operation soapAction="http://radio3.cbc.ca/GetNextRadioItem" style="document" />
      <wsdl:input>
        <soap12:body use="literal" />
      </wsdl:input>
      <wsdl:output>
        <soap12:body use="literal" />
      </wsdl:output>
    </wsdl:operation>
    <wsdl:operation name="GetPermalinkedPlaylist">
      <soap12:operation soapAction="http://radio3.cbc.ca/GetPermalinkedPlaylist" style="document" />
      <wsdl:input>
        <soap12:body use="literal" />
      </wsdl:input>
      <wsdl:output>
        <soap12:body use="literal" />
      </wsdl:output>
    </wsdl:operation>
    <wsdl:operation name="IsPermalinkRequest">
      <soap12:operation soapAction="http://radio3.cbc.ca/IsPermalinkRequest" style="document" />
      <wsdl:input>
        <soap12:body use="literal" />
      </wsdl:input>
      <wsdl:output>
        <soap12:body use="literal" />
      </wsdl:output>
    </wsdl:operation>
    <wsdl:operation name="RatePlaylist">
      <soap12:operation soapAction="http://radio3.cbc.ca/RatePlaylist" style="document" />
      <wsdl:input>
        <soap12:body use="literal" />
      </wsdl:input>
      <wsdl:output>
        <soap12:body use="literal" />
      </wsdl:output>
    </wsdl:operation>
    <wsdl:operation name="GetPlaylistRating">
      <soap12:operation soapAction="http://radio3.cbc.ca/GetPlaylistRating" style="document" />
      <wsdl:input>
        <soap12:body use="literal" />
      </wsdl:input>
      <wsdl:output>
        <soap12:body use="literal" />
      </wsdl:output>
    </wsdl:operation>
  </wsdl:binding>
  <wsdl:binding name="MusicWebServiceHttpGet" type="tns:MusicWebServiceHttpGet">
    <http:binding verb="GET" />
    <wsdl:operation name="Logon">
      <http:operation location="/Logon" />
      <wsdl:input>
        <http:urlEncoded />
      </wsdl:input>
      <wsdl:output>
        <mime:mimeXml part="Body" />
      </wsdl:output>
    </wsdl:operation>
    <wsdl:operation name="IsLoggedIn">
      <http:operation location="/IsLoggedIn" />
      <wsdl:input>
        <http:urlEncoded />
      </wsdl:input>
      <wsdl:output>
        <mime:mimeXml part="Body" />
      </wsdl:output>
    </wsdl:operation>
    <wsdl:operation name="GetPlaylist">
      <http:operation location="/GetPlaylist" />
      <wsdl:input>
        <http:urlEncoded />
      </wsdl:input>
      <wsdl:output>
        <mime:content part="Body" type="text/xml" />
      </wsdl:output>
    </wsdl:operation>
    <wsdl:operation name="GetCurrentUserPlaylist">
      <http:operation location="/GetCurrentUserPlaylist" />
      <wsdl:input>
        <http:urlEncoded />
      </wsdl:input>
      <wsdl:output>
        <mime:content part="Body" type="text/xml" />
      </wsdl:output>
    </wsdl:operation>
    <wsdl:operation name="AddItemToPlaylist">
      <http:operation location="/AddItemToPlaylist" />
      <wsdl:input>
        <http:urlEncoded />
      </wsdl:input>
      <wsdl:output>
        <mime:mimeXml part="Body" />
      </wsdl:output>
    </wsdl:operation>
    <wsdl:operation name="RemoveItemFromPlaylist">
      <http:operation location="/RemoveItemFromPlaylist" />
      <wsdl:input>
        <http:urlEncoded />
      </wsdl:input>
      <wsdl:output>
        <mime:mimeXml part="Body" />
      </wsdl:output>
    </wsdl:operation>
    <wsdl:operation name="MovePlaylistItem">
      <http:operation location="/MovePlaylistItem" />
      <wsdl:input>
        <http:urlEncoded />
      </wsdl:input>
      <wsdl:output>
        <mime:mimeXml part="Body" />
      </wsdl:output>
    </wsdl:operation>
    <wsdl:operation name="GetFavourites">
      <http:operation location="/GetFavourites" />
      <wsdl:input>
        <http:urlEncoded />
      </wsdl:input>
      <wsdl:output>
        <mime:content part="Body" type="text/xml" />
      </wsdl:output>
    </wsdl:operation>
    <wsdl:operation name="AddToFavourites">
      <http:operation location="/AddToFavourites" />
      <wsdl:input>
        <http:urlEncoded />
      </wsdl:input>
      <wsdl:output>
        <mime:mimeXml part="Body" />
      </wsdl:output>
    </wsdl:operation>
    <wsdl:operation name="RemoveFavourite">
      <http:operation location="/RemoveFavourite" />
      <wsdl:input>
        <http:urlEncoded />
      </wsdl:input>
      <wsdl:output>
        <mime:mimeXml part="Body" />
      </wsdl:output>
    </wsdl:operation>
    <wsdl:operation name="GetDefaultPlaylist">
      <http:operation location="/GetDefaultPlaylist" />
      <wsdl:input>
        <http:urlEncoded />
      </wsdl:input>
      <wsdl:output>
        <mime:content part="Body" type="text/xml" />
      </wsdl:output>
    </wsdl:operation>
    <wsdl:operation name="GetNextRadioItem">
      <http:operation location="/GetNextRadioItem" />
      <wsdl:input>
        <http:urlEncoded />
      </wsdl:input>
      <wsdl:output>
        <mime:content part="Body" type="text/xml" />
      </wsdl:output>
    </wsdl:operation>
    <wsdl:operation name="GetPermalinkedPlaylist">
      <http:operation location="/GetPermalinkedPlaylist" />
      <wsdl:input>
        <http:urlEncoded />
      </wsdl:input>
      <wsdl:output>
        <mime:mimeXml part="Body" />
      </wsdl:output>
    </wsdl:operation>
    <wsdl:operation name="IsPermalinkRequest">
      <http:operation location="/IsPermalinkRequest" />
      <wsdl:input>
        <http:urlEncoded />
      </wsdl:input>
      <wsdl:output>
        <mime:mimeXml part="Body" />
      </wsdl:output>
    </wsdl:operation>
    <wsdl:operation name="RatePlaylist">
      <http:operation location="/RatePlaylist" />
      <wsdl:input>
        <http:urlEncoded />
      </wsdl:input>
      <wsdl:output>
        <mime:mimeXml part="Body" />
      </wsdl:output>
    </wsdl:operation>
    <wsdl:operation name="GetPlaylistRating">
      <http:operation location="/GetPlaylistRating" />
      <wsdl:input>
        <http:urlEncoded />
      </wsdl:input>
      <wsdl:output>
        <mime:mimeXml part="Body" />
      </wsdl:output>
    </wsdl:operation>
  </wsdl:binding>
  <wsdl:binding name="MusicWebServiceHttpPost" type="tns:MusicWebServiceHttpPost">
    <http:binding verb="POST" />
    <wsdl:operation name="Logon">
      <http:operation location="/Logon" />
      <wsdl:input>
        <mime:content type="application/x-www-form-urlencoded" />
      </wsdl:input>
      <wsdl:output>
        <mime:mimeXml part="Body" />
      </wsdl:output>
    </wsdl:operation>
    <wsdl:operation name="IsLoggedIn">
      <http:operation location="/IsLoggedIn" />
      <wsdl:input>
        <mime:content type="application/x-www-form-urlencoded" />
      </wsdl:input>
      <wsdl:output>
        <mime:mimeXml part="Body" />
      </wsdl:output>
    </wsdl:operation>
    <wsdl:operation name="GetPlaylist">
      <http:operation location="/GetPlaylist" />
      <wsdl:input>
        <mime:content type="application/x-www-form-urlencoded" />
      </wsdl:input>
      <wsdl:output>
        <mime:content part="Body" type="text/xml" />
      </wsdl:output>
    </wsdl:operation>
    <wsdl:operation name="GetCurrentUserPlaylist">
      <http:operation location="/GetCurrentUserPlaylist" />
      <wsdl:input>
        <mime:content type="application/x-www-form-urlencoded" />
      </wsdl:input>
      <wsdl:output>
        <mime:content part="Body" type="text/xml" />
      </wsdl:output>
    </wsdl:operation>
    <wsdl:operation name="AddItemToPlaylist">
      <http:operation location="/AddItemToPlaylist" />
      <wsdl:input>
        <mime:content type="application/x-www-form-urlencoded" />
      </wsdl:input>
      <wsdl:output>
        <mime:mimeXml part="Body" />
      </wsdl:output>
    </wsdl:operation>
    <wsdl:operation name="RemoveItemFromPlaylist">
      <http:operation location="/RemoveItemFromPlaylist" />
      <wsdl:input>
        <mime:content type="application/x-www-form-urlencoded" />
      </wsdl:input>
      <wsdl:output>
        <mime:mimeXml part="Body" />
      </wsdl:output>
    </wsdl:operation>
    <wsdl:operation name="MovePlaylistItem">
      <http:operation location="/MovePlaylistItem" />
      <wsdl:input>
        <mime:content type="application/x-www-form-urlencoded" />
      </wsdl:input>
      <wsdl:output>
        <mime:mimeXml part="Body" />
      </wsdl:output>
    </wsdl:operation>
    <wsdl:operation name="GetFavourites">
      <http:operation location="/GetFavourites" />
      <wsdl:input>
        <mime:content type="application/x-www-form-urlencoded" />
      </wsdl:input>
      <wsdl:output>
        <mime:content part="Body" type="text/xml" />
      </wsdl:output>
    </wsdl:operation>
    <wsdl:operation name="AddToFavourites">
      <http:operation location="/AddToFavourites" />
      <wsdl:input>
        <mime:content type="application/x-www-form-urlencoded" />
      </wsdl:input>
      <wsdl:output>
        <mime:mimeXml part="Body" />
      </wsdl:output>
    </wsdl:operation>
    <wsdl:operation name="RemoveFavourite">
      <http:operation location="/RemoveFavourite" />
      <wsdl:input>
        <mime:content type="application/x-www-form-urlencoded" />
      </wsdl:input>
      <wsdl:output>
        <mime:mimeXml part="Body" />
      </wsdl:output>
    </wsdl:operation>
    <wsdl:operation name="GetDefaultPlaylist">
      <http:operation location="/GetDefaultPlaylist" />
      <wsdl:input>
        <mime:content type="application/x-www-form-urlencoded" />
      </wsdl:input>
      <wsdl:output>
        <mime:content part="Body" type="text/xml" />
      </wsdl:output>
    </wsdl:operation>
    <wsdl:operation name="GetNextRadioItem">
      <http:operation location="/GetNextRadioItem" />
      <wsdl:input>
        <mime:content type="application/x-www-form-urlencoded" />
      </wsdl:input>
      <wsdl:output>
        <mime:content part="Body" type="text/xml" />
      </wsdl:output>
    </wsdl:operation>
    <wsdl:operation name="GetPermalinkedPlaylist">
      <http:operation location="/GetPermalinkedPlaylist" />
      <wsdl:input>
        <mime:content type="application/x-www-form-urlencoded" />
      </wsdl:input>
      <wsdl:output>
        <mime:mimeXml part="Body" />
      </wsdl:output>
    </wsdl:operation>
    <wsdl:operation name="IsPermalinkRequest">
      <http:operation location="/IsPermalinkRequest" />
      <wsdl:input>
        <mime:content type="application/x-www-form-urlencoded" />
      </wsdl:input>
      <wsdl:output>
        <mime:mimeXml part="Body" />
      </wsdl:output>
    </wsdl:operation>
    <wsdl:operation name="RatePlaylist">
      <http:operation location="/RatePlaylist" />
      <wsdl:input>
        <mime:content type="application/x-www-form-urlencoded" />
      </wsdl:input>
      <wsdl:output>
        <mime:mimeXml part="Body" />
      </wsdl:output>
    </wsdl:operation>
    <wsdl:operation name="GetPlaylistRating">
      <http:operation location="/GetPlaylistRating" />
      <wsdl:input>
        <mime:content type="application/x-www-form-urlencoded" />
      </wsdl:input>
      <wsdl:output>
        <mime:mimeXml part="Body" />
      </wsdl:output>
    </wsdl:operation>
  </wsdl:binding>
  <wsdl:service name="MusicWebService">
    <wsdl:port name="MusicWebServiceSoap" binding="tns:MusicWebServiceSoap">
      <soap:address location="http://radio3.cbc.ca/services/MusicWebService.asmx" />
    </wsdl:port>
    <wsdl:port name="MusicWebServiceSoap12" binding="tns:MusicWebServiceSoap12">
      <soap12:address location="http://radio3.cbc.ca/services/MusicWebService.asmx" />
    </wsdl:port>
    <wsdl:port name="MusicWebServiceHttpGet" binding="tns:MusicWebServiceHttpGet">
      <http:address location="http://radio3.cbc.ca/services/MusicWebService.asmx" />
    </wsdl:port>
    <wsdl:port name="MusicWebServiceHttpPost" binding="tns:MusicWebServiceHttpPost">
      <http:address location="http://radio3.cbc.ca/services/MusicWebService.asmx" />
    </wsdl:port>
  </wsdl:service>
</wsdl:definitions>
