<?xml version="1.0" encoding="ISO-8859-1"?>

<!--
This is the seekda cache of the WSDL definition available at http://www.warwick.ac.uk/services/musiccentre/contact/society_login.php?wsdl.
seekdas cache is a snapshot that we took as we crawled the Web.
The service may have changed since the last crawl.
seekda is neither affiliated with the authors of this service nor responsible for its advertised functionality.

-->
<definitions xmlns:SOAP-ENV="http://schemas.xmlsoap.org/soap/envelope/" xmlns:xsd="http://www.w3.org/2001/XMLSchema" xmlns:xsi="http://www.w3.org/2001/XMLSchema-instance" xmlns:SOAP-ENC="http://schemas.xmlsoap.org/soap/encoding/" xmlns:si="http://soapinterop.org/xsd" xmlns:tns="http://www.warwick.ac.uk/services/musiccentre/contact/" xmlns:soap="http://schemas.xmlsoap.org/wsdl/soap/" xmlns:wsdl="http://schemas.xmlsoap.org/wsdl/" xmlns="http://schemas.xmlsoap.org/wsdl/" targetNamespace="http://www.warwick.ac.uk/services/musiccentre/contact/"><types><xsd:schema targetNamespace="http://www.warwick.ac.uk/services/musiccentre/contact/"
>
 <xsd:import namespace="http://schemas.xmlsoap.org/soap/encoding/" />
 <xsd:import namespace="http://schemas.xmlsoap.org/wsdl/" />
 <xsd:complexType name="instrumentArray">
  <xsd:complexContent>
   <xsd:restriction base="SOAP-ENC:Array">
    <xsd:attribute ref="SOAP-ENC:arrayType" wsdl:arrayType="xsd:string[]"/>
   </xsd:restriction>
  </xsd:complexContent>
 </xsd:complexType>
 <xsd:complexType name="memberInfo">
  <xsd:all>
   <xsd:element name="userid" type="xsd:string"/>
   <xsd:element name="forename" type="xsd:string"/>
   <xsd:element name="surname" type="xsd:string"/>
   <xsd:element name="email" type="xsd:string"/>
   <xsd:element name="instruments" type="tns:instrumentArray"/>
  </xsd:all>
 </xsd:complexType>
 <xsd:complexType name="address">
  <xsd:all>
   <xsd:element name="address1" type="xsd:string"/>
   <xsd:element name="address2" type="xsd:string"/>
   <xsd:element name="town" type="xsd:string"/>
   <xsd:element name="county" type="xsd:string"/>
   <xsd:element name="postcode" type="xsd:string"/>
   <xsd:element name="country" type="xsd:string"/>
   <xsd:element name="phone" type="xsd:string"/>
  </xsd:all>
 </xsd:complexType>
 <xsd:complexType name="addressArray">
  <xsd:all>
   <xsd:element name="email" type="xsd:string"/>
   <xsd:element name="mobile" type="xsd:string"/>
   <xsd:element name="vacation" type="tns:address"/>
   <xsd:element name="termTime" type="tns:address"/>
  </xsd:all>
 </xsd:complexType>
</xsd:schema>
</types><message name="mucasLoginRequest"><part name="username" type="xsd:string" /><part name="password" type="xsd:string" /></message><message name="mucasLoginResponse"><part name="return" type="xsd:int" /></message><message name="authenticateRequest"><part name="username" type="xsd:string" /><part name="password" type="xsd:string" /><part name="society" type="xsd:string" /></message><message name="authenticateResponse"><part name="return" type="xsd:int" /></message><message name="validateStatusRequest"><part name="user_id" type="xsd:string" /><part name="soc_id" type="xsd:string" /><part name="local_call" type="xsd:boolean" /></message><message name="validateStatusResponse"><part name="return" type="xsd:int" /></message><message name="getMemberInfoRequest"><part name="user_id" type="xsd:string" /></message><message name="getMemberInfoResponse"><part name="return" type="tns:memberInfo" /></message><message name="getMemberAddressRequest"><part name="user_id" type="xsd:string" /></message><message name="getMemberAddressResponse"><part name="return" type="tns:addressArray" /></message><portType name="MusicCentreSocietyLoginServicePortType"><operation name="mucasLogin"><input message="tns:mucasLoginRequest"/><output message="tns:mucasLoginResponse"/></operation><operation name="authenticate"><documentation>Checks login details against the MCCDB for the specified society.  username should
			be an MCCDB ID or email address; password
			should be md5-encoded before passing;
			society should be the name of the society,
			e.g. 'Symphony Orchestra', 'Wind Orchestra',
			'Music Theatre Warwick', 'Brass Society'.</documentation><input message="tns:authenticateRequest"/><output message="tns:authenticateResponse"/></operation><operation name="validateStatus"><documentation>Checks the status of a user against the MCCDB for the specified society.  Returns
			NOT_MEMBER, SUC_EXEC, or SUC_MEMBER
			depending on the result of the query.</documentation><input message="tns:validateStatusRequest"/><output message="tns:validateStatusResponse"/></operation><operation name="getMemberInfo"><documentation>Returns the id, forename, surname and instrument name(s) held by the MCCDB for the specified user.</documentation><input message="tns:getMemberInfoRequest"/><output message="tns:getMemberInfoResponse"/></operation><operation name="getMemberAddress"><documentation>Returns the email address, and instrument name(s) held by the MCCDB for the specified user.</documentation><input message="tns:getMemberAddressRequest"/><output message="tns:getMemberAddressResponse"/></operation></portType><binding name="MusicCentreSocietyLoginServiceBinding" type="tns:MusicCentreSocietyLoginServicePortType"><soap:binding style="rpc" transport="http://schemas.xmlsoap.org/soap/http"/><operation name="mucasLogin"><soap:operation soapAction="http://www.warwick.ac.uk/services/musiccentre/contact/#mucasLogin" style="rpc"/><input><soap:body use="encoded" namespace="http://www.warwick.ac.uk/services/musiccentre/contact/" encodingStyle="http://schemas.xmlsoap.org/soap/encoding/"/></input><output><soap:body use="encoded" namespace="http://www.warwick.ac.uk/services/musiccentre/contact/" encodingStyle="http://schemas.xmlsoap.org/soap/encoding/"/></output></operation><operation name="authenticate"><soap:operation soapAction="http://www.warwick.ac.uk/services/musiccentre/contact/#authenticate" style="rpc"/><input><soap:body use="encoded" namespace="http://www.warwick.ac.uk/services/musiccentre/contact/" encodingStyle="http://schemas.xmlsoap.org/soap/encoding/"/></input><output><soap:body use="encoded" namespace="http://www.warwick.ac.uk/services/musiccentre/contact/" encodingStyle="http://schemas.xmlsoap.org/soap/encoding/"/></output></operation><operation name="validateStatus"><soap:operation soapAction="http://www.warwick.ac.uk/services/musiccentre/contact/#validateStatus" style="rpc"/><input><soap:body use="encoded" namespace="http://www.warwick.ac.uk/services/musiccentre/contact/" encodingStyle="http://schemas.xmlsoap.org/soap/encoding/"/></input><output><soap:body use="encoded" namespace="http://www.warwick.ac.uk/services/musiccentre/contact/" encodingStyle="http://schemas.xmlsoap.org/soap/encoding/"/></output></operation><operation name="getMemberInfo"><soap:operation soapAction="http://www.warwick.ac.uk/services/musiccentre/contact/#getMemberInfo" style="rpc"/><input><soap:body use="encoded" namespace="http://www.warwick.ac.uk/services/musiccentre/contact/" encodingStyle="http://schemas.xmlsoap.org/soap/encoding/"/></input><output><soap:body use="encoded" namespace="http://www.warwick.ac.uk/services/musiccentre/contact/" encodingStyle="http://schemas.xmlsoap.org/soap/encoding/"/></output></operation><operation name="getMemberAddress"><soap:operation soapAction="http://www.warwick.ac.uk/services/musiccentre/contact/#getMemberAddress" style="rpc"/><input><soap:body use="encoded" namespace="http://www.warwick.ac.uk/services/musiccentre/contact/" encodingStyle="http://schemas.xmlsoap.org/soap/encoding/"/></input><output><soap:body use="encoded" namespace="http://www.warwick.ac.uk/services/musiccentre/contact/" encodingStyle="http://schemas.xmlsoap.org/soap/encoding/"/></output></operation></binding><service name="MusicCentreSocietyLoginService"><port name="MusicCentreSocietyLoginServicePort" binding="tns:MusicCentreSocietyLoginServiceBinding"><soap:address location="http://www.warwick.ac.uk/services/musiccentre/contact/society_login.php"/></port></service></definitions>

