<?xml version="1.0" encoding="utf-8"?>

<!--
This is the seekda cache of the WSDL definition available at http://www.aliparvaresh.com/webservices/onlinedic.asmx?wsdl.
seekdas cache is a snapshot that we took as we crawled the Web.
The service may have changed since the last crawl.
seekda is neither affiliated with the authors of this service nor responsible for its advertised functionality.

-->

<wsdl:definitions xmlns:http="http://schemas.xmlsoap.org/wsdl/http/" xmlns:soap="http://schemas.xmlsoap.org/wsdl/soap/" xmlns:s="http://www.w3.org/2001/XMLSchema" xmlns:soapenc="http://schemas.xmlsoap.org/soap/encoding/" xmlns:tns="http://tempuri.org/" xmlns:tm="http://microsoft.com/wsdl/mime/textMatching/" xmlns:mime="http://schemas.xmlsoap.org/wsdl/mime/" targetNamespace="http://tempuri.org/" xmlns:wsdl="http://schemas.xmlsoap.org/wsdl/">
  <wsdl:types>
    <s:schema elementFormDefault="qualified" targetNamespace="http://tempuri.org/">
      <s:import namespace="http://www.w3.org/2001/XMLSchema" />
      <s:element name="Translate">
        <s:complexType>
          <s:sequence>
            <s:element minOccurs="0" maxOccurs="1" name="EnglishWord" type="s:string" />
            <s:element minOccurs="0" maxOccurs="1" name="myError" type="s:string" />
          </s:sequence>
        </s:complexType>
      </s:element>
      <s:element name="TranslateResponse">
        <s:complexType>
          <s:sequence>
            <s:element minOccurs="0" maxOccurs="1" name="TranslateResult">
              <s:complexType>
                <s:sequence>
                  <s:element ref="s:schema" />
                  <s:any />
                </s:sequence>
              </s:complexType>
            </s:element>
            <s:element minOccurs="0" maxOccurs="1" name="myError" type="s:string" />
          </s:sequence>
        </s:complexType>
      </s:element>
    </s:schema>
  </wsdl:types>
  <wsdl:message name="TranslateSoapIn">
    <wsdl:part name="parameters" element="tns:Translate" />
  </wsdl:message>
  <wsdl:message name="TranslateSoapOut">
    <wsdl:part name="parameters" element="tns:TranslateResponse" />
  </wsdl:message>
  <wsdl:portType name="OnlineDICSoap">
    <wsdl:operation name="Translate">
      <wsdl:input message="tns:TranslateSoapIn" />
      <wsdl:output message="tns:TranslateSoapOut" />
    </wsdl:operation>
  </wsdl:portType>
  <wsdl:binding name="OnlineDICSoap" type="tns:OnlineDICSoap">
    <soap:binding transport="http://schemas.xmlsoap.org/soap/http" style="document" />
    <wsdl:operation name="Translate">
      <soap:operation soapAction="http://tempuri.org/Translate" style="document" />
      <wsdl:input>
        <soap:body use="literal" />
      </wsdl:input>
      <wsdl:output>
        <soap:body use="literal" />
      </wsdl:output>
    </wsdl:operation>
  </wsdl:binding>
  <wsdl:service name="OnlineDIC">
    <documentation xmlns="http://schemas.xmlsoap.org/wsdl/" />
    <wsdl:port name="OnlineDICSoap" binding="tns:OnlineDICSoap">
      <soap:address location="http://www.aliparvaresh.com/webservices/onlinedic.asmx" />
    </wsdl:port>
  </wsdl:service>
</wsdl:definitions>
