<?xml version="1.0"?>

<!--
This is the seekda cache of the WSDL definition available at http://biomoby.org/services/wsdl/genome.imim.es/translateGeneIDGFFPredictions.
seekdas cache is a snapshot that we took as we crawled the Web.
The service may have changed since the last crawl.
seekda is neither affiliated with the authors of this service nor responsible for its advertised functionality.

-->

<wsdl:definitions name="MOBY_Central_Generated_WSDL"
                targetNamespace="http://biomoby.org/Central.wsdl"
                xmlns:tns="http://biomoby.org/Central.wsdl"
                xmlns:xsd1="http://biomoby.org/CentralXSDs.xsd"
                xmlns:xsd="http://www.w3.org/2001/XMLSchema"
                xmlns="http://schemas.xmlsoap.org/wsdl/"
                xmlns:wsdl="http://schemas.xmlsoap.org/wsdl/"
                xmlns:wsdlsoap="http://schemas.xmlsoap.org/wsdl/soap/">

                 
  <wsdl:message name="translateGeneIDGFFPredictionsInput">
          <wsdl:part name="data" type="xsd:string"/>
  </wsdl:message>

  <wsdl:message name="translateGeneIDGFFPredictionsOutput">
          <wsdl:part name="body" type="xsd:string"/>
  </wsdl:message>

  <wsdl:portType name="translateGeneIDGFFPredictionsPortType">
          <wsdl:operation name="translateGeneIDGFFPredictions">
                 <wsdl:input message="tns:translateGeneIDGFFPredictionsInput"/>
                 <wsdl:output message="tns:translateGeneIDGFFPredictionsOutput"/>
          </wsdl:operation>
  </wsdl:portType>
                
  <wsdl:binding name="translateGeneIDGFFPredictionsBinding" type="tns:translateGeneIDGFFPredictionsPortType">
          <wsdlsoap:binding style="rpc" transport="http://schemas.xmlsoap.org/soap/http"/>
          <wsdl:operation name="translateGeneIDGFFPredictions"><!-- in essense, this is the name of the subroutine that is called -->
                 <wsdlsoap:operation soapAction='http://biomoby.org/#translateGeneIDGFFPredictions' style='rpc'/>
                 <wsdl:input>
                         <wsdlsoap:body use="encoded" namespace="http://biomoby.org/" encodingStyle="http://schemas.xmlsoap.org/soap/encoding/"/>
                 </wsdl:input>
                 <wsdl:output>
                         <wsdlsoap:body use="encoded" namespace="http://biomoby.org/" encodingStyle="http://schemas.xmlsoap.org/soap/encoding/"/>
                 </wsdl:output>
          </wsdl:operation>
  </wsdl:binding>
                
  <wsdl:service name="translateGeneIDGFFPredictionsService">
          <wsdl:documentation>Authority: genome.imim.es  -  Translates the GeneID gene predictions, given in GFF format, into a set of aminoacid sequences</wsdl:documentation>  <!-- service description goes here -->
          <wsdl:port name="translateGeneIDGFFPredictionsPort" binding="tns:translateGeneIDGFFPredictionsBinding">
                 <wsdlsoap:address location="http://genome.imim.es/cgi-bin/moby/MobyServices.cgi"/>    <!-- URL to service scriptname -->
          </wsdl:port>
  </wsdl:service>

</wsdl:definitions>



