<?xml version="1.0" encoding="UTF-8"?>

<!--
This is the seekda cache of the WSDL definition available at http://langrid.nict.go.jp/langrid-1.2/wsdl/GoogleTranslate.
seekdas cache is a snapshot that we took as we crawled the Web.
The service may have changed since the last crawl.
seekda is neither affiliated with the authors of this service nor responsible for its advertised functionality.

-->

<wsdl:definitions targetNamespace="http://langrid.nict.go.jp/langrid-service_1_2/services/GoogleTranslation" xmlns:apachesoap="http://xml.apache.org/xml-soap" xmlns:impl="http://langrid.nict.go.jp/langrid-service_1_2/services/GoogleTranslation" xmlns:intf="http://langrid.nict.go.jp/langrid-service_1_2/services/GoogleTranslation" xmlns:soapenc="http://schemas.xmlsoap.org/soap/encoding/" xmlns:tns1="http://langrid.nict.go.jp/ws_1_2/" xmlns:wsdl="http://schemas.xmlsoap.org/wsdl/" xmlns:wsdlsoap="http://schemas.xmlsoap.org/wsdl/soap/" xmlns:xsd="http://www.w3.org/2001/XMLSchema">
 <wsdl:types>
  <schema targetNamespace="http://langrid.nict.go.jp/ws_1_2/" xmlns="http://www.w3.org/2001/XMLSchema">
   <import namespace="http://langrid.nict.go.jp/langrid-service_1_2/services/GoogleTranslation"/>
   <import namespace="http://schemas.xmlsoap.org/soap/encoding/"/>
   <complexType name="LangridException">
    <sequence>
     <element name="description" nillable="true" type="xsd:string"/>
    </sequence>
   </complexType>
   <complexType name="AccessLimitExceededException">
    <complexContent>
     <extension base="tns1:LangridException">
      <sequence/>
     </extension>
    </complexContent>
   </complexType>
   <complexType name="InvalidParameterException">
    <complexContent>
     <extension base="tns1:LangridException">
      <sequence>
       <element name="parameterName" nillable="true" type="xsd:string"/>
      </sequence>
     </extension>
    </complexContent>
   </complexType>
   <complexType name="UnsupportedLanguagePairException">
    <complexContent>
     <extension base="tns1:InvalidParameterException">
      <sequence>
       <element name="language1" nillable="true" type="xsd:string"/>
       <element name="language2" nillable="true" type="xsd:string"/>
       <element name="parameterName1" nillable="true" type="xsd:string"/>
       <element name="parameterName2" nillable="true" type="xsd:string"/>
      </sequence>
     </extension>
    </complexContent>
   </complexType>
   <complexType name="LanguagePairNotUniquelyDecidedException">
    <complexContent>
     <extension base="tns1:InvalidParameterException">
      <sequence>
       <element name="candidates" nillable="true" type="impl:ArrayOf_xsd_string"/>
       <element name="message" nillable="true" type="xsd:string"/>
       <element name="parameterName1" nillable="true" type="xsd:string"/>
       <element name="parameterName2" nillable="true" type="xsd:string"/>
      </sequence>
     </extension>
    </complexContent>
   </complexType>
   <complexType name="NoAccessPermissionException">
    <complexContent>
     <extension base="tns1:LangridException">
      <sequence/>
     </extension>
    </complexContent>
   </complexType>
   <complexType name="NoValidEndpointsException">
    <complexContent>
     <extension base="tns1:LangridException">
      <sequence/>
     </extension>
    </complexContent>
   </complexType>
   <complexType name="ProcessFailedException">
    <complexContent>
     <extension base="tns1:LangridException">
      <sequence/>
     </extension>
    </complexContent>
   </complexType>
   <complexType name="ServerBusyException">
    <complexContent>
     <extension base="tns1:LangridException">
      <sequence/>
     </extension>
    </complexContent>
   </complexType>
   <complexType name="ServiceNotActiveException">
    <complexContent>
     <extension base="tns1:LangridException">
      <sequence>
       <element name="serviceId" nillable="true" type="xsd:string"/>
      </sequence>
     </extension>
    </complexContent>
   </complexType>
   <complexType name="ServiceNotFoundException">
    <complexContent>
     <extension base="tns1:LangridException">
      <sequence>
       <element name="serviceId" nillable="true" type="xsd:string"/>
      </sequence>
     </extension>
    </complexContent>
   </complexType>
   <complexType name="ServiceConfigurationException">
    <complexContent>
     <extension base="tns1:LangridException">
      <sequence/>
     </extension>
    </complexContent>
   </complexType>
   <complexType name="UnknownException">
    <complexContent>
     <extension base="tns1:LangridException">
      <sequence/>
     </extension>
    </complexContent>
   </complexType>
  </schema>
  <schema targetNamespace="http://langrid.nict.go.jp/langrid-service_1_2/services/GoogleTranslation" xmlns="http://www.w3.org/2001/XMLSchema">
   <import namespace="http://langrid.nict.go.jp/ws_1_2/"/>
   <import namespace="http://schemas.xmlsoap.org/soap/encoding/"/>
   <complexType name="ArrayOf_xsd_string">
    <complexContent>
     <restriction base="soapenc:Array">
      <attribute ref="soapenc:arrayType" wsdl:arrayType="xsd:string[]"/>
     </restriction>
    </complexContent>
   </complexType>
  </schema>
 </wsdl:types>

   <wsdl:message name="LanguagePairNotUniquelyDecidedException">

      <wsdl:part name="fault" type="tns1:LanguagePairNotUniquelyDecidedException"/>

   </wsdl:message>

   <wsdl:message name="ServiceNotActiveException">

      <wsdl:part name="fault" type="tns1:ServiceNotActiveException"/>

   </wsdl:message>

   <wsdl:message name="NoValidEndpointsException">

      <wsdl:part name="fault" type="tns1:NoValidEndpointsException"/>

   </wsdl:message>

   <wsdl:message name="ProcessFailedException">

      <wsdl:part name="fault" type="tns1:ProcessFailedException"/>

   </wsdl:message>

   <wsdl:message name="NoAccessPermissionException">

      <wsdl:part name="fault" type="tns1:NoAccessPermissionException"/>

   </wsdl:message>

   <wsdl:message name="translateRequest">

      <wsdl:part name="sourceLang" type="xsd:string"/>

      <wsdl:part name="targetLang" type="xsd:string"/>

      <wsdl:part name="source" type="xsd:string"/>

   </wsdl:message>

   <wsdl:message name="translateResponse">

      <wsdl:part name="translateReturn" type="xsd:string"/>

   </wsdl:message>

   <wsdl:message name="UnsupportedLanguagePairException">

      <wsdl:part name="fault" type="tns1:UnsupportedLanguagePairException"/>

   </wsdl:message>

   <wsdl:message name="ServerBusyException">

      <wsdl:part name="fault" type="tns1:ServerBusyException"/>

   </wsdl:message>

   <wsdl:message name="InvalidParameterException">

      <wsdl:part name="fault" type="tns1:InvalidParameterException"/>

   </wsdl:message>

   <wsdl:message name="AccessLimitExceededException">

      <wsdl:part name="fault" type="tns1:AccessLimitExceededException"/>

   </wsdl:message>

   <wsdl:message name="ServiceNotFoundException">

      <wsdl:part name="fault" type="tns1:ServiceNotFoundException"/>

   </wsdl:message>

   <wsdl:message name="ServiceConfigurationException">

      <wsdl:part name="fault" type="tns1:ServiceConfigurationException"/>

   </wsdl:message>

   <wsdl:message name="UnknownException">

      <wsdl:part name="fault" type="tns1:UnknownException"/>

   </wsdl:message>

   <wsdl:portType name="Translation">

      <wsdl:operation name="translate" parameterOrder="sourceLang targetLang source">

         <wsdl:input message="impl:translateRequest" name="translateRequest"/>

         <wsdl:output message="impl:translateResponse" name="translateResponse"/>

         <wsdl:fault message="impl:ServerBusyException" name="ServerBusyException"/>

         <wsdl:fault message="impl:LanguagePairNotUniquelyDecidedException" name="LanguagePairNotUniquelyDecidedException"/>

         <wsdl:fault message="impl:NoAccessPermissionException" name="NoAccessPermissionException"/>

         <wsdl:fault message="impl:AccessLimitExceededException" name="AccessLimitExceededException"/>

         <wsdl:fault message="impl:UnsupportedLanguagePairException" name="UnsupportedLanguagePairException"/>

         <wsdl:fault message="impl:NoValidEndpointsException" name="NoValidEndpointsException"/>

         <wsdl:fault message="impl:ServiceNotActiveException" name="ServiceNotActiveException"/>

         <wsdl:fault message="impl:ServiceNotFoundException" name="ServiceNotFoundException"/>

         <wsdl:fault message="impl:ProcessFailedException" name="ProcessFailedException"/>

         <wsdl:fault message="impl:InvalidParameterException" name="InvalidParameterException"/>

         <wsdl:fault message="impl:ServiceConfigurationException" name="ServiceConfigurationException"/>

         <wsdl:fault message="impl:UnknownException" name="UnknownException"/>

      </wsdl:operation>

   </wsdl:portType>

   <wsdl:binding name="TranslationSoapBinding" type="impl:Translation">

      <wsdlsoap:binding style="rpc" transport="http://schemas.xmlsoap.org/soap/http"/>

      <wsdl:operation name="translate">

         <wsdlsoap:operation soapAction=""/>

         <wsdl:input name="translateRequest">

            <wsdlsoap:body encodingStyle="http://schemas.xmlsoap.org/soap/encoding/" namespace="http://translation.ws_1_2.wrapper.langrid.nict.go.jp" use="encoded"/>

         </wsdl:input>

         <wsdl:output name="translateResponse">

            <wsdlsoap:body encodingStyle="http://schemas.xmlsoap.org/soap/encoding/" namespace="http://langrid.nict.go.jp/langrid-service_1_2/services/GoogleTranslation" use="encoded"/>

         </wsdl:output>

         <wsdl:fault name="ServerBusyException">

            <wsdlsoap:fault encodingStyle="http://schemas.xmlsoap.org/soap/encoding/" name="ServerBusyException" namespace="http://langrid.nict.go.jp/langrid-service_1_2/services/GoogleTranslation" use="encoded"/>

         </wsdl:fault>

         <wsdl:fault name="LanguagePairNotUniquelyDecidedException">

            <wsdlsoap:fault encodingStyle="http://schemas.xmlsoap.org/soap/encoding/" name="LanguagePairNotUniquelyDecidedException" namespace="http://langrid.nict.go.jp/langrid-service_1_2/services/GoogleTranslation" use="encoded"/>

         </wsdl:fault>

         <wsdl:fault name="NoAccessPermissionException">

            <wsdlsoap:fault encodingStyle="http://schemas.xmlsoap.org/soap/encoding/" name="NoAccessPermissionException" namespace="http://langrid.nict.go.jp/langrid-service_1_2/services/GoogleTranslation" use="encoded"/>

         </wsdl:fault>

         <wsdl:fault name="AccessLimitExceededException">

            <wsdlsoap:fault encodingStyle="http://schemas.xmlsoap.org/soap/encoding/" name="AccessLimitExceededException" namespace="http://langrid.nict.go.jp/langrid-service_1_2/services/GoogleTranslation" use="encoded"/>

         </wsdl:fault>

         <wsdl:fault name="UnsupportedLanguagePairException">

            <wsdlsoap:fault encodingStyle="http://schemas.xmlsoap.org/soap/encoding/" name="UnsupportedLanguagePairException" namespace="http://langrid.nict.go.jp/langrid-service_1_2/services/GoogleTranslation" use="encoded"/>

         </wsdl:fault>

         <wsdl:fault name="NoValidEndpointsException">

            <wsdlsoap:fault encodingStyle="http://schemas.xmlsoap.org/soap/encoding/" name="NoValidEndpointsException" namespace="http://langrid.nict.go.jp/langrid-service_1_2/services/GoogleTranslation" use="encoded"/>

         </wsdl:fault>

         <wsdl:fault name="ServiceNotActiveException">

            <wsdlsoap:fault encodingStyle="http://schemas.xmlsoap.org/soap/encoding/" name="ServiceNotActiveException" namespace="http://langrid.nict.go.jp/langrid-service_1_2/services/GoogleTranslation" use="encoded"/>

         </wsdl:fault>

         <wsdl:fault name="ServiceNotFoundException">

            <wsdlsoap:fault encodingStyle="http://schemas.xmlsoap.org/soap/encoding/" name="ServiceNotFoundException" namespace="http://langrid.nict.go.jp/langrid-service_1_2/services/GoogleTranslation" use="encoded"/>

         </wsdl:fault>

         <wsdl:fault name="ProcessFailedException">

            <wsdlsoap:fault encodingStyle="http://schemas.xmlsoap.org/soap/encoding/" name="ProcessFailedException" namespace="http://langrid.nict.go.jp/langrid-service_1_2/services/GoogleTranslation" use="encoded"/>

         </wsdl:fault>

         <wsdl:fault name="InvalidParameterException">

            <wsdlsoap:fault encodingStyle="http://schemas.xmlsoap.org/soap/encoding/" name="InvalidParameterException" namespace="http://langrid.nict.go.jp/langrid-service_1_2/services/GoogleTranslation" use="encoded"/>

         </wsdl:fault>

         <wsdl:fault name="ServiceConfigurationException">

            <wsdlsoap:fault encodingStyle="http://schemas.xmlsoap.org/soap/encoding/" name="ServiceConfigurationException" namespace="http://langrid.nict.go.jp/langrid-service_1_2/services/GoogleTranslation" use="encoded"/>

         </wsdl:fault>

         <wsdl:fault name="UnknownException">

            <wsdlsoap:fault encodingStyle="http://schemas.xmlsoap.org/soap/encoding/" name="UnknownException" namespace="http://langrid.nict.go.jp/langrid-service_1_2/services/GoogleTranslation" use="encoded"/>

         </wsdl:fault>

      </wsdl:operation>

   </wsdl:binding>

   <wsdl:service name="GoogleTranslate">

      <wsdl:port binding="impl:TranslationSoapBinding" name="Translation">

         <wsdlsoap:address location="http://langrid.nict.go.jp/langrid-1.2/invoker/GoogleTranslate"/>

      </wsdl:port>

   </wsdl:service>

</wsdl:definitions>
