<?xml version="1.0" encoding="UTF-8"?>

<!--
This is the seekda cache of the WSDL definition available at http://ubu.math.helsinki.fi:8080/NLG_service/services/NLGTranslator?wsdl.
seekdas cache is a snapshot that we took as we crawled the Web.
The service may have changed since the last crawl.
seekda is neither affiliated with the authors of this service nor responsible for its advertised functionality.

-->

<wsdl:definitions targetNamespace="http://webalt.math.helsinki.fi:8080/NLG_service/services/NLGTranslator" xmlns:apachesoap="http://xml.apache.org/xml-soap" xmlns:impl="http://webalt.math.helsinki.fi:8080/NLG_service/services/NLGTranslator" xmlns:intf="http://webalt.math.helsinki.fi:8080/NLG_service/services/NLGTranslator" xmlns:soapenc="http://schemas.xmlsoap.org/soap/encoding/" xmlns:wsdl="http://schemas.xmlsoap.org/wsdl/" xmlns:wsdlsoap="http://schemas.xmlsoap.org/wsdl/soap/" xmlns:xsd="http://www.w3.org/2001/XMLSchema">
<!--WSDL created by Apache Axis version: 1.3
Built on Oct 05, 2005 (05:23:37 EDT)-->

   <wsdl:message name="translateResponse">

      <wsdl:part name="translateReturn" type="xsd:string"/>

   </wsdl:message>

   <wsdl:message name="translateRequest">

      <wsdl:part name="str" type="xsd:string">

   <wsdl:documentation xmlns:wsdl="http://schemas.xmlsoap.org/wsdl/">
The OpenMath object represented in XML encoding (a string).   </wsdl:documentation>

        </wsdl:part>

      <wsdl:part name="lang" type="xsd:string">

   <wsdl:documentation xmlns:wsdl="http://schemas.xmlsoap.org/wsdl/">
The language codified as ISO-639 two-letter code (a string). The possible language names is given by the operation getLanguages.   </wsdl:documentation>

        </wsdl:part>

   </wsdl:message>

   <wsdl:message name="getAllResponse">

      <wsdl:part name="getAllReturn" type="xsd:string"/>

   </wsdl:message>

   <wsdl:message name="getAllRequest">

   </wsdl:message>

   <wsdl:message name="getLanguagesResponse">

      <wsdl:part name="getLanguagesReturn" type="xsd:string"/>

   </wsdl:message>

   <wsdl:message name="getLanguagesRequest">

   </wsdl:message>

   <wsdl:message name="translatePrefixRequest">

      <wsdl:part name="str" type="xsd:string">

   <wsdl:documentation xmlns:wsdl="http://schemas.xmlsoap.org/wsdl/">
The OpenMath object represented in prefix encoding (a string). The OpenMath prefix encoding is a way of represent OpenMath using parenthesis instead of &lt; and &gt; entities and with some other variations. We recommend using OpenMath prefix only for internal use.   </wsdl:documentation>

        </wsdl:part>

      <wsdl:part name="lang" type="xsd:string">

   <wsdl:documentation xmlns:wsdl="http://schemas.xmlsoap.org/wsdl/">
The language codified as ISO-639 two-letter code (a string). The possible language names is given by the operation getLanguages.   </wsdl:documentation>

        </wsdl:part>

   </wsdl:message>

   <wsdl:message name="translatePrefixResponse">

      <wsdl:part name="translatePrefixReturn" type="xsd:string"/>

   </wsdl:message>

   <wsdl:portType name="NLGTranslate">

      <wsdl:operation name="translate" parameterOrder="str lang">

   <wsdl:documentation xmlns:wsdl="http://schemas.xmlsoap.org/wsdl/">
This operation translates an OpenMath object to natural language presentation. It takes two arguments: the first is the OpenMath object represented in XML encoding (a string) and the second is a string for the ISO-639 two-letter language code.   </wsdl:documentation>

         <wsdl:input message="impl:translateRequest" name="translateRequest"/>

         <wsdl:output message="impl:translateResponse" name="translateResponse"/>

      </wsdl:operation>

      <wsdl:operation name="translatePrefix" parameterOrder="str lang">

   <wsdl:documentation xmlns:wsdl="http://schemas.xmlsoap.org/wsdl/">
This operation translates an OpenMath object to natural language presentation. It takes two arguments: the first is the OpenMath object represented in prefix encoding (a string) and the second is a string for the ISO-639 two-letter language code. The OpenMath prefix encoding is a way of represent OpenMath using parenthesis instead of &lt; and &gt; entities and with some other variations. We recommend using OpenMath prefix only for internal use.   </wsdl:documentation>

         <wsdl:input message="impl:translatePrefixRequest" name="translatePrefixRequest"/>

         <wsdl:output message="impl:translatePrefixResponse" name="translatePrefixResponse"/>

      </wsdl:operation>

      <wsdl:operation name="getLanguages">

   <wsdl:documentation xmlns:wsdl="http://schemas.xmlsoap.org/wsdl/">
This operation returns the available languages separated by spaces and codified as ISO-639 two-letter code.   </wsdl:documentation>

         <wsdl:input message="impl:getLanguagesRequest" name="getLanguagesRequest"/>

         <wsdl:output message="impl:getLanguagesResponse" name="getLanguagesResponse"/>

      </wsdl:operation>

      <wsdl:operation name="getAll">

         <wsdl:input message="impl:getAllRequest" name="getAllRequest"/>

         <wsdl:output message="impl:getAllResponse" name="getAllResponse"/>

      </wsdl:operation>

   </wsdl:portType>

   <wsdl:binding name="NLGTranslatorSoapBinding" type="impl:NLGTranslate">

      <wsdlsoap:binding style="rpc" transport="http://schemas.xmlsoap.org/soap/http"/>

      <wsdl:operation name="translate">

         <wsdlsoap:operation soapAction=""/>

         <wsdl:input name="translateRequest">

            <wsdlsoap:body encodingStyle="http://schemas.xmlsoap.org/soap/encoding/" namespace="http://webalt.math.helsinki.fi:8080/NLG_service/services/NLGTranslator" use="encoded"/>

         </wsdl:input>

         <wsdl:output name="translateResponse">

            <wsdlsoap:body encodingStyle="http://schemas.xmlsoap.org/soap/encoding/" namespace="http://webalt.math.helsinki.fi:8080/NLG_service/services/NLGTranslator" use="encoded"/>

         </wsdl:output>

      </wsdl:operation>

      <wsdl:operation name="translatePrefix">

         <wsdlsoap:operation soapAction=""/>

         <wsdl:input name="translatePrefixRequest">

            <wsdlsoap:body encodingStyle="http://schemas.xmlsoap.org/soap/encoding/" namespace="http://webalt.math.helsinki.fi:8080/NLG_service/services/NLGTranslator" use="encoded"/>

         </wsdl:input>

         <wsdl:output name="translatePrefixResponse">

            <wsdlsoap:body encodingStyle="http://schemas.xmlsoap.org/soap/encoding/" namespace="http://webalt.math.helsinki.fi:8080/NLG_service/services/NLGTranslator" use="encoded"/>

         </wsdl:output>

      </wsdl:operation>

      <wsdl:operation name="getLanguages">

         <wsdlsoap:operation soapAction=""/>

         <wsdl:input name="getLanguagesRequest">

            <wsdlsoap:body encodingStyle="http://schemas.xmlsoap.org/soap/encoding/" namespace="http://webalt.math.helsinki.fi:8080/NLG_service/services/NLGTranslator" use="encoded"/>

         </wsdl:input>

         <wsdl:output name="getLanguagesResponse">

            <wsdlsoap:body encodingStyle="http://schemas.xmlsoap.org/soap/encoding/" namespace="http://webalt.math.helsinki.fi:8080/NLG_service/services/NLGTranslator" use="encoded"/>

         </wsdl:output>

      </wsdl:operation>

      <wsdl:operation name="getAll">

         <wsdlsoap:operation soapAction=""/>

         <wsdl:input name="getAllRequest">

            <wsdlsoap:body encodingStyle="http://schemas.xmlsoap.org/soap/encoding/" namespace="http://gf.webalt.com" use="encoded"/>

         </wsdl:input>

         <wsdl:output name="getAllResponse">

            <wsdlsoap:body encodingStyle="http://schemas.xmlsoap.org/soap/encoding/" namespace="http://webalt.math.helsinki.fi:8080/NLG_service/services/NLGTranslator" use="encoded"/>

         </wsdl:output>

      </wsdl:operation>

   </wsdl:binding>

   <wsdl:service name="NLGTranslateService">

  <wsdl:documentation xmlns:wsdl="http://schemas.xmlsoap.org/wsdl/">
This service allows getting the available languages and translating from OpenMath (XML and Prefix) into natural language. The OpenMath prefix encoding is a way of represent OpenMath using parenthesis instead of &lt; and &gt; entities and with some other variations. We recommend using OpenMath prefix only for internal use.  </wsdl:documentation>

      <wsdl:port binding="impl:NLGTranslatorSoapBinding" name="NLGTranslator">

         <wsdlsoap:address location="http://ubu.math.helsinki.fi:8080/NLG_service/services/NLGTranslator"/>

      </wsdl:port>

   </wsdl:service>

</wsdl:definitions>

