<?xml version="1.0" encoding="utf-8"?>

<!--
This is the seekda cache of the WSDL definition available at http://su.nottingham.ac.uk/~rugby/translate.wsdl.
seekdas cache is a snapshot that we took as we crawled the Web.
The service may have changed since the last crawl.
seekda is neither affiliated with the authors of this service nor responsible for its advertised functionality.

-->

<wsdl:definitions xmlns:http="http://schemas.xmlsoap.org/wsdl/http/" xmlns:soap="http://schemas.xmlsoap.org/wsdl/soap/" xmlns:s="http://www.w3.org/2001/XMLSchema" xmlns:soapenc="http://schemas.xmlsoap.org/soap/encoding/" xmlns:tns="http://translate.jnadal.com" xmlns:tm="http://microsoft.com/wsdl/mime/textMatching/" xmlns:mime="http://schemas.xmlsoap.org/wsdl/mime/" targetNamespace="http://translate.jnadal.com" xmlns:wsdl="http://schemas.xmlsoap.org/wsdl/">
  <wsdl:types>
    <s:schema elementFormDefault="qualified" targetNamespace="http://translate.jnadal.com">
      
	  <s:element name="TranslateLanguage">
        <s:complexType>
          <s:sequence>
            <s:element minOccurs="0" maxOccurs="1" name="LanguagePair" type="s:string" />
            <s:element minOccurs="0" maxOccurs="1" name="InputText" type="s:string" />
          </s:sequence>
        </s:complexType>
      </s:element>
      
	  <s:element name="TranslateLanguageResponse">
        <s:complexType>
          <s:sequence>
            <s:element minOccurs="0" maxOccurs="1" name="TranslateLanguageResult" type="s:string" />
          </s:sequence>
        </s:complexType>
      </s:element>

      
    </s:schema>
  </wsdl:types>

  <wsdl:message name="TranslateLanguageSoapIn">
    <wsdl:part name="parameters" element="tns:TranslateLanguage" />
  </wsdl:message>

  <wsdl:message name="TranslateLanguageSoapOut">
    <wsdl:part name="parameters" element="tns:TranslateLanguageResponse" />
  </wsdl:message>

  <wsdl:portType name="TranslateSoap">
    
    <wsdl:operation name="TranslateLanguage">
      <documentation xmlns="http://schemas.xmlsoap.org/wsdl/">Language translation service which takes 2 inputs "string LanguagePair" is one of the following values: 'en|de': English to German; 'en|es': English to Spanish; 'en|fr':English to French; 'en|it': English to Italian; 'en|pt':English to Portuguese; 'de|en': German to English; 'de|fr': German to French; 'es|en': Spanish to English; 'fr|en': French to English; 'fr|de': French to German; 'it|en': Italian to English; 'pt|en': Portuguese to English; "string InputText" is the text to be translated.</documentation>
      <wsdl:input message="tns:TranslateLanguageSoapIn" />
      <wsdl:output message="tns:TranslateLanguageSoapOut" />
    </wsdl:operation>

    
  </wsdl:portType>

  <wsdl:binding name="TranslateSoap" type="tns:TranslateSoap">
    <soap:binding transport="http://schemas.xmlsoap.org/soap/http" style="document" />
    
    <wsdl:operation name="TranslateLanguage">
      <soap:operation soapAction="http://translate.jnadal.com/TranslateLanguage" style="document" />
      <wsdl:input>
        <soap:body use="literal" />
      </wsdl:input>
      <wsdl:output>
        <soap:body use="literal" />
      </wsdl:output>
    </wsdl:operation>

  </wsdl:binding>

  <wsdl:service name="Translate">
    <wsdl:port name="TranslateSoap" binding="tns:TranslateSoap">
      <soap:address location="http://translate.jnadal.com/translate.asmx" />
    </wsdl:port>
  </wsdl:service>
</wsdl:definitions>
