<?xml version="1.0" encoding="UTF-8"?>

<!--
This is the seekda cache of the WSDL definition available at http://websky.kma.go.kr/services/DustStormService?wsdl.
seekdas cache is a snapshot that we took as we crawled the Web.
The service may have changed since the last crawl.
seekda is neither affiliated with the authors of this service nor responsible for its advertised functionality.

-->

<wsdl:definitions targetNamespace="http://websky.kma.go.kr/services/DustStormService" xmlns:apachesoap="http://xml.apache.org/xml-soap" xmlns:impl="http://websky.kma.go.kr/services/DustStormService" xmlns:intf="http://websky.kma.go.kr/services/DustStormService" xmlns:mime="http://schemas.xmlsoap.org/wsdl/mime/" xmlns:soap="http://schemas.xmlsoap.org/wsdl/soap/" xmlns:soapenc="http://schemas.xmlsoap.org/soap/encoding/" xmlns:wsdl="http://schemas.xmlsoap.org/wsdl/" xmlns:xsd="http://www.w3.org/2001/XMLSchema">
   <wsdl:types>
     <schema targetNamespace="http://websky.kma.go.kr/services/DustStormService" xmlns="http://www.w3.org/2001/XMLSchema">
       <import namespace="http://schemas.xmlsoap.org/soap/encoding/"/>

       <complexType name="DustStromSatelliteImageModel">
         <sequence>
           <element name="fileName" nillable="true" type="xsd:string"/>

     </sequence>

    </complexType>

       <complexType name="DustStromWeatherChartModel">
         <sequence>
           <element name="fileName" nillable="true" type="xsd:string"/>

     </sequence>

    </complexType>

       <complexType name="NationalDustStromObservationModel">
         <sequence>
           <element name="pm10" nillable="true" type="xsd:string"/>

           <element name="station_id" nillable="true" type="xsd:string"/>

           <element name="time" nillable="true" type="xsd:string"/>

     </sequence>

    </complexType>

       <complexType name="ArrayOfNationalDustStromObservationModel">
         <complexContent>
           <restriction base="soapenc:Array">
             <attribute ref="soapenc:arrayType" wsdl:arrayType="impl:NationalDustStromObservationModel[]"/>

      </restriction>

     </complexContent>

    </complexType>

   </schema>

  </wsdl:types>

   <wsdl:message name="getDustStromWeatherChartResponse">
      <wsdl:part name="getDustStromWeatherChartReturn" type="impl:DustStromWeatherChartModel"/>

  </wsdl:message>

   <wsdl:message name="getDustStromSatelliteImageRequest">
      <wsdl:part name="code" type="xsd:string"/>

      <wsdl:part name="time" type="xsd:string"/>

  </wsdl:message>

   <wsdl:message name="getNationalDustStromObservationRequest">
      <wsdl:part name="time" type="xsd:string"/>

  </wsdl:message>

   <wsdl:message name="getNationalDustStromObservationResponse">
      <wsdl:part name="getNationalDustStromObservationReturn" type="impl:ArrayOfNationalDustStromObservationModel"/>

  </wsdl:message>

   <wsdl:message name="getDustStromSatelliteImageResponse">
      <wsdl:part name="getDustStromSatelliteImageReturn" type="impl:DustStromSatelliteImageModel"/>

  </wsdl:message>

   <wsdl:message name="getDustStromWeatherChartRequest">
      <wsdl:part name="time" type="xsd:string"/>

  </wsdl:message>

   <wsdl:portType name="DustStormServiceImpl">
      <wsdl:operation name="getDustStromSatelliteImage" parameterOrder="code time">
         <wsdl:input message="impl:getDustStromSatelliteImageRequest" name="getDustStromSatelliteImageRequest"/>

         <wsdl:output message="impl:getDustStromSatelliteImageResponse" name="getDustStromSatelliteImageResponse"/>

    </wsdl:operation>

      <wsdl:operation name="getDustStromWeatherChart" parameterOrder="time">
         <wsdl:input message="impl:getDustStromWeatherChartRequest" name="getDustStromWeatherChartRequest"/>

         <wsdl:output message="impl:getDustStromWeatherChartResponse" name="getDustStromWeatherChartResponse"/>

    </wsdl:operation>

      <wsdl:operation name="getNationalDustStromObservation" parameterOrder="time">
         <wsdl:input message="impl:getNationalDustStromObservationRequest" name="getNationalDustStromObservationRequest"/>

         <wsdl:output message="impl:getNationalDustStromObservationResponse" name="getNationalDustStromObservationResponse"/>

    </wsdl:operation>

  </wsdl:portType>

   <wsdl:binding name="DustStormServiceSoapBinding" type="impl:DustStormServiceImpl">
      <soap:binding style="rpc" transport="http://schemas.xmlsoap.org/soap/http"/>

      <wsdl:operation name="getDustStromSatelliteImage">
         <soap:operation soapAction=""/>

         <wsdl:input name="getDustStromSatelliteImageRequest">
            <soap:body encodingStyle="http://schemas.xmlsoap.org/soap/encoding/" namespace="http://websky.kma.go.kr/services/DustStormService" use="encoded"/>

      </wsdl:input>

         <wsdl:output name="getDustStromSatelliteImageResponse">
            <soap:body encodingStyle="http://schemas.xmlsoap.org/soap/encoding/" namespace="http://websky.kma.go.kr/services/DustStormService" use="encoded"/>

      </wsdl:output>

    </wsdl:operation>

      <wsdl:operation name="getDustStromWeatherChart">
         <soap:operation soapAction=""/>

         <wsdl:input name="getDustStromWeatherChartRequest">
            <soap:body encodingStyle="http://schemas.xmlsoap.org/soap/encoding/" namespace="http://websky.kma.go.kr/services/DustStormService" use="encoded"/>

      </wsdl:input>

         <wsdl:output name="getDustStromWeatherChartResponse">
            <soap:body encodingStyle="http://schemas.xmlsoap.org/soap/encoding/" namespace="http://websky.kma.go.kr/services/DustStormService" use="encoded"/>

      </wsdl:output>

    </wsdl:operation>

      <wsdl:operation name="getNationalDustStromObservation">
         <soap:operation soapAction=""/>

         <wsdl:input name="getNationalDustStromObservationRequest">
            <soap:body encodingStyle="http://schemas.xmlsoap.org/soap/encoding/" namespace="http://websky.kma.go.kr/services/DustStormService" use="encoded"/>

      </wsdl:input>

         <wsdl:output name="getNationalDustStromObservationResponse">
            <soap:body encodingStyle="http://schemas.xmlsoap.org/soap/encoding/" namespace="http://websky.kma.go.kr/services/DustStormService" use="encoded"/>

      </wsdl:output>

    </wsdl:operation>

  </wsdl:binding>

   <wsdl:service name="DustStormServiceImplService">
      <wsdl:port binding="impl:DustStormServiceSoapBinding" name="DustStormService">
         <soap:address location="http://websky.kma.go.kr/services/DustStormService"/>

    </wsdl:port>

  </wsdl:service>

</wsdl:definitions>

