<?xml version="1.0" encoding="utf-8"?>

<!--
This is the seekda cache of the WSDL definition available at http://webservice.jaron.cn/weather.asmx?WSDL.
seekdas cache is a snapshot that we took as we crawled the Web.
The service may have changed since the last crawl.
seekda is neither affiliated with the authors of this service nor responsible for its advertised functionality.

-->

<wsdl:definitions xmlns:soap="http://schemas.xmlsoap.org/wsdl/soap/" xmlns:tm="http://microsoft.com/wsdl/mime/textMatching/" xmlns:soapenc="http://schemas.xmlsoap.org/soap/encoding/" xmlns:mime="http://schemas.xmlsoap.org/wsdl/mime/" xmlns:tns="http://webservice.jaron.cn/" xmlns:s="http://www.w3.org/2001/XMLSchema" xmlns:soap12="http://schemas.xmlsoap.org/wsdl/soap12/" xmlns:http="http://schemas.xmlsoap.org/wsdl/http/" targetNamespace="http://webservice.jaron.cn/" xmlns:wsdl="http://schemas.xmlsoap.org/wsdl/">
  <wsdl:types>
    <s:schema elementFormDefault="qualified" targetNamespace="http://webservice.jaron.cn/">
      <s:element name="GetWeather">
        <s:complexType>
          <s:sequence>
            <s:element minOccurs="0" maxOccurs="1" name="City" type="s:string" />
            <s:element minOccurs="0" maxOccurs="1" name="LicenceKey" type="s:string" />
          </s:sequence>
        </s:complexType>
      </s:element>
      <s:element name="GetWeatherResponse">
        <s:complexType>
          <s:sequence>
            <s:element minOccurs="0" maxOccurs="1" name="GetWeatherResult">
              <s:complexType>
                <s:sequence>
                  <s:element ref="s:schema" />
                  <s:any />
                </s:sequence>
              </s:complexType>
            </s:element>
          </s:sequence>
        </s:complexType>
      </s:element>
      <s:element name="DataSet" nillable="true">
        <s:complexType>
          <s:sequence>
            <s:element ref="s:schema" />
            <s:any />
          </s:sequence>
        </s:complexType>
      </s:element>
    </s:schema>
  </wsdl:types>
  <wsdl:message name="GetWeatherSoapIn">
    <wsdl:part name="parameters" element="tns:GetWeather" />
  </wsdl:message>
  <wsdl:message name="GetWeatherSoapOut">
    <wsdl:part name="parameters" element="tns:GetWeatherResponse" />
  </wsdl:message>
  <wsdl:message name="GetWeatherHttpGetIn">
    <wsdl:part name="City" type="s:string" />
    <wsdl:part name="LicenceKey" type="s:string" />
  </wsdl:message>
  <wsdl:message name="GetWeatherHttpGetOut">
    <wsdl:part name="Body" element="tns:DataSet" />
  </wsdl:message>
  <wsdl:message name="GetWeatherHttpPostIn">
    <wsdl:part name="City" type="s:string" />
    <wsdl:part name="LicenceKey" type="s:string" />
  </wsdl:message>
  <wsdl:message name="GetWeatherHttpPostOut">
    <wsdl:part name="Body" element="tns:DataSet" />
  </wsdl:message>
  <wsdl:portType name="JaronSoftWebService_NetworkSoap">
    <wsdl:operation name="GetWeather">
      <wsdl:documentation xmlns:wsdl="http://schemas.xmlsoap.org/wsdl/">&lt;h3&gt;返回24小时天气预报&lt;/h3&gt;参数1：CityName 中文城市名称(&lt;u&gt;DataTime&lt;/u&gt;)&lt;br&gt;参数2：LicenceKey 授权码(&lt;u&gt;String&lt;/u&gt;) &lt;a href="http://WebService.jaron.cn/Registe.Aspx" target="_blank" style="color:#FF0000;"&gt;免费注册授权码&lt;/a&gt;&lt;br&gt;返回：DataSet</wsdl:documentation>
      <wsdl:input message="tns:GetWeatherSoapIn" />
      <wsdl:output message="tns:GetWeatherSoapOut" />
    </wsdl:operation>
  </wsdl:portType>
  <wsdl:portType name="JaronSoftWebService_NetworkHttpGet">
    <wsdl:operation name="GetWeather">
      <wsdl:documentation xmlns:wsdl="http://schemas.xmlsoap.org/wsdl/">&lt;h3&gt;返回24小时天气预报&lt;/h3&gt;参数1：CityName 中文城市名称(&lt;u&gt;DataTime&lt;/u&gt;)&lt;br&gt;参数2：LicenceKey 授权码(&lt;u&gt;String&lt;/u&gt;) &lt;a href="http://WebService.jaron.cn/Registe.Aspx" target="_blank" style="color:#FF0000;"&gt;免费注册授权码&lt;/a&gt;&lt;br&gt;返回：DataSet</wsdl:documentation>
      <wsdl:input message="tns:GetWeatherHttpGetIn" />
      <wsdl:output message="tns:GetWeatherHttpGetOut" />
    </wsdl:operation>
  </wsdl:portType>
  <wsdl:portType name="JaronSoftWebService_NetworkHttpPost">
    <wsdl:operation name="GetWeather">
      <wsdl:documentation xmlns:wsdl="http://schemas.xmlsoap.org/wsdl/">&lt;h3&gt;返回24小时天气预报&lt;/h3&gt;参数1：CityName 中文城市名称(&lt;u&gt;DataTime&lt;/u&gt;)&lt;br&gt;参数2：LicenceKey 授权码(&lt;u&gt;String&lt;/u&gt;) &lt;a href="http://WebService.jaron.cn/Registe.Aspx" target="_blank" style="color:#FF0000;"&gt;免费注册授权码&lt;/a&gt;&lt;br&gt;返回：DataSet</wsdl:documentation>
      <wsdl:input message="tns:GetWeatherHttpPostIn" />
      <wsdl:output message="tns:GetWeatherHttpPostOut" />
    </wsdl:operation>
  </wsdl:portType>
  <wsdl:binding name="JaronSoftWebService_NetworkSoap" type="tns:JaronSoftWebService_NetworkSoap">
    <soap:binding transport="http://schemas.xmlsoap.org/soap/http" />
    <wsdl:operation name="GetWeather">
      <soap:operation soapAction="http://webservice.jaron.cn/GetWeather" style="document" />
      <wsdl:input>
        <soap:body use="literal" />
      </wsdl:input>
      <wsdl:output>
        <soap:body use="literal" />
      </wsdl:output>
    </wsdl:operation>
  </wsdl:binding>
  <wsdl:binding name="JaronSoftWebService_NetworkSoap12" type="tns:JaronSoftWebService_NetworkSoap">
    <soap12:binding transport="http://schemas.xmlsoap.org/soap/http" />
    <wsdl:operation name="GetWeather">
      <soap12:operation soapAction="http://webservice.jaron.cn/GetWeather" style="document" />
      <wsdl:input>
        <soap12:body use="literal" />
      </wsdl:input>
      <wsdl:output>
        <soap12:body use="literal" />
      </wsdl:output>
    </wsdl:operation>
  </wsdl:binding>
  <wsdl:binding name="JaronSoftWebService_NetworkHttpGet" type="tns:JaronSoftWebService_NetworkHttpGet">
    <http:binding verb="GET" />
    <wsdl:operation name="GetWeather">
      <http:operation location="/GetWeather" />
      <wsdl:input>
        <http:urlEncoded />
      </wsdl:input>
      <wsdl:output>
        <mime:mimeXml part="Body" />
      </wsdl:output>
    </wsdl:operation>
  </wsdl:binding>
  <wsdl:binding name="JaronSoftWebService_NetworkHttpPost" type="tns:JaronSoftWebService_NetworkHttpPost">
    <http:binding verb="POST" />
    <wsdl:operation name="GetWeather">
      <http:operation location="/GetWeather" />
      <wsdl:input>
        <mime:content type="application/x-www-form-urlencoded" />
      </wsdl:input>
      <wsdl:output>
        <mime:mimeXml part="Body" />
      </wsdl:output>
    </wsdl:operation>
  </wsdl:binding>
  <wsdl:service name="JaronSoftWebService_Network">
    <wsdl:port name="JaronSoftWebService_NetworkSoap" binding="tns:JaronSoftWebService_NetworkSoap">
      <soap:address location="http://webservice.jaron.cn/weather.asmx" />
    </wsdl:port>
    <wsdl:port name="JaronSoftWebService_NetworkSoap12" binding="tns:JaronSoftWebService_NetworkSoap12">
      <soap12:address location="http://webservice.jaron.cn/weather.asmx" />
    </wsdl:port>
    <wsdl:port name="JaronSoftWebService_NetworkHttpGet" binding="tns:JaronSoftWebService_NetworkHttpGet">
      <http:address location="http://webservice.jaron.cn/weather.asmx" />
    </wsdl:port>
    <wsdl:port name="JaronSoftWebService_NetworkHttpPost" binding="tns:JaronSoftWebService_NetworkHttpPost">
      <http:address location="http://webservice.jaron.cn/weather.asmx" />
    </wsdl:port>
  </wsdl:service>
</wsdl:definitions>
