<?xml version="1.0" encoding="ISO-8859-1"?>

<!--
This is the seekda cache of the WSDL definition available at http://hs19.iccs.bas.bg/work/soap/Weather.php?wsdl.
seekdas cache is a snapshot that we took as we crawled the Web.
The service may have changed since the last crawl.
seekda is neither affiliated with the authors of this service nor responsible for its advertised functionality.

-->

<definitions xmlns:SOAP-ENV="http://schemas.xmlsoap.org/soap/envelope/" xmlns:xsd="http://www.w3.org/2001/XMLSchema" xmlns:xsi="http://www.w3.org/2001/XMLSchema-instance" xmlns:SOAP-ENC="http://schemas.xmlsoap.org/soap/encoding/" xmlns:tns="http://hs19.iccs.bas.bg/work/soap/" xmlns:soap="http://schemas.xmlsoap.org/wsdl/soap/" xmlns:wsdl="http://schemas.xmlsoap.org/wsdl/" xmlns="http://schemas.xmlsoap.org/wsdl/" targetNamespace="http://hs19.iccs.bas.bg/work/soap/">
<types><xsd:schema targetNamespace="http://hs19.iccs.bas.bg/work/soap/"
>
 <xsd:import namespace="http://schemas.xmlsoap.org/soap/encoding/" />
 <xsd:import namespace="http://schemas.xmlsoap.org/wsdl/" />
 <xsd:complexType name="WeatherData">
  <xsd:all>
   <xsd:element name="Value" type="xsd:string"/>
   <xsd:element name="DefaultValue" type="xsd:string"/>
   <xsd:element name="ValueDescription" type="xsd:string"/>
  </xsd:all>
 </xsd:complexType>
</xsd:schema>
</types>
<message name="getWeatherRequest"><part name="CharacteristicID" type="xsd:int" /></message>
<message name="getWeatherResponse"><part name="return" type="tns:WeatherData" /></message>
<portType name="WeatherPortType"><operation name="getWeather"><input message="tns:getWeatherRequest"/><output message="tns:getWeatherResponse"/></operation></portType>
<binding name="WeatherBinding" type="tns:WeatherPortType"><soap:binding style="rpc" transport="http://schemas.xmlsoap.org/soap/http"/><operation name="getWeather"><soap:operation soapAction="http://hs19.iccs.bas.bg/work/soap/Weather.php/getWeather" style="rpc"/><input><soap:body use="encoded" namespace="http://hs19.iccs.bas.bg/work/soap/" encodingStyle="http://schemas.xmlsoap.org/soap/encoding/"/></input><output><soap:body use="encoded" namespace="http://hs19.iccs.bas.bg/work/soap/" encodingStyle="http://schemas.xmlsoap.org/soap/encoding/"/></output></operation></binding>
<service name="Weather"><port name="WeatherPort" binding="tns:WeatherBinding"><soap:address location="http://hs19.iccs.bas.bg/work/soap/Weather.php"/></port></service>
</definitions>
