<?xml version="1.0" encoding="utf-8"?>

<!--
This is the seekda cache of the WSDL definition available at http://ws.strikeiron.com/MalaikaConsultants/USWeatherForecast?WSDL.
seekdas cache is a snapshot that we took as we crawled the Web.
The service may have changed since the last crawl.
seekda is neither affiliated with the authors of this service nor responsible for its advertised functionality.

-->

<wsdl:definitions xmlns:s1="http://ws.strikeiron.com" xmlns:http="http://schemas.xmlsoap.org/wsdl/http/" xmlns:soap="http://schemas.xmlsoap.org/wsdl/soap/" xmlns:s="http://www.w3.org/2001/XMLSchema" xmlns:si="http://www.strikeiron.com" xmlns:soapenc="http://schemas.xmlsoap.org/soap/encoding/" xmlns:tns="http://malaikaconsultants.com/WeatherWebService" xmlns:tm="http://microsoft.com/wsdl/mime/textMatching/" xmlns:mime="http://schemas.xmlsoap.org/wsdl/mime/" targetNamespace="http://malaikaconsultants.com/WeatherWebService" xmlns:wsdl="http://schemas.xmlsoap.org/wsdl/">
  <wsdl:types>
    <s:schema elementFormDefault="qualified" targetNamespace="http://malaikaconsultants.com/WeatherWebService">
      <s:element name="GetWeatherForZipCode">
        <s:complexType>
          <s:sequence>
            <s:element minOccurs="0" maxOccurs="1" name="ZipCode" type="s:string" />
          </s:sequence>
        </s:complexType>
      </s:element>
      <s:element name="GetWeatherForZipCodeResponse">
        <s:complexType>
          <s:sequence>
            <s:element minOccurs="0" maxOccurs="1" name="GetWeatherForZipCodeResult" type="tns:Weather" />
          </s:sequence>
        </s:complexType>
      </s:element>
      <s:complexType name="Weather">
        <s:sequence>
          <s:element minOccurs="0" maxOccurs="1" name="Location" type="tns:WeatherLocation" />
          <s:element minOccurs="0" maxOccurs="1" name="Units" type="tns:WeatherUnits" />
          <s:element minOccurs="0" maxOccurs="1" name="Wind" type="tns:WeatherWind" />
          <s:element minOccurs="0" maxOccurs="1" name="Atmosphere" type="tns:WeatherAtmosphere" />
          <s:element minOccurs="0" maxOccurs="1" name="Astronomy" type="tns:WeatherAstronomy" />
          <s:element minOccurs="0" maxOccurs="1" name="CurrentCondition" type="tns:WeatherCurrentCondition" />
          <s:element minOccurs="0" maxOccurs="1" name="Forecast" type="tns:ArrayOfWeatherForecastCondtion" />
          <s:element minOccurs="0" maxOccurs="1" name="ErrorMessage" type="s:string" />
        </s:sequence>
      </s:complexType>
      <s:complexType name="WeatherLocation">
        <s:sequence>
          <s:element minOccurs="0" maxOccurs="1" name="ZipCode" type="s:string" />
          <s:element minOccurs="0" maxOccurs="1" name="City" type="s:string" />
          <s:element minOccurs="0" maxOccurs="1" name="Region" type="s:string" />
          <s:element minOccurs="0" maxOccurs="1" name="Country" type="s:string" />
          <s:element minOccurs="0" maxOccurs="1" name="Latitude" type="s:string" />
          <s:element minOccurs="0" maxOccurs="1" name="Longitude" type="s:string" />
        </s:sequence>
      </s:complexType>
      <s:complexType name="WeatherUnits">
        <s:sequence>
          <s:element minOccurs="1" maxOccurs="1" name="TemperatureUnit" type="tns:Temperature" />
          <s:element minOccurs="1" maxOccurs="1" name="DistanceUnit" type="tns:Distance" />
          <s:element minOccurs="1" maxOccurs="1" name="PressureUnit" type="tns:Pressure" />
          <s:element minOccurs="1" maxOccurs="1" name="SpeedUnit" type="tns:Speed" />
        </s:sequence>
      </s:complexType>
      <s:simpleType name="Temperature">
        <s:restriction base="s:string">
          <s:enumeration value="Fahrenheit" />
          <s:enumeration value="Celsius" />
        </s:restriction>
      </s:simpleType>
      <s:simpleType name="Distance">
        <s:restriction base="s:string">
          <s:enumeration value="Miles" />
          <s:enumeration value="Kilometers" />
        </s:restriction>
      </s:simpleType>
      <s:simpleType name="Pressure">
        <s:restriction base="s:string">
          <s:enumeration value="PoundsPerSquareInch" />
          <s:enumeration value="Millibars" />
        </s:restriction>
      </s:simpleType>
      <s:simpleType name="Speed">
        <s:restriction base="s:string">
          <s:enumeration value="MPH" />
          <s:enumeration value="KMPH" />
        </s:restriction>
      </s:simpleType>
      <s:complexType name="WeatherWind">
        <s:sequence>
          <s:element minOccurs="1" maxOccurs="1" name="WindChill" type="s:int" />
          <s:element minOccurs="1" maxOccurs="1" name="DirectionInDegrees" type="s:int" />
          <s:element minOccurs="1" maxOccurs="1" name="Speed" type="s:int" />
        </s:sequence>
      </s:complexType>
      <s:complexType name="WeatherAtmosphere">
        <s:sequence>
          <s:element minOccurs="1" maxOccurs="1" name="HumidityInPercent" type="s:int" />
          <s:element minOccurs="1" maxOccurs="1" name="Visibility" type="s:decimal" />
          <s:element minOccurs="1" maxOccurs="1" name="Pressure" type="s:decimal" />
          <s:element minOccurs="1" maxOccurs="1" name="StateOfBarometricPressure" type="tns:Rising" />
        </s:sequence>
      </s:complexType>
      <s:simpleType name="Rising">
        <s:restriction base="s:string">
          <s:enumeration value="Steady" />
          <s:enumeration value="Rising" />
          <s:enumeration value="Falling" />
        </s:restriction>
      </s:simpleType>
      <s:complexType name="WeatherAstronomy">
        <s:sequence>
          <s:element minOccurs="0" maxOccurs="1" name="Sunrise" type="s:string" />
          <s:element minOccurs="0" maxOccurs="1" name="Sunset" type="s:string" />
        </s:sequence>
      </s:complexType>
      <s:complexType name="WeatherCurrentCondition">
        <s:complexContent mixed="false">
          <s:extension base="tns:WeatherCondition">
            <s:sequence>
              <s:element minOccurs="1" maxOccurs="1" name="Temperature" type="s:int" />
            </s:sequence>
          </s:extension>
        </s:complexContent>
      </s:complexType>
      <s:complexType name="WeatherCondition">
        <s:sequence>
          <s:element minOccurs="0" maxOccurs="1" name="Description" type="s:string" />
          <s:element minOccurs="0" maxOccurs="1" name="Date" type="s:string" />
        </s:sequence>
      </s:complexType>
      <s:complexType name="WeatherForecastCondtion">
        <s:complexContent mixed="false">
          <s:extension base="tns:WeatherCondition">
            <s:sequence>
              <s:element minOccurs="0" maxOccurs="1" name="Day" type="s:string" />
              <s:element minOccurs="1" maxOccurs="1" name="LowTemperature" type="s:int" />
              <s:element minOccurs="1" maxOccurs="1" name="HighTemperature" type="s:int" />
            </s:sequence>
          </s:extension>
        </s:complexContent>
      </s:complexType>
      <s:complexType name="ArrayOfWeatherForecastCondtion">
        <s:sequence>
          <s:element minOccurs="0" maxOccurs="unbounded" name="WeatherForecastCondtion" nillable="true" type="tns:WeatherForecastCondtion" />
        </s:sequence>
      </s:complexType>
      <s:element name="GetWeatherForCityState">
        <s:complexType>
          <s:sequence>
            <s:element minOccurs="0" maxOccurs="1" name="City" type="s:string" />
            <s:element minOccurs="0" maxOccurs="1" name="State" type="s:string" />
          </s:sequence>
        </s:complexType>
      </s:element>
      <s:element name="GetWeatherForCityStateResponse">
        <s:complexType>
          <s:sequence>
            <s:element minOccurs="0" maxOccurs="1" name="GetWeatherForCityStateResult" type="tns:Weather" />
          </s:sequence>
        </s:complexType>
      </s:element>
      <s:element name="Weather" nillable="true" type="tns:Weather" />
    </s:schema>
    <s:schema xmlns:xs="http://www.w3.org/2001/XMLSchema" xmlns:tns1="http://ws.strikeiron.com" attributeFormDefault="unqualified" elementFormDefault="qualified" targetNamespace="http://ws.strikeiron.com">
      <xs:element name="LicenseInfo" type="tns1:LicenseInfo" />
      <xs:complexType name="LicenseInfo">
        <xs:sequence>
          <xs:element minOccurs="0" name="UnregisteredUser" type="tns1:UnregisteredUser" />
          <xs:element minOccurs="0" name="RegisteredUser" type="tns1:RegisteredUser" />
        </xs:sequence>
      </xs:complexType>
      <xs:complexType name="UnregisteredUser">
        <xs:sequence>
          <xs:element minOccurs="0" name="EmailAddress" type="xs:string" />
        </xs:sequence>
      </xs:complexType>
      <xs:complexType name="RegisteredUser">
        <xs:sequence>
          <xs:element minOccurs="0" name="UserID" type="xs:string" />
          <xs:element minOccurs="0" name="Password" type="xs:string" />
        </xs:sequence>
      </xs:complexType>
      <xs:element name="SubscriptionInfo" type="tns1:SubscriptionInfo" />
      <xs:complexType name="SubscriptionInfo">
        <xs:sequence>
          <xs:element name="LicenseStatusCode" type="xs:int" />
          <xs:element minOccurs="0" name="LicenseStatus" type="xs:string" />
          <xs:element name="LicenseActionCode" type="xs:int" />
          <xs:element minOccurs="0" name="LicenseAction" type="xs:string" />
          <xs:element name="RemainingHits" type="xs:int" />
          <xs:element name="Amount" type="xs:decimal" />
        </xs:sequence>
      </xs:complexType>
      <xs:element name="GetRemainingHits">
        <xs:complexType />
      </xs:element>
      <xs:element name="GetRemainingHitsResponse">
        <xs:complexType />
      </xs:element>
    </s:schema>
  </wsdl:types>
  <wsdl:message name="GetWeatherForZipCodeSoapIn">
    <wsdl:part name="parameters" element="tns:GetWeatherForZipCode" />
  </wsdl:message>
  <wsdl:message name="GetWeatherForZipCodeSoapOut">
    <wsdl:part name="parameters" element="tns:GetWeatherForZipCodeResponse" />
  </wsdl:message>
  <wsdl:message name="GetWeatherForCityStateSoapIn">
    <wsdl:part name="parameters" element="tns:GetWeatherForCityState" />
  </wsdl:message>
  <wsdl:message name="GetWeatherForCityStateSoapOut">
    <wsdl:part name="parameters" element="tns:GetWeatherForCityStateResponse" />
  </wsdl:message>
  <wsdl:message name="GetWeatherForZipCodeHttpGetIn">
    <wsdl:part name="ZipCode" type="s:string" />
  </wsdl:message>
  <wsdl:message name="GetWeatherForZipCodeHttpGetOut">
    <wsdl:part name="Body" element="tns:Weather" />
  </wsdl:message>
  <wsdl:message name="GetWeatherForCityStateHttpGetIn">
    <wsdl:part name="City" type="s:string" />
    <wsdl:part name="State" type="s:string" />
  </wsdl:message>
  <wsdl:message name="GetWeatherForCityStateHttpGetOut">
    <wsdl:part name="Body" element="tns:Weather" />
  </wsdl:message>
  <wsdl:message name="GetWeatherForZipCodeHttpPostIn">
    <wsdl:part name="ZipCode" type="s:string" />
  </wsdl:message>
  <wsdl:message name="GetWeatherForZipCodeHttpPostOut">
    <wsdl:part name="Body" element="tns:Weather" />
  </wsdl:message>
  <wsdl:message name="GetWeatherForCityStateHttpPostIn">
    <wsdl:part name="City" type="s:string" />
    <wsdl:part name="State" type="s:string" />
  </wsdl:message>
  <wsdl:message name="GetWeatherForCityStateHttpPostOut">
    <wsdl:part name="Body" element="tns:Weather" />
  </wsdl:message>
  <wsdl:message name="GetRemainingHitsSoapIn">
    <wsdl:part name="parameters" element="s1:GetRemainingHits" />
  </wsdl:message>
  <wsdl:message name="GetRemainingHitsSoapOut">
    <wsdl:part name="parameters" element="s1:GetRemainingHitsResponse" />
  </wsdl:message>
  <wsdl:message name="LicenseInfoMessage">
    <wsdl:part name="LicenseInfo" element="s1:LicenseInfo" />
  </wsdl:message>
  <wsdl:message name="SubscriptionInfoMessage">
    <wsdl:part name="SubscriptionInfo" element="s1:SubscriptionInfo" />
  </wsdl:message>
  <wsdl:portType name="WeatherSoap">
    <wsdl:operation name="GetWeatherForZipCode">
      <wsdl:documentation xmlns:wsdl="http://schemas.xmlsoap.org/wsdl/">Gets current weather information and 2-day forecast for the given zip code</wsdl:documentation>
      <wsdl:input message="tns:GetWeatherForZipCodeSoapIn" />
      <wsdl:output message="tns:GetWeatherForZipCodeSoapOut" />
    </wsdl:operation>
    <wsdl:operation name="GetWeatherForCityState">
      <wsdl:documentation xmlns:wsdl="http://schemas.xmlsoap.org/wsdl/">Gets current weather information and 2-day forecast for the given city and state</wsdl:documentation>
      <wsdl:input message="tns:GetWeatherForCityStateSoapIn" />
      <wsdl:output message="tns:GetWeatherForCityStateSoapOut" />
    </wsdl:operation>
    <wsdl:operation name="GetRemainingHits">
      <wsdl:input message="tns:GetRemainingHitsSoapIn" />
      <wsdl:output message="tns:GetRemainingHitsSoapOut" />
    </wsdl:operation>
  </wsdl:portType>
  <wsdl:binding name="WeatherSoap" type="tns:WeatherSoap">
    <soap:binding transport="http://schemas.xmlsoap.org/soap/http" />
    <wsdl:operation name="GetWeatherForZipCode">
      <soap:operation soapAction="http://malaikaconsultants.com/WeatherWebService/GetWeatherForZipCode" style="document" />
      <wsdl:input>
        <soap:body use="literal" />
        <soap:header message="tns:LicenseInfoMessage" part="LicenseInfo" use="literal" />
      </wsdl:input>
      <wsdl:output>
        <soap:body use="literal" />
        <soap:header message="tns:SubscriptionInfoMessage" part="SubscriptionInfo" use="literal" />
      </wsdl:output>
    </wsdl:operation>
    <wsdl:operation name="GetWeatherForCityState">
      <soap:operation soapAction="http://malaikaconsultants.com/WeatherWebService/GetWeatherForCityState" style="document" />
      <wsdl:input>
        <soap:body use="literal" />
        <soap:header message="tns:LicenseInfoMessage" part="LicenseInfo" use="literal" />
      </wsdl:input>
      <wsdl:output>
        <soap:body use="literal" />
        <soap:header message="tns:SubscriptionInfoMessage" part="SubscriptionInfo" use="literal" />
      </wsdl:output>
    </wsdl:operation>
    <wsdl:operation name="GetRemainingHits">
      <soap:operation soapAction="http://ws.strikeiron.com/MalaikaConsultants/USWeatherForecast/Weather/GetRemainingHits" />
      <wsdl:input>
        <soap:body use="literal" />
        <soap:header message="tns:LicenseInfoMessage" part="LicenseInfo" use="literal" />
      </wsdl:input>
      <wsdl:output>
        <soap:body use="literal" />
        <soap:header message="tns:SubscriptionInfoMessage" part="SubscriptionInfo" use="literal" />
      </wsdl:output>
    </wsdl:operation>
  </wsdl:binding>
  <wsdl:service name="Weather">
    <wsdl:port name="WeatherSoap" binding="tns:WeatherSoap">
      <soap:address location="http://ws.strikeiron.com/MalaikaConsultants/USWeatherForecast/Weather" />
    </wsdl:port>
  </wsdl:service>
</wsdl:definitions>
