<?xml version="1.0" encoding="utf-8"?>

<!--
This is the seekda cache of the WSDL definition available at http://www.weather-maker.com/(wugtm4ji53etem45qngnor45)/webservices/getweather.asmx?wsdl.
seekdas cache is a snapshot that we took as we crawled the Web.
The service may have changed since the last crawl.
seekda is neither affiliated with the authors of this service nor responsible for its advertised functionality.

-->

<wsdl:definitions xmlns:http="http://schemas.xmlsoap.org/wsdl/http/" xmlns:soap="http://schemas.xmlsoap.org/wsdl/soap/" xmlns:s="http://www.w3.org/2001/XMLSchema" xmlns:soapenc="http://schemas.xmlsoap.org/soap/encoding/" xmlns:tns="http://www.weather-maker.com" xmlns:tm="http://microsoft.com/wsdl/mime/textMatching/" xmlns:mime="http://schemas.xmlsoap.org/wsdl/mime/" targetNamespace="http://www.weather-maker.com" xmlns:wsdl="http://schemas.xmlsoap.org/wsdl/">
  <wsdl:types>
    <s:schema elementFormDefault="qualified" targetNamespace="http://www.weather-maker.com">
      <s:element name="GetMetar">
        <s:complexType>
          <s:sequence>
            <s:element minOccurs="0" maxOccurs="1" name="ICAO" type="s:string" />
          </s:sequence>
        </s:complexType>
      </s:element>
      <s:element name="GetMetarResponse">
        <s:complexType>
          <s:sequence>
            <s:element minOccurs="0" maxOccurs="1" name="GetMetarResult" type="s:string" />
          </s:sequence>
        </s:complexType>
      </s:element>
      <s:element name="GetTaf">
        <s:complexType>
          <s:sequence>
            <s:element minOccurs="0" maxOccurs="1" name="ICAO" type="s:string" />
          </s:sequence>
        </s:complexType>
      </s:element>
      <s:element name="GetTafResponse">
        <s:complexType>
          <s:sequence>
            <s:element minOccurs="0" maxOccurs="1" name="GetTafResult" type="s:string" />
          </s:sequence>
        </s:complexType>
      </s:element>
    </s:schema>
  </wsdl:types>
  <wsdl:message name="GetMetarSoapIn">
    <wsdl:part name="parameters" element="tns:GetMetar" />
  </wsdl:message>
  <wsdl:message name="GetMetarSoapOut">
    <wsdl:part name="parameters" element="tns:GetMetarResponse" />
  </wsdl:message>
  <wsdl:message name="GetTafSoapIn">
    <wsdl:part name="parameters" element="tns:GetTaf" />
  </wsdl:message>
  <wsdl:message name="GetTafSoapOut">
    <wsdl:part name="parameters" element="tns:GetTafResponse" />
  </wsdl:message>
  <wsdl:portType name="getweatherSoap">
    <wsdl:operation name="GetMetar">
      <documentation xmlns="http://schemas.xmlsoap.org/wsdl/">This will retreive the current METAR report for a current ICAO</documentation>
      <wsdl:input message="tns:GetMetarSoapIn" />
      <wsdl:output message="tns:GetMetarSoapOut" />
    </wsdl:operation>
    <wsdl:operation name="GetTaf">
      <documentation xmlns="http://schemas.xmlsoap.org/wsdl/">This will retreive the current TAF report for a current ICAO</documentation>
      <wsdl:input message="tns:GetTafSoapIn" />
      <wsdl:output message="tns:GetTafSoapOut" />
    </wsdl:operation>
  </wsdl:portType>
  <wsdl:binding name="getweatherSoap" type="tns:getweatherSoap">
    <soap:binding transport="http://schemas.xmlsoap.org/soap/http" style="document" />
    <wsdl:operation name="GetMetar">
      <soap:operation soapAction="http://www.weather-maker.com/GetMetar" style="document" />
      <wsdl:input>
        <soap:body use="literal" />
      </wsdl:input>
      <wsdl:output>
        <soap:body use="literal" />
      </wsdl:output>
    </wsdl:operation>
    <wsdl:operation name="GetTaf">
      <soap:operation soapAction="http://www.weather-maker.com/GetTaf" style="document" />
      <wsdl:input>
        <soap:body use="literal" />
      </wsdl:input>
      <wsdl:output>
        <soap:body use="literal" />
      </wsdl:output>
    </wsdl:operation>
  </wsdl:binding>
  <wsdl:service name="getweather">
    <documentation xmlns="http://schemas.xmlsoap.org/wsdl/">Get the current metar report for your ICAO.</documentation>
    <wsdl:port name="getweatherSoap" binding="tns:getweatherSoap">
      <soap:address location="http://www.weather-maker.com/webservices/getweather.asmx" />
    </wsdl:port>
  </wsdl:service>
</wsdl:definitions>
