<?xml version="1.0" encoding="utf-8"?>

<!--
This is the seekda cache of the WSDL definition available at http://das.ae/webservices/WorldWeather.asmx?WSDL.
seekdas cache is a snapshot that we took as we crawled the Web.
The service may have changed since the last crawl.
seekda is neither affiliated with the authors of this service nor responsible for its advertised functionality.

-->

<wsdl:definitions xmlns:soap="http://schemas.xmlsoap.org/wsdl/soap/" xmlns:tm="http://microsoft.com/wsdl/mime/textMatching/" xmlns:soapenc="http://schemas.xmlsoap.org/soap/encoding/" xmlns:mime="http://schemas.xmlsoap.org/wsdl/mime/" xmlns:tns="http://www.das.ae/webservices" xmlns:s="http://www.w3.org/2001/XMLSchema" xmlns:soap12="http://schemas.xmlsoap.org/wsdl/soap12/" xmlns:http="http://schemas.xmlsoap.org/wsdl/http/" targetNamespace="http://www.das.ae/webservices" xmlns:wsdl="http://schemas.xmlsoap.org/wsdl/">
  <wsdl:documentation xmlns:wsdl="http://schemas.xmlsoap.org/wsdl/">Welcome to &lt;a href='http://www.das.ae'&gt;DAS.AE&lt;/a&gt;, This Web service gives access to the World Weather.</wsdl:documentation>
  <wsdl:types>
    <s:schema elementFormDefault="qualified" targetNamespace="http://www.das.ae/webservices">
      <s:element name="GetCountries">
        <s:complexType />
      </s:element>
      <s:element name="GetCountriesResponse">
        <s:complexType>
          <s:sequence>
            <s:element minOccurs="0" maxOccurs="1" name="GetCountriesResult" type="tns:ArrayOfString" />
          </s:sequence>
        </s:complexType>
      </s:element>
      <s:complexType name="ArrayOfString">
        <s:sequence>
          <s:element minOccurs="0" maxOccurs="unbounded" name="string" nillable="true" type="s:string" />
        </s:sequence>
      </s:complexType>
      <s:element name="GetStationByCountry">
        <s:complexType>
          <s:sequence>
            <s:element minOccurs="0" maxOccurs="1" name="country" type="s:string" />
          </s:sequence>
        </s:complexType>
      </s:element>
      <s:element name="GetStationByCountryResponse">
        <s:complexType>
          <s:sequence>
            <s:element minOccurs="0" maxOccurs="1" name="GetStationByCountryResult" type="tns:ArrayOfStation" />
          </s:sequence>
        </s:complexType>
      </s:element>
      <s:complexType name="ArrayOfStation">
        <s:sequence>
          <s:element minOccurs="0" maxOccurs="unbounded" name="Station" nillable="true" type="tns:Station" />
        </s:sequence>
      </s:complexType>
      <s:complexType name="Station">
        <s:sequence>
          <s:element minOccurs="0" maxOccurs="1" name="icao" type="s:string" />
          <s:element minOccurs="0" maxOccurs="1" name="wmo" type="s:string" />
          <s:element minOccurs="0" maxOccurs="1" name="iata" type="s:string" />
          <s:element minOccurs="1" maxOccurs="1" name="elevation" type="s:double" />
          <s:element minOccurs="1" maxOccurs="1" name="latitude" type="s:double" />
          <s:element minOccurs="1" maxOccurs="1" name="longitude" type="s:double" />
          <s:element minOccurs="0" maxOccurs="1" name="name" type="s:string" />
          <s:element minOccurs="0" maxOccurs="1" name="region" type="s:string" />
          <s:element minOccurs="0" maxOccurs="1" name="country" type="s:string" />
          <s:element minOccurs="0" maxOccurs="1" name="string" type="s:string" />
        </s:sequence>
      </s:complexType>
      <s:element name="GetWeather">
        <s:complexType>
          <s:sequence>
            <s:element minOccurs="0" maxOccurs="1" name="code" type="s:string" />
          </s:sequence>
        </s:complexType>
      </s:element>
      <s:element name="GetWeatherResponse">
        <s:complexType>
          <s:sequence>
            <s:element minOccurs="0" maxOccurs="1" name="GetWeatherResult" type="tns:WeatherReport" />
          </s:sequence>
        </s:complexType>
      </s:element>
      <s:complexType name="WeatherReport">
        <s:sequence>
          <s:element minOccurs="1" maxOccurs="1" name="timestamp" type="s:dateTime" />
          <s:element minOccurs="0" maxOccurs="1" name="station" type="tns:Station" />
          <s:element minOccurs="0" maxOccurs="1" name="phenomena" type="tns:ArrayOfPhenomenon" />
          <s:element minOccurs="0" maxOccurs="1" name="precipitation" type="tns:ArrayOfPrecipitation" />
          <s:element minOccurs="0" maxOccurs="1" name="extremes" type="tns:ArrayOfExtreme" />
          <s:element minOccurs="0" maxOccurs="1" name="pressure" type="tns:Pressure" />
          <s:element minOccurs="0" maxOccurs="1" name="sky" type="tns:Sky" />
          <s:element minOccurs="0" maxOccurs="1" name="temperature" type="tns:Temperature" />
          <s:element minOccurs="0" maxOccurs="1" name="visibility" type="tns:Visibility" />
          <s:element minOccurs="0" maxOccurs="1" name="wind" type="tns:Wind" />
        </s:sequence>
      </s:complexType>
      <s:complexType name="ArrayOfPhenomenon">
        <s:sequence>
          <s:element minOccurs="0" maxOccurs="unbounded" name="Phenomenon" nillable="true" type="tns:Phenomenon" />
        </s:sequence>
      </s:complexType>
      <s:complexType name="Phenomenon">
        <s:sequence>
          <s:element minOccurs="1" maxOccurs="1" name="type" type="tns:PhenomenonType" />
          <s:element minOccurs="1" maxOccurs="1" name="intensity" type="tns:PhenomenonIntensity" />
          <s:element minOccurs="0" maxOccurs="1" name="string" type="s:string" />
        </s:sequence>
      </s:complexType>
      <s:simpleType name="PhenomenonType">
        <s:restriction base="s:string">
          <s:enumeration value="MIST" />
          <s:enumeration value="FOG" />
          <s:enumeration value="CLOUD" />
          <s:enumeration value="TOWERING_CUMULUS" />
          <s:enumeration value="CUMULONIMBUS" />
          <s:enumeration value="PRECIPITATION" />
          <s:enumeration value="SHOWERS" />
          <s:enumeration value="DRIZZLE" />
          <s:enumeration value="RAIN" />
          <s:enumeration value="SPRAY" />
          <s:enumeration value="DIAMOND_DUST" />
          <s:enumeration value="SNOW" />
          <s:enumeration value="SNOW_GRAINS" />
          <s:enumeration value="ICE_PELLETS" />
          <s:enumeration value="SMALL_HAIL" />
          <s:enumeration value="LARGE_HAIL" />
          <s:enumeration value="HAZE" />
          <s:enumeration value="SMOKE" />
          <s:enumeration value="DUST" />
          <s:enumeration value="SAND" />
          <s:enumeration value="VOLCANIC_ASH" />
          <s:enumeration value="WHIRLS" />
          <s:enumeration value="SQUALLS" />
          <s:enumeration value="LIGHTNING" />
          <s:enumeration value="DUSTSTORM" />
          <s:enumeration value="SANDSTORM" />
          <s:enumeration value="THUNDERSTORM" />
          <s:enumeration value="TORNADIC" />
          <s:enumeration value="UNKNOWN" />
        </s:restriction>
      </s:simpleType>
      <s:simpleType name="PhenomenonIntensity">
        <s:restriction base="s:string">
          <s:enumeration value="DISTANT" />
          <s:enumeration value="NEARBY" />
          <s:enumeration value="LIGHT" />
          <s:enumeration value="MODERATE" />
          <s:enumeration value="HEAVY" />
        </s:restriction>
      </s:simpleType>
      <s:complexType name="ArrayOfPrecipitation">
        <s:sequence>
          <s:element minOccurs="0" maxOccurs="unbounded" name="Precipitation" nillable="true" type="tns:Precipitation" />
        </s:sequence>
      </s:complexType>
      <s:complexType name="Precipitation">
        <s:sequence>
          <s:element minOccurs="1" maxOccurs="1" name="amount" type="s:double" />
          <s:element minOccurs="1" maxOccurs="1" name="hours" type="s:int" />
          <s:element minOccurs="0" maxOccurs="1" name="string" type="s:string" />
        </s:sequence>
      </s:complexType>
      <s:complexType name="ArrayOfExtreme">
        <s:sequence>
          <s:element minOccurs="0" maxOccurs="unbounded" name="Extreme" nillable="true" type="tns:Extreme" />
        </s:sequence>
      </s:complexType>
      <s:complexType name="Extreme">
        <s:sequence>
          <s:element minOccurs="0" maxOccurs="1" name="temperature" type="tns:Temperature" />
          <s:element minOccurs="1" maxOccurs="1" name="type" type="tns:ExtremeType" />
          <s:element minOccurs="1" maxOccurs="1" name="hours" type="s:int" />
          <s:element minOccurs="0" maxOccurs="1" name="string" type="s:string" />
        </s:sequence>
      </s:complexType>
      <s:complexType name="Temperature">
        <s:sequence>
          <s:element minOccurs="1" maxOccurs="1" name="ambient" type="s:double" />
          <s:element minOccurs="1" maxOccurs="1" name="dewpoint" type="s:double" />
          <s:element minOccurs="1" maxOccurs="1" name="relative_humidity" type="s:int" />
          <s:element minOccurs="0" maxOccurs="1" name="string" type="s:string" />
        </s:sequence>
      </s:complexType>
      <s:simpleType name="ExtremeType">
        <s:restriction base="s:string">
          <s:enumeration value="HIGH" />
          <s:enumeration value="LOW" />
        </s:restriction>
      </s:simpleType>
      <s:complexType name="Pressure">
        <s:sequence>
          <s:element minOccurs="1" maxOccurs="1" name="altimeter" type="s:double" />
          <s:element minOccurs="1" maxOccurs="1" name="slp" type="s:double" />
          <s:element minOccurs="1" maxOccurs="1" name="delta" type="s:double" />
          <s:element minOccurs="1" maxOccurs="1" name="delta_hours" type="s:int" />
          <s:element minOccurs="0" maxOccurs="1" name="string" type="s:string" />
        </s:sequence>
      </s:complexType>
      <s:complexType name="Sky">
        <s:sequence>
          <s:element minOccurs="1" maxOccurs="1" name="ceiling_altitude" type="s:double" />
          <s:element minOccurs="0" maxOccurs="1" name="layers" type="tns:ArrayOfLayer" />
          <s:element minOccurs="0" maxOccurs="1" name="string" type="s:string" />
        </s:sequence>
      </s:complexType>
      <s:complexType name="ArrayOfLayer">
        <s:sequence>
          <s:element minOccurs="0" maxOccurs="unbounded" name="Layer" nillable="true" type="tns:Layer" />
        </s:sequence>
      </s:complexType>
      <s:complexType name="Layer">
        <s:sequence>
          <s:element minOccurs="1" maxOccurs="1" name="altitude" type="s:double" />
          <s:element minOccurs="1" maxOccurs="1" name="extent" type="s:int" />
          <s:element minOccurs="1" maxOccurs="1" name="type" type="tns:PhenomenonType" />
          <s:element minOccurs="0" maxOccurs="1" name="string" type="s:string" />
        </s:sequence>
      </s:complexType>
      <s:complexType name="Visibility">
        <s:sequence>
          <s:element minOccurs="1" maxOccurs="1" name="distance" type="s:double" />
          <s:element minOccurs="1" maxOccurs="1" name="qualifier" type="tns:VisibilityQualifier" />
          <s:element minOccurs="0" maxOccurs="1" name="string" type="s:string" />
        </s:sequence>
      </s:complexType>
      <s:simpleType name="VisibilityQualifier">
        <s:restriction base="s:string">
          <s:enumeration value="AT" />
          <s:enumeration value="BEYOND" />
          <s:enumeration value="BELOW" />
        </s:restriction>
      </s:simpleType>
      <s:complexType name="Wind">
        <s:sequence>
          <s:element minOccurs="1" maxOccurs="1" name="prevailing_speed" type="s:double" />
          <s:element minOccurs="1" maxOccurs="1" name="gust_speed" type="s:double" />
          <s:element minOccurs="0" maxOccurs="1" name="prevailing_direction" type="tns:Direction" />
          <s:element minOccurs="0" maxOccurs="1" name="varying_from_direction" type="tns:Direction" />
          <s:element minOccurs="0" maxOccurs="1" name="varying_to_direction" type="tns:Direction" />
          <s:element minOccurs="0" maxOccurs="1" name="string" type="s:string" />
        </s:sequence>
      </s:complexType>
      <s:complexType name="Direction">
        <s:sequence>
          <s:element minOccurs="1" maxOccurs="1" name="compass" type="tns:DirectionCompass" />
          <s:element minOccurs="1" maxOccurs="1" name="degrees" type="s:int" />
          <s:element minOccurs="0" maxOccurs="1" name="string" type="s:string" />
        </s:sequence>
      </s:complexType>
      <s:simpleType name="DirectionCompass">
        <s:restriction base="s:string">
          <s:enumeration value="N" />
          <s:enumeration value="NNE" />
          <s:enumeration value="NE" />
          <s:enumeration value="ENE" />
          <s:enumeration value="E" />
          <s:enumeration value="ESE" />
          <s:enumeration value="SE" />
          <s:enumeration value="SSE" />
          <s:enumeration value="S" />
          <s:enumeration value="SSW" />
          <s:enumeration value="SW" />
          <s:enumeration value="WSW" />
          <s:enumeration value="W" />
          <s:enumeration value="WNW" />
          <s:enumeration value="NW" />
          <s:enumeration value="NNW" />
        </s:restriction>
      </s:simpleType>
    </s:schema>
  </wsdl:types>
  <wsdl:message name="GetCountriesSoapIn">
    <wsdl:part name="parameters" element="tns:GetCountries" />
  </wsdl:message>
  <wsdl:message name="GetCountriesSoapOut">
    <wsdl:part name="parameters" element="tns:GetCountriesResponse" />
  </wsdl:message>
  <wsdl:message name="GetStationByCountrySoapIn">
    <wsdl:part name="parameters" element="tns:GetStationByCountry" />
  </wsdl:message>
  <wsdl:message name="GetStationByCountrySoapOut">
    <wsdl:part name="parameters" element="tns:GetStationByCountryResponse" />
  </wsdl:message>
  <wsdl:message name="GetWeatherSoapIn">
    <wsdl:part name="parameters" element="tns:GetWeather" />
  </wsdl:message>
  <wsdl:message name="GetWeatherSoapOut">
    <wsdl:part name="parameters" element="tns:GetWeatherResponse" />
  </wsdl:message>
  <wsdl:portType name="DASWorldWeatherSoap">
    <wsdl:operation name="GetCountriesList">
      <wsdl:documentation xmlns:wsdl="http://schemas.xmlsoap.org/wsdl/">This method return the list of countries</wsdl:documentation>
      <wsdl:input name="GetCountries" message="tns:GetCountriesSoapIn" />
      <wsdl:output name="GetCountries" message="tns:GetCountriesSoapOut" />
    </wsdl:operation>
    <wsdl:operation name="GetStationByCountry">
      <wsdl:documentation xmlns:wsdl="http://schemas.xmlsoap.org/wsdl/">This method return the list of stations by country</wsdl:documentation>
      <wsdl:input message="tns:GetStationByCountrySoapIn" />
      <wsdl:output message="tns:GetStationByCountrySoapOut" />
    </wsdl:operation>
    <wsdl:operation name="GetWeather">
      <wsdl:documentation xmlns:wsdl="http://schemas.xmlsoap.org/wsdl/">This method return the weather for a specific location</wsdl:documentation>
      <wsdl:input message="tns:GetWeatherSoapIn" />
      <wsdl:output message="tns:GetWeatherSoapOut" />
    </wsdl:operation>
  </wsdl:portType>
  <wsdl:binding name="DASWorldWeatherSoap" type="tns:DASWorldWeatherSoap">
    <soap:binding transport="http://schemas.xmlsoap.org/soap/http" />
    <wsdl:operation name="GetCountriesList">
      <soap:operation soapAction="http://www.das.ae/webservices/GetCountries" style="document" />
      <wsdl:input name="GetCountries">
        <soap:body use="literal" />
      </wsdl:input>
      <wsdl:output name="GetCountries">
        <soap:body use="literal" />
      </wsdl:output>
    </wsdl:operation>
    <wsdl:operation name="GetStationByCountry">
      <soap:operation soapAction="http://www.das.ae/webservices/GetStationByCountry" style="document" />
      <wsdl:input>
        <soap:body use="literal" />
      </wsdl:input>
      <wsdl:output>
        <soap:body use="literal" />
      </wsdl:output>
    </wsdl:operation>
    <wsdl:operation name="GetWeather">
      <soap:operation soapAction="http://www.das.ae/webservices/GetWeather" style="document" />
      <wsdl:input>
        <soap:body use="literal" />
      </wsdl:input>
      <wsdl:output>
        <soap:body use="literal" />
      </wsdl:output>
    </wsdl:operation>
  </wsdl:binding>
  <wsdl:binding name="DASWorldWeatherSoap12" type="tns:DASWorldWeatherSoap">
    <soap12:binding transport="http://schemas.xmlsoap.org/soap/http" />
    <wsdl:operation name="GetCountriesList">
      <soap12:operation soapAction="http://www.das.ae/webservices/GetCountries" style="document" />
      <wsdl:input name="GetCountries">
        <soap12:body use="literal" />
      </wsdl:input>
      <wsdl:output name="GetCountries">
        <soap12:body use="literal" />
      </wsdl:output>
    </wsdl:operation>
    <wsdl:operation name="GetStationByCountry">
      <soap12:operation soapAction="http://www.das.ae/webservices/GetStationByCountry" style="document" />
      <wsdl:input>
        <soap12:body use="literal" />
      </wsdl:input>
      <wsdl:output>
        <soap12:body use="literal" />
      </wsdl:output>
    </wsdl:operation>
    <wsdl:operation name="GetWeather">
      <soap12:operation soapAction="http://www.das.ae/webservices/GetWeather" style="document" />
      <wsdl:input>
        <soap12:body use="literal" />
      </wsdl:input>
      <wsdl:output>
        <soap12:body use="literal" />
      </wsdl:output>
    </wsdl:operation>
  </wsdl:binding>
  <wsdl:service name="DASWorldWeather">
    <wsdl:documentation xmlns:wsdl="http://schemas.xmlsoap.org/wsdl/">Welcome to &lt;a href='http://www.das.ae'&gt;DAS.AE&lt;/a&gt;, This Web service gives access to the World Weather.</wsdl:documentation>
    <wsdl:port name="DASWorldWeatherSoap" binding="tns:DASWorldWeatherSoap">
      <soap:address location="http://das.ae/webservices/WorldWeather.asmx" />
    </wsdl:port>
    <wsdl:port name="DASWorldWeatherSoap12" binding="tns:DASWorldWeatherSoap12">
      <soap12:address location="http://das.ae/webservices/WorldWeather.asmx" />
    </wsdl:port>
  </wsdl:service>
</wsdl:definitions>
