<?xml version="1.0" encoding="utf-8"?>

<!--
This is the seekda cache of the WSDL definition available at http://ws.henoo.net/travelsearch.asmx?WSDL.
seekdas cache is a snapshot that we took as we crawled the Web.
The service may have changed since the last crawl.
seekda is neither affiliated with the authors of this service nor responsible for its advertised functionality.

-->

<wsdl:definitions xmlns:s16="http://ws.henoo.net/hw_get_uk_airport_list" xmlns:s7="http://ws.henoo.net/TSHolidaysSearchV2" xmlns:s15="http://ws.henoo.net/run_data_response" xmlns:s2="http://ws.henoo.net/flightSearchResponse" xmlns:s13="http://ws.henoo.net/get_data_response" xmlns:s="http://www.w3.org/2001/XMLSchema" xmlns:s9="http://ws.henoo.net/HenooHolidaysSearch" xmlns:s5="http://ws.henoo.net/TSHolidaysSearch" xmlns:s8="http://ws.henoo.net/TSHolidaysSearchResponseV2" xmlns:s10="http://ws.henoo.net/HenooHotelsSearch" xmlns:s12="http://ws.henoo.net/get_data" xmlns:s18="http://ws.henoo.net/hw_get_accommodation_package_avail" xmlns:soapenc="http://schemas.xmlsoap.org/soap/encoding/" xmlns:http="http://schemas.xmlsoap.org/wsdl/http/" xmlns:s17="http://ws.henoo.net/hw_get_accommodation_merchant_list" xmlns:s3="http://ws.henoo.net/holiday_search_v3" xmlns:soap12="http://schemas.xmlsoap.org/wsdl/soap12/" xmlns:tns="http://ts.afnt.co.uk/travelSearch" xmlns:s6="http://ws.henoo.net/TSHolidaysSearchResponse" xmlns:s1="http://ws.henoo.net/flightSearchRequest" xmlns:s11="http://ws.henoo.net/HenooHotelsSearchResponse" xmlns:mime="http://schemas.xmlsoap.org/wsdl/mime/" xmlns:tm="http://microsoft.com/wsdl/mime/textMatching/" xmlns:s4="http://ws.henoo.net/holiday_search_v3_response" xmlns:s14="http://ws.henoo.net/run_data" xmlns:soap="http://schemas.xmlsoap.org/wsdl/soap/" targetNamespace="http://ts.afnt.co.uk/travelSearch" xmlns:wsdl="http://schemas.xmlsoap.org/wsdl/">
  <wsdl:types>
    <s:schema elementFormDefault="qualified" targetNamespace="http://ts.afnt.co.uk/travelSearch">
      <s:element name="HenooSearchAirportCodes">
        <s:complexType />
      </s:element>
      <s:element name="HenooSearchAirportCodesResponse">
        <s:complexType>
          <s:sequence>
            <s:element minOccurs="0" maxOccurs="1" name="HenooSearchAirportCodesResult" type="tns:SimpleResult" />
          </s:sequence>
        </s:complexType>
      </s:element>
      <s:complexType name="SimpleResult">
        <s:sequence>
          <s:element minOccurs="0" maxOccurs="1" name="Result" type="s:string" />
        </s:sequence>
      </s:complexType>
      <s:element name="HenooSearchAccommodationCodes">
        <s:complexType />
      </s:element>
      <s:element name="HenooSearchAccommodationCodesResponse">
        <s:complexType>
          <s:sequence>
            <s:element minOccurs="0" maxOccurs="1" name="HenooSearchAccommodationCodesResult" type="tns:SimpleResult" />
          </s:sequence>
        </s:complexType>
      </s:element>
      <s:element name="search">
        <s:complexType>
          <s:sequence>
            <s:element minOccurs="1" maxOccurs="1" name="DepartureDate" type="s:dateTime" />
            <s:element minOccurs="0" maxOccurs="1" name="ArrivalPoint" type="s:string" />
            <s:element minOccurs="0" maxOccurs="1" name="DeparturePoint" type="s:string" />
            <s:element minOccurs="0" maxOccurs="1" name="Duration" type="s:string" />
            <s:element minOccurs="1" maxOccurs="1" name="AdultPax" type="s:int" />
            <s:element minOccurs="1" maxOccurs="1" name="ChildPax" type="s:int" />
            <s:element minOccurs="1" maxOccurs="1" name="InfantPax" type="s:int" />
            <s:element minOccurs="1" maxOccurs="1" name="AffiliateSiteID" type="s:int" />
            <s:element minOccurs="1" maxOccurs="1" name="Page" type="s:int" />
            <s:element minOccurs="0" maxOccurs="1" name="Extra" type="s:string" />
          </s:sequence>
        </s:complexType>
      </s:element>
      <s:element name="searchResponse">
        <s:complexType>
          <s:sequence>
            <s:element minOccurs="0" maxOccurs="1" name="searchResult" type="tns:SearchResult" />
          </s:sequence>
        </s:complexType>
      </s:element>
      <s:complexType name="SearchResult">
        <s:sequence>
          <s:element minOccurs="1" maxOccurs="1" name="DepartureDate" type="s:dateTime" />
          <s:element minOccurs="0" maxOccurs="1" name="ArrivalPoint" type="s:string" />
          <s:element minOccurs="0" maxOccurs="1" name="DeparturePoint" type="s:string" />
          <s:element minOccurs="0" maxOccurs="1" name="Duration" type="s:string" />
          <s:element minOccurs="0" maxOccurs="1" name="AdultPax" type="s:string" />
          <s:element minOccurs="0" maxOccurs="1" name="ChildPax" type="s:string" />
          <s:element minOccurs="0" maxOccurs="1" name="InfantPax" type="s:string" />
          <s:element minOccurs="1" maxOccurs="1" name="AffiliateSiteID" type="s:int" />
          <s:element minOccurs="1" maxOccurs="1" name="TotalResults" type="s:int" />
          <s:element minOccurs="1" maxOccurs="1" name="TotalPages" type="s:int" />
          <s:element minOccurs="1" maxOccurs="1" name="ItemsPerPage" type="s:int" />
          <s:element minOccurs="1" maxOccurs="1" name="StartRecord" type="s:int" />
          <s:element minOccurs="1" maxOccurs="1" name="EndRecord" type="s:int" />
          <s:element minOccurs="1" maxOccurs="1" name="CurrentPage" type="s:int" />
          <s:element minOccurs="0" maxOccurs="1" name="Results" type="s:string" />
        </s:sequence>
      </s:complexType>
      <s:element name="HolidaysSearch">
        <s:complexType>
          <s:sequence>
            <s:element minOccurs="0" maxOccurs="1" name="departurePoint" type="s:string" />
            <s:element minOccurs="0" maxOccurs="1" name="arrivalPoint" type="s:string" />
            <s:element minOccurs="0" maxOccurs="1" name="price" type="s:string" />
            <s:element minOccurs="1" maxOccurs="1" name="departureDate" type="s:dateTime" />
            <s:element minOccurs="0" maxOccurs="1" name="duration" type="s:string" />
            <s:element minOccurs="0" maxOccurs="1" name="flexibility" type="s:string" />
            <s:element minOccurs="0" maxOccurs="1" name="affiliateSiteID" type="s:string" />
            <s:element minOccurs="0" maxOccurs="1" name="pageNumber" type="s:string" />
            <s:element minOccurs="0" maxOccurs="1" name="pageLength" type="s:string" />
            <s:element minOccurs="1" maxOccurs="1" name="s_type" type="s:int" />
            <s:element minOccurs="0" maxOccurs="1" name="Extra" type="s:string" />
          </s:sequence>
        </s:complexType>
      </s:element>
      <s:element name="HolidaysSearchResponse">
        <s:complexType>
          <s:sequence>
            <s:element minOccurs="0" maxOccurs="1" name="HolidaysSearchResult" type="tns:HenooSearchResults" />
          </s:sequence>
        </s:complexType>
      </s:element>
      <s:complexType name="HenooSearchResults">
        <s:sequence>
          <s:element minOccurs="0" maxOccurs="1" name="DepartureDate" type="s:string" />
          <s:element minOccurs="0" maxOccurs="1" name="ArrivalPoint" type="s:string" />
          <s:element minOccurs="0" maxOccurs="1" name="DeparturePoint" type="s:string" />
          <s:element minOccurs="0" maxOccurs="1" name="Duration" type="s:string" />
          <s:element minOccurs="0" maxOccurs="1" name="Price" type="s:string" />
          <s:element minOccurs="1" maxOccurs="1" name="Flexibility" type="s:int" />
          <s:element minOccurs="1" maxOccurs="1" name="AffiliateSiteID" type="s:int" />
          <s:element minOccurs="1" maxOccurs="1" name="TotalResults" type="s:int" />
          <s:element minOccurs="0" maxOccurs="1" name="Results" type="s:string" />
        </s:sequence>
      </s:complexType>
      <s:element name="HolidaysSearchV2">
        <s:complexType>
          <s:sequence>
            <s:element minOccurs="0" maxOccurs="1" name="departurePoint" type="s:string" />
            <s:element minOccurs="0" maxOccurs="1" name="arrivalPoint" type="s:string" />
            <s:element minOccurs="0" maxOccurs="1" name="price" type="s:string" />
            <s:element minOccurs="1" maxOccurs="1" name="departureDate" type="s:dateTime" />
            <s:element minOccurs="0" maxOccurs="1" name="duration" type="s:string" />
            <s:element minOccurs="0" maxOccurs="1" name="flexibility" type="s:string" />
            <s:element minOccurs="0" maxOccurs="1" name="affiliateSiteID" type="s:string" />
            <s:element minOccurs="0" maxOccurs="1" name="pageNumber" type="s:string" />
            <s:element minOccurs="0" maxOccurs="1" name="pageLength" type="s:string" />
            <s:element minOccurs="1" maxOccurs="1" name="s_type" type="s:int" />
            <s:element minOccurs="0" maxOccurs="1" name="Extra" type="s:string" />
          </s:sequence>
        </s:complexType>
      </s:element>
      <s:element name="HolidaysSearchV2Response">
        <s:complexType>
          <s:sequence>
            <s:element minOccurs="0" maxOccurs="1" name="HolidaysSearchV2Result" type="tns:HenooSearchResults" />
          </s:sequence>
        </s:complexType>
      </s:element>
      <s:element name="ResultOptions">
        <s:complexType>
          <s:sequence>
            <s:element minOccurs="0" maxOccurs="1" name="departurePoint" type="s:string" />
            <s:element minOccurs="0" maxOccurs="1" name="arrivalPoint" type="s:string" />
            <s:element minOccurs="0" maxOccurs="1" name="price" type="s:string" />
            <s:element minOccurs="0" maxOccurs="1" name="departureDate" type="s:string" />
            <s:element minOccurs="0" maxOccurs="1" name="duration" type="s:string" />
            <s:element minOccurs="0" maxOccurs="1" name="flexibility" type="s:string" />
            <s:element minOccurs="0" maxOccurs="1" name="affiliateSiteID" type="s:string" />
            <s:element minOccurs="0" maxOccurs="1" name="Extra" type="s:string" />
          </s:sequence>
        </s:complexType>
      </s:element>
      <s:element name="ResultOptionsResponse">
        <s:complexType>
          <s:sequence>
            <s:element minOccurs="0" maxOccurs="1" name="ResultOptionsResult" type="tns:ResultOptionsResult" />
          </s:sequence>
        </s:complexType>
      </s:element>
      <s:complexType name="ResultOptionsResult">
        <s:sequence>
          <s:element minOccurs="1" maxOccurs="1" name="Status" type="tns:Statuses" />
          <s:element minOccurs="0" maxOccurs="1" name="durationInfo" type="s:string" />
          <s:element minOccurs="0" maxOccurs="1" name="priceInfo" type="s:string" />
          <s:element minOccurs="0" maxOccurs="1" name="OutboundDeparturePointInfo" type="s:string" />
          <s:element minOccurs="0" maxOccurs="1" name="DestinationInfo" type="s:string" />
        </s:sequence>
      </s:complexType>
      <s:simpleType name="Statuses">
        <s:restriction base="s:string">
          <s:enumeration value="Success" />
          <s:enumeration value="Failed" />
        </s:restriction>
      </s:simpleType>
      <s:element name="ResultOptionsV2">
        <s:complexType>
          <s:sequence>
            <s:element minOccurs="0" maxOccurs="1" name="departurePoint" type="s:string" />
            <s:element minOccurs="0" maxOccurs="1" name="arrivalPoint" type="s:string" />
            <s:element minOccurs="0" maxOccurs="1" name="price" type="s:string" />
            <s:element minOccurs="0" maxOccurs="1" name="departureDate" type="s:string" />
            <s:element minOccurs="0" maxOccurs="1" name="duration" type="s:string" />
            <s:element minOccurs="0" maxOccurs="1" name="flexibility" type="s:string" />
            <s:element minOccurs="0" maxOccurs="1" name="affiliateSiteID" type="s:string" />
            <s:element minOccurs="0" maxOccurs="1" name="Extra" type="s:string" />
          </s:sequence>
        </s:complexType>
      </s:element>
      <s:element name="ResultOptionsV2Response">
        <s:complexType>
          <s:sequence>
            <s:element minOccurs="0" maxOccurs="1" name="ResultOptionsV2Result" type="tns:ResultOptionsResult" />
          </s:sequence>
        </s:complexType>
      </s:element>
      <s:element name="HolidayDetails">
        <s:complexType>
          <s:sequence>
            <s:element minOccurs="1" maxOccurs="1" name="HolidayID" type="s:int" />
          </s:sequence>
        </s:complexType>
      </s:element>
      <s:element name="HolidayDetailsResponse">
        <s:complexType>
          <s:sequence>
            <s:element minOccurs="0" maxOccurs="1" name="HolidayDetailsResult" type="tns:HolidayDetailsResult" />
          </s:sequence>
        </s:complexType>
      </s:element>
      <s:complexType name="HolidayDetailsResult">
        <s:sequence>
          <s:element minOccurs="1" maxOccurs="1" name="Status" type="tns:Statuses" />
          <s:element minOccurs="0" maxOccurs="1" name="gInfo" type="s:string" />
          <s:element minOccurs="0" maxOccurs="1" name="Images" type="s:string" />
          <s:element minOccurs="0" maxOccurs="1" name="ImagesThumbs" type="s:string" />
        </s:sequence>
      </s:complexType>
      <s:element name="HolidayDetailsV2">
        <s:complexType>
          <s:sequence>
            <s:element minOccurs="0" maxOccurs="1" name="HolidayID" type="s:string" />
            <s:element minOccurs="0" maxOccurs="1" name="company" type="s:string" />
          </s:sequence>
        </s:complexType>
      </s:element>
      <s:element name="HolidayDetailsV2Response">
        <s:complexType>
          <s:sequence>
            <s:element minOccurs="0" maxOccurs="1" name="HolidayDetailsV2Result" type="tns:HolidayDetailsResult" />
          </s:sequence>
        </s:complexType>
      </s:element>
      <s:element name="HenooHotels_destinations">
        <s:complexType>
          <s:sequence>
            <s:element minOccurs="1" maxOccurs="1" name="leveltype" type="s:int" />
            <s:element minOccurs="1" maxOccurs="1" name="levelid" type="s:int" />
          </s:sequence>
        </s:complexType>
      </s:element>
      <s:element name="HenooHotels_destinationsResponse">
        <s:complexType>
          <s:sequence>
            <s:element minOccurs="0" maxOccurs="1" name="HenooHotels_destinationsResult" type="tns:SimpleResult" />
          </s:sequence>
        </s:complexType>
      </s:element>
      <s:element name="HenooHotels_destinationsV2">
        <s:complexType>
          <s:sequence>
            <s:element minOccurs="1" maxOccurs="1" name="leveltype" type="s:int" />
            <s:element minOccurs="1" maxOccurs="1" name="levelid" type="s:int" />
          </s:sequence>
        </s:complexType>
      </s:element>
      <s:element name="HenooHotels_destinationsV2Response">
        <s:complexType>
          <s:sequence>
            <s:element minOccurs="0" maxOccurs="1" name="HenooHotels_destinationsV2Result" type="tns:SimpleResult" />
          </s:sequence>
        </s:complexType>
      </s:element>
      <s:element name="HenooHotels_lowcostbeds">
        <s:complexType />
      </s:element>
      <s:element name="HenooHotels_lowcostbedsResponse">
        <s:complexType>
          <s:sequence>
            <s:element minOccurs="0" maxOccurs="1" name="HenooHotels_lowcostbedsResult" type="tns:SimpleResult" />
          </s:sequence>
        </s:complexType>
      </s:element>
      <s:element name="SimpleResult" nillable="true" type="tns:SimpleResult" />
      <s:element name="SearchResult" nillable="true" type="tns:SearchResult" />
      <s:element name="HenooSearchResults" nillable="true" type="tns:HenooSearchResults" />
      <s:element name="string" nillable="true" type="s:string" />
      <s:element name="ResultOptionsResult" nillable="true" type="tns:ResultOptionsResult" />
      <s:element name="HolidayDetailsResult" nillable="true" type="tns:HolidayDetailsResult" />
      <s:element name="anyType" nillable="true" />
    </s:schema>
    <s:schema elementFormDefault="qualified" targetNamespace="http://ws.henoo.net/flightSearchRequest">
      <s:element name="getAvailability">
        <s:complexType>
          <s:sequence>
            <s:element minOccurs="0" maxOccurs="1" name="departureAirport" type="s:string" />
            <s:element minOccurs="0" maxOccurs="1" name="arrivalAirport" type="s:string" />
            <s:element minOccurs="0" maxOccurs="1" name="deptDate" type="s:string" />
            <s:element minOccurs="0" maxOccurs="1" name="retDate" type="s:string" />
            <s:element minOccurs="0" maxOccurs="1" name="nbAdults" type="s:string" />
            <s:element minOccurs="0" maxOccurs="1" name="nbChilds" type="s:string" />
            <s:element minOccurs="0" maxOccurs="1" name="nbBabies" type="s:string" />
            <s:element minOccurs="0" maxOccurs="1" name="ticketClass" type="s:string" />
            <s:element minOccurs="0" maxOccurs="1" name="type" type="s:string" />
            <s:element minOccurs="0" maxOccurs="1" name="direct" type="s:string" />
            <s:element minOccurs="0" maxOccurs="1" name="airline" type="s:string" />
            <s:element minOccurs="0" maxOccurs="1" name="flexibility" type="s:string" />
          </s:sequence>
        </s:complexType>
      </s:element>
    </s:schema>
    <s:schema elementFormDefault="qualified" targetNamespace="http://ws.henoo.net/flightSearchResponse">
      <s:element name="flightSearchResponse">
        <s:complexType>
          <s:sequence>
            <s:element minOccurs="0" maxOccurs="1" name="FlightSearchResult">
              <s:complexType mixed="true">
                <s:sequence>
                  <s:any />
                </s:sequence>
              </s:complexType>
            </s:element>
          </s:sequence>
        </s:complexType>
      </s:element>
    </s:schema>
    <s:schema elementFormDefault="qualified" targetNamespace="http://ws.henoo.net/holiday_search_v3">
      <s:element name="holiday_search_v3">
        <s:complexType>
          <s:sequence>
            <s:element minOccurs="0" maxOccurs="1" name="departurePoint" type="s:string" />
            <s:element minOccurs="0" maxOccurs="1" name="accommodationcode" type="s:string" />
            <s:element minOccurs="0" maxOccurs="1" name="price" type="s:string" />
            <s:element minOccurs="1" maxOccurs="1" name="departureDate" type="s:dateTime" />
            <s:element minOccurs="0" maxOccurs="1" name="duration" type="s:string" />
            <s:element minOccurs="0" maxOccurs="1" name="flexibility" type="s:string" />
            <s:element minOccurs="0" maxOccurs="1" name="affiliateSiteID" type="s:string" />
            <s:element minOccurs="0" maxOccurs="1" name="pageNumber" type="s:string" />
            <s:element minOccurs="0" maxOccurs="1" name="pageLength" type="s:string" />
            <s:element minOccurs="0" maxOccurs="1" name="companyName" type="s:string" />
            <s:element minOccurs="1" maxOccurs="1" name="s_type" type="s:int" />
            <s:element minOccurs="0" maxOccurs="1" name="Extra" type="s:string" />
          </s:sequence>
        </s:complexType>
      </s:element>
    </s:schema>
    <s:schema elementFormDefault="qualified" targetNamespace="http://ws.henoo.net/holiday_search_v3_response">
      <s:element name="holiday_search_v3_response">
        <s:complexType>
          <s:sequence>
            <s:element minOccurs="0" maxOccurs="1" name="HolidaysSearchV3Result" type="s:string" />
          </s:sequence>
        </s:complexType>
      </s:element>
    </s:schema>
    <s:schema elementFormDefault="qualified" targetNamespace="http://ws.henoo.net/TSHolidaysSearch">
      <s:element name="TSHolidaysSearch">
        <s:complexType>
          <s:sequence>
            <s:element minOccurs="0" maxOccurs="1" name="ProviderName" type="s:string" />
            <s:element minOccurs="0" maxOccurs="1" name="departurePoint" type="s:string" />
            <s:element minOccurs="0" maxOccurs="1" name="arrivalPoint" type="s:string" />
            <s:element minOccurs="0" maxOccurs="1" name="price" type="s:string" />
            <s:element minOccurs="0" maxOccurs="1" name="departureDate" type="s:string" />
            <s:element minOccurs="0" maxOccurs="1" name="duration" type="s:string" />
            <s:element minOccurs="0" maxOccurs="1" name="flexibility" type="s:string" />
          </s:sequence>
        </s:complexType>
      </s:element>
    </s:schema>
    <s:schema elementFormDefault="qualified" targetNamespace="http://ws.henoo.net/TSHolidaysSearchResponse">
      <s:element name="TSHolidaysSearchResponse">
        <s:complexType>
          <s:sequence>
            <s:element minOccurs="0" maxOccurs="1" name="TSSuperMarketResult">
              <s:complexType mixed="true">
                <s:sequence>
                  <s:any />
                </s:sequence>
              </s:complexType>
            </s:element>
          </s:sequence>
        </s:complexType>
      </s:element>
    </s:schema>
    <s:schema elementFormDefault="qualified" targetNamespace="http://ws.henoo.net/TSHolidaysSearchV2">
      <s:element name="TSHolidaysSearchV2">
        <s:complexType>
          <s:sequence>
            <s:element minOccurs="0" maxOccurs="1" name="ProviderName" type="s:string" />
            <s:element minOccurs="0" maxOccurs="1" name="departurePoint" type="s:string" />
            <s:element minOccurs="0" maxOccurs="1" name="arrivalPoint" type="s:string" />
            <s:element minOccurs="0" maxOccurs="1" name="price" type="s:string" />
            <s:element minOccurs="0" maxOccurs="1" name="departureDate" type="s:string" />
            <s:element minOccurs="0" maxOccurs="1" name="duration" type="s:string" />
            <s:element minOccurs="0" maxOccurs="1" name="flexibility" type="s:string" />
            <s:element minOccurs="0" maxOccurs="1" name="adults" type="s:string" />
            <s:element minOccurs="0" maxOccurs="1" name="children" type="s:string" />
            <s:element minOccurs="0" maxOccurs="1" name="infants" type="s:string" />
          </s:sequence>
        </s:complexType>
      </s:element>
    </s:schema>
    <s:schema elementFormDefault="qualified" targetNamespace="http://ws.henoo.net/TSHolidaysSearchResponseV2">
      <s:element name="TSHolidaysSearchResponseV2">
        <s:complexType>
          <s:sequence>
            <s:element minOccurs="0" maxOccurs="1" name="TSSuperMarketV2Result">
              <s:complexType mixed="true">
                <s:sequence>
                  <s:any />
                </s:sequence>
              </s:complexType>
            </s:element>
          </s:sequence>
        </s:complexType>
      </s:element>
    </s:schema>
    <s:schema elementFormDefault="qualified" targetNamespace="http://ws.henoo.net/HenooHolidaysSearch">
      <s:element name="HenooHolidaysSearch">
        <s:complexType>
          <s:sequence>
            <s:element minOccurs="0" maxOccurs="1" name="ProviderName" type="s:string" />
            <s:element minOccurs="0" maxOccurs="1" name="departurePoint" type="s:string" />
            <s:element minOccurs="0" maxOccurs="1" name="arrivalPoint" type="s:string" />
            <s:element minOccurs="0" maxOccurs="1" name="price" type="s:string" />
            <s:element minOccurs="0" maxOccurs="1" name="departureDate" type="s:string" />
            <s:element minOccurs="0" maxOccurs="1" name="duration" type="s:string" />
            <s:element minOccurs="0" maxOccurs="1" name="flexibility" type="s:string" />
            <s:element minOccurs="0" maxOccurs="1" name="User" type="s:string" />
            <s:element minOccurs="0" maxOccurs="1" name="password" type="s:string" />
          </s:sequence>
        </s:complexType>
      </s:element>
      <s:element name="HenooHolidaysSearchResponse">
        <s:complexType>
          <s:sequence>
            <s:element minOccurs="0" maxOccurs="1" name="HenooHolidaysSearchResult">
              <s:complexType mixed="true">
                <s:sequence>
                  <s:any />
                </s:sequence>
              </s:complexType>
            </s:element>
          </s:sequence>
        </s:complexType>
      </s:element>
    </s:schema>
    <s:schema elementFormDefault="qualified" targetNamespace="http://ws.henoo.net/HenooHotelsSearch">
      <s:element name="HenooHotelsSearch">
        <s:complexType>
          <s:sequence>
            <s:element minOccurs="1" maxOccurs="1" name="levelid" type="s:int" />
            <s:element minOccurs="0" maxOccurs="1" name="levelname" type="s:string" />
            <s:element minOccurs="0" maxOccurs="1" name="checkindate" type="s:string" />
            <s:element minOccurs="0" maxOccurs="1" name="checkoutdate" type="s:string" />
            <s:element minOccurs="1" maxOccurs="1" name="pageNumber" type="s:int" />
            <s:element minOccurs="1" maxOccurs="1" name="PageLength" type="s:int" />
            <s:element minOccurs="0" maxOccurs="1" name="sortby" type="s:string" />
            <s:element minOccurs="0" maxOccurs="1" name="sortdirection" type="s:string" />
          </s:sequence>
        </s:complexType>
      </s:element>
    </s:schema>
    <s:schema elementFormDefault="qualified" targetNamespace="http://ws.henoo.net/HenooHotelsSearchResponse">
      <s:element name="HenooHotelsSearchResponse">
        <s:complexType>
          <s:sequence>
            <s:element minOccurs="0" maxOccurs="1" name="HenoohotelsSearchResult">
              <s:complexType mixed="true">
                <s:sequence>
                  <s:any />
                </s:sequence>
              </s:complexType>
            </s:element>
          </s:sequence>
        </s:complexType>
      </s:element>
    </s:schema>
    <s:schema elementFormDefault="qualified" targetNamespace="http://ws.henoo.net/get_data">
      <s:element name="get_data">
        <s:complexType>
          <s:sequence>
            <s:element minOccurs="0" maxOccurs="1" name="sp_one" type="s:string" />
            <s:element minOccurs="0" maxOccurs="1" name="pm_one" type="s:string" />
            <s:element minOccurs="0" maxOccurs="1" name="c_one" type="s:string" />
            <s:element minOccurs="0" maxOccurs="1" name="user" type="s:string" />
            <s:element minOccurs="0" maxOccurs="1" name="pw" type="s:string" />
          </s:sequence>
        </s:complexType>
      </s:element>
    </s:schema>
    <s:schema elementFormDefault="qualified" targetNamespace="http://ws.henoo.net/get_data_response">
      <s:element name="get_data_response">
        <s:complexType>
          <s:sequence>
            <s:element minOccurs="0" maxOccurs="1" name="get_dataResult" />
          </s:sequence>
        </s:complexType>
      </s:element>
    </s:schema>
    <s:schema elementFormDefault="qualified" targetNamespace="http://ws.henoo.net/run_data">
      <s:element name="run_data">
        <s:complexType>
          <s:sequence>
            <s:element minOccurs="0" maxOccurs="1" name="sp_one" type="s:string" />
            <s:element minOccurs="0" maxOccurs="1" name="pm_one" type="s:string" />
            <s:element minOccurs="0" maxOccurs="1" name="c_one" type="s:string" />
            <s:element minOccurs="0" maxOccurs="1" name="user" type="s:string" />
            <s:element minOccurs="0" maxOccurs="1" name="pw" type="s:string" />
          </s:sequence>
        </s:complexType>
      </s:element>
    </s:schema>
    <s:schema elementFormDefault="qualified" targetNamespace="http://ws.henoo.net/run_data_response">
      <s:element name="run_data_response">
        <s:complexType>
          <s:sequence>
            <s:element minOccurs="0" maxOccurs="1" name="run_dataResult" />
          </s:sequence>
        </s:complexType>
      </s:element>
    </s:schema>
    <s:schema elementFormDefault="qualified" targetNamespace="http://ws.henoo.net/hw_get_uk_airport_list">
      <s:element name="hw_get_uk_airport_list">
        <s:complexType>
          <s:sequence>
            <s:element minOccurs="0" maxOccurs="1" name="User" type="s:string" />
            <s:element minOccurs="0" maxOccurs="1" name="password" type="s:string" />
          </s:sequence>
        </s:complexType>
      </s:element>
      <s:element name="hw_get_uk_airport_listResponse">
        <s:complexType>
          <s:sequence>
            <s:element minOccurs="0" maxOccurs="1" name="getUKAirportListResult">
              <s:complexType mixed="true">
                <s:sequence>
                  <s:any />
                </s:sequence>
              </s:complexType>
            </s:element>
          </s:sequence>
        </s:complexType>
      </s:element>
    </s:schema>
    <s:schema elementFormDefault="qualified" targetNamespace="http://ws.henoo.net/hw_get_accommodation_merchant_list">
      <s:element name="hw_get_accommodation_merchant_list">
        <s:complexType>
          <s:sequence>
            <s:element minOccurs="1" maxOccurs="1" name="aid" type="s:int" />
            <s:element minOccurs="0" maxOccurs="1" name="User" type="s:string" />
            <s:element minOccurs="0" maxOccurs="1" name="password" type="s:string" />
          </s:sequence>
        </s:complexType>
      </s:element>
      <s:element name="hw_get_accommodation_merchant_listResponse">
        <s:complexType>
          <s:sequence>
            <s:element minOccurs="0" maxOccurs="1" name="getAccomMerchantsResult">
              <s:complexType mixed="true">
                <s:sequence>
                  <s:any />
                </s:sequence>
              </s:complexType>
            </s:element>
          </s:sequence>
        </s:complexType>
      </s:element>
    </s:schema>
    <s:schema elementFormDefault="qualified" targetNamespace="http://ws.henoo.net/hw_get_accommodation_package_avail">
      <s:element name="hw_get_accommodation_package_avail">
        <s:complexType>
          <s:sequence>
            <s:element minOccurs="1" maxOccurs="1" name="aid" type="s:int" />
            <s:element minOccurs="0" maxOccurs="1" name="depdate" type="s:string" />
            <s:element minOccurs="0" maxOccurs="1" name="duration" type="s:string" />
            <s:element minOccurs="0" maxOccurs="1" name="depairp" type="s:string" />
            <s:element minOccurs="1" maxOccurs="1" name="plusminus" type="s:int" />
            <s:element minOccurs="0" maxOccurs="1" name="User" type="s:string" />
            <s:element minOccurs="0" maxOccurs="1" name="password" type="s:string" />
          </s:sequence>
        </s:complexType>
      </s:element>
      <s:element name="hw_get_accommodation_package_availResponse">
        <s:complexType>
          <s:sequence>
            <s:element minOccurs="0" maxOccurs="1" name="getAccomPackageAvailResult">
              <s:complexType mixed="true">
                <s:sequence>
                  <s:any />
                </s:sequence>
              </s:complexType>
            </s:element>
          </s:sequence>
        </s:complexType>
      </s:element>
    </s:schema>
  </wsdl:types>
  <wsdl:message name="HenooSearchAirportCodesSoapIn">
    <wsdl:part name="parameters" element="tns:HenooSearchAirportCodes" />
  </wsdl:message>
  <wsdl:message name="HenooSearchAirportCodesSoapOut">
    <wsdl:part name="parameters" element="tns:HenooSearchAirportCodesResponse" />
  </wsdl:message>
  <wsdl:message name="HenooSearchAccommodationCodesSoapIn">
    <wsdl:part name="parameters" element="tns:HenooSearchAccommodationCodes" />
  </wsdl:message>
  <wsdl:message name="HenooSearchAccommodationCodesSoapOut">
    <wsdl:part name="parameters" element="tns:HenooSearchAccommodationCodesResponse" />
  </wsdl:message>
  <wsdl:message name="searchSoapIn">
    <wsdl:part name="parameters" element="tns:search" />
  </wsdl:message>
  <wsdl:message name="searchSoapOut">
    <wsdl:part name="parameters" element="tns:searchResponse" />
  </wsdl:message>
  <wsdl:message name="FlightSearchSoapIn">
    <wsdl:part name="parameters" element="s1:getAvailability" />
  </wsdl:message>
  <wsdl:message name="FlightSearchSoapOut">
    <wsdl:part name="parameters" element="s2:flightSearchResponse" />
  </wsdl:message>
  <wsdl:message name="HolidaysSearchSoapIn">
    <wsdl:part name="parameters" element="tns:HolidaysSearch" />
  </wsdl:message>
  <wsdl:message name="HolidaysSearchSoapOut">
    <wsdl:part name="parameters" element="tns:HolidaysSearchResponse" />
  </wsdl:message>
  <wsdl:message name="HolidaysSearchV2SoapIn">
    <wsdl:part name="parameters" element="tns:HolidaysSearchV2" />
  </wsdl:message>
  <wsdl:message name="HolidaysSearchV2SoapOut">
    <wsdl:part name="parameters" element="tns:HolidaysSearchV2Response" />
  </wsdl:message>
  <wsdl:message name="HolidaysSearchV3SoapIn">
    <wsdl:part name="parameters" element="s3:holiday_search_v3" />
  </wsdl:message>
  <wsdl:message name="HolidaysSearchV3SoapOut">
    <wsdl:part name="parameters" element="s4:holiday_search_v3_response" />
  </wsdl:message>
  <wsdl:message name="TSSuperMarketSoapIn">
    <wsdl:part name="parameters" element="s5:TSHolidaysSearch" />
  </wsdl:message>
  <wsdl:message name="TSSuperMarketSoapOut">
    <wsdl:part name="parameters" element="s6:TSHolidaysSearchResponse" />
  </wsdl:message>
  <wsdl:message name="TSSuperMarketV2SoapIn">
    <wsdl:part name="parameters" element="s7:TSHolidaysSearchV2" />
  </wsdl:message>
  <wsdl:message name="TSSuperMarketV2SoapOut">
    <wsdl:part name="parameters" element="s8:TSHolidaysSearchResponseV2" />
  </wsdl:message>
  <wsdl:message name="HenooHolidaysSearchSoapIn">
    <wsdl:part name="parameters" element="s9:HenooHolidaysSearch" />
  </wsdl:message>
  <wsdl:message name="HenooHolidaysSearchSoapOut">
    <wsdl:part name="parameters" element="s9:HenooHolidaysSearchResponse" />
  </wsdl:message>
  <wsdl:message name="ResultOptionsSoapIn">
    <wsdl:part name="parameters" element="tns:ResultOptions" />
  </wsdl:message>
  <wsdl:message name="ResultOptionsSoapOut">
    <wsdl:part name="parameters" element="tns:ResultOptionsResponse" />
  </wsdl:message>
  <wsdl:message name="ResultOptionsV2SoapIn">
    <wsdl:part name="parameters" element="tns:ResultOptionsV2" />
  </wsdl:message>
  <wsdl:message name="ResultOptionsV2SoapOut">
    <wsdl:part name="parameters" element="tns:ResultOptionsV2Response" />
  </wsdl:message>
  <wsdl:message name="HolidayDetailsSoapIn">
    <wsdl:part name="parameters" element="tns:HolidayDetails" />
  </wsdl:message>
  <wsdl:message name="HolidayDetailsSoapOut">
    <wsdl:part name="parameters" element="tns:HolidayDetailsResponse" />
  </wsdl:message>
  <wsdl:message name="HolidayDetailsV2SoapIn">
    <wsdl:part name="parameters" element="tns:HolidayDetailsV2" />
  </wsdl:message>
  <wsdl:message name="HolidayDetailsV2SoapOut">
    <wsdl:part name="parameters" element="tns:HolidayDetailsV2Response" />
  </wsdl:message>
  <wsdl:message name="HenoohotelsSearchSoapIn">
    <wsdl:part name="parameters" element="s10:HenooHotelsSearch" />
  </wsdl:message>
  <wsdl:message name="HenoohotelsSearchSoapOut">
    <wsdl:part name="parameters" element="s11:HenooHotelsSearchResponse" />
  </wsdl:message>
  <wsdl:message name="HenooHotels_destinationsSoapIn">
    <wsdl:part name="parameters" element="tns:HenooHotels_destinations" />
  </wsdl:message>
  <wsdl:message name="HenooHotels_destinationsSoapOut">
    <wsdl:part name="parameters" element="tns:HenooHotels_destinationsResponse" />
  </wsdl:message>
  <wsdl:message name="HenooHotels_destinationsV2SoapIn">
    <wsdl:part name="parameters" element="tns:HenooHotels_destinationsV2" />
  </wsdl:message>
  <wsdl:message name="HenooHotels_destinationsV2SoapOut">
    <wsdl:part name="parameters" element="tns:HenooHotels_destinationsV2Response" />
  </wsdl:message>
  <wsdl:message name="HenooHotels_lowcostbedsSoapIn">
    <wsdl:part name="parameters" element="tns:HenooHotels_lowcostbeds" />
  </wsdl:message>
  <wsdl:message name="HenooHotels_lowcostbedsSoapOut">
    <wsdl:part name="parameters" element="tns:HenooHotels_lowcostbedsResponse" />
  </wsdl:message>
  <wsdl:message name="get_dataSoapIn">
    <wsdl:part name="parameters" element="s12:get_data" />
  </wsdl:message>
  <wsdl:message name="get_dataSoapOut">
    <wsdl:part name="parameters" element="s13:get_data_response" />
  </wsdl:message>
  <wsdl:message name="run_dataSoapIn">
    <wsdl:part name="parameters" element="s14:run_data" />
  </wsdl:message>
  <wsdl:message name="run_dataSoapOut">
    <wsdl:part name="parameters" element="s15:run_data_response" />
  </wsdl:message>
  <wsdl:message name="getUKAirportListSoapIn">
    <wsdl:part name="parameters" element="s16:hw_get_uk_airport_list" />
  </wsdl:message>
  <wsdl:message name="getUKAirportListSoapOut">
    <wsdl:part name="parameters" element="s16:hw_get_uk_airport_listResponse" />
  </wsdl:message>
  <wsdl:message name="getAccomMerchantsSoapIn">
    <wsdl:part name="parameters" element="s17:hw_get_accommodation_merchant_list" />
  </wsdl:message>
  <wsdl:message name="getAccomMerchantsSoapOut">
    <wsdl:part name="parameters" element="s17:hw_get_accommodation_merchant_listResponse" />
  </wsdl:message>
  <wsdl:message name="getAccomPackageAvailSoapIn">
    <wsdl:part name="parameters" element="s18:hw_get_accommodation_package_avail" />
  </wsdl:message>
  <wsdl:message name="getAccomPackageAvailSoapOut">
    <wsdl:part name="parameters" element="s18:hw_get_accommodation_package_availResponse" />
  </wsdl:message>
  <wsdl:message name="HenooSearchAirportCodesHttpPostIn" />
  <wsdl:message name="HenooSearchAirportCodesHttpPostOut">
    <wsdl:part name="Body" element="tns:SimpleResult" />
  </wsdl:message>
  <wsdl:message name="HenooSearchAccommodationCodesHttpPostIn" />
  <wsdl:message name="HenooSearchAccommodationCodesHttpPostOut">
    <wsdl:part name="Body" element="tns:SimpleResult" />
  </wsdl:message>
  <wsdl:message name="searchHttpPostIn">
    <wsdl:part name="DepartureDate" type="s:string" />
    <wsdl:part name="ArrivalPoint" type="s:string" />
    <wsdl:part name="DeparturePoint" type="s:string" />
    <wsdl:part name="Duration" type="s:string" />
    <wsdl:part name="AdultPax" type="s:string" />
    <wsdl:part name="ChildPax" type="s:string" />
    <wsdl:part name="InfantPax" type="s:string" />
    <wsdl:part name="AffiliateSiteID" type="s:string" />
    <wsdl:part name="Page" type="s:string" />
    <wsdl:part name="Extra" type="s:string" />
  </wsdl:message>
  <wsdl:message name="searchHttpPostOut">
    <wsdl:part name="Body" element="tns:SearchResult" />
  </wsdl:message>
  <wsdl:message name="FlightSearchHttpPostIn">
    <wsdl:part name="departureAirport" type="s:string" />
    <wsdl:part name="arrivalAirport" type="s:string" />
    <wsdl:part name="deptDate" type="s:string" />
    <wsdl:part name="retDate" type="s:string" />
    <wsdl:part name="nbAdults" type="s:string" />
    <wsdl:part name="nbChilds" type="s:string" />
    <wsdl:part name="nbBabies" type="s:string" />
    <wsdl:part name="ticketClass" type="s:string" />
    <wsdl:part name="type" type="s:string" />
    <wsdl:part name="direct" type="s:string" />
    <wsdl:part name="airline" type="s:string" />
    <wsdl:part name="flexibility" type="s:string" />
  </wsdl:message>
  <wsdl:message name="FlightSearchHttpPostOut">
    <wsdl:part name="Body" />
  </wsdl:message>
  <wsdl:message name="HolidaysSearchHttpPostIn">
    <wsdl:part name="departurePoint" type="s:string" />
    <wsdl:part name="arrivalPoint" type="s:string" />
    <wsdl:part name="price" type="s:string" />
    <wsdl:part name="departureDate" type="s:string" />
    <wsdl:part name="duration" type="s:string" />
    <wsdl:part name="flexibility" type="s:string" />
    <wsdl:part name="affiliateSiteID" type="s:string" />
    <wsdl:part name="pageNumber" type="s:string" />
    <wsdl:part name="pageLength" type="s:string" />
    <wsdl:part name="s_type" type="s:string" />
    <wsdl:part name="Extra" type="s:string" />
  </wsdl:message>
  <wsdl:message name="HolidaysSearchHttpPostOut">
    <wsdl:part name="Body" element="tns:HenooSearchResults" />
  </wsdl:message>
  <wsdl:message name="HolidaysSearchV2HttpPostIn">
    <wsdl:part name="departurePoint" type="s:string" />
    <wsdl:part name="arrivalPoint" type="s:string" />
    <wsdl:part name="price" type="s:string" />
    <wsdl:part name="departureDate" type="s:string" />
    <wsdl:part name="duration" type="s:string" />
    <wsdl:part name="flexibility" type="s:string" />
    <wsdl:part name="affiliateSiteID" type="s:string" />
    <wsdl:part name="pageNumber" type="s:string" />
    <wsdl:part name="pageLength" type="s:string" />
    <wsdl:part name="s_type" type="s:string" />
    <wsdl:part name="Extra" type="s:string" />
  </wsdl:message>
  <wsdl:message name="HolidaysSearchV2HttpPostOut">
    <wsdl:part name="Body" element="tns:HenooSearchResults" />
  </wsdl:message>
  <wsdl:message name="HolidaysSearchV3HttpPostIn">
    <wsdl:part name="departurePoint" type="s:string" />
    <wsdl:part name="accommodationcode" type="s:string" />
    <wsdl:part name="price" type="s:string" />
    <wsdl:part name="departureDate" type="s:string" />
    <wsdl:part name="duration" type="s:string" />
    <wsdl:part name="flexibility" type="s:string" />
    <wsdl:part name="affiliateSiteID" type="s:string" />
    <wsdl:part name="pageNumber" type="s:string" />
    <wsdl:part name="pageLength" type="s:string" />
    <wsdl:part name="companyName" type="s:string" />
    <wsdl:part name="s_type" type="s:string" />
    <wsdl:part name="Extra" type="s:string" />
  </wsdl:message>
  <wsdl:message name="HolidaysSearchV3HttpPostOut">
    <wsdl:part name="Body" element="tns:string" />
  </wsdl:message>
  <wsdl:message name="TSSuperMarketHttpPostIn">
    <wsdl:part name="ProviderName" type="s:string" />
    <wsdl:part name="departurePoint" type="s:string" />
    <wsdl:part name="arrivalPoint" type="s:string" />
    <wsdl:part name="price" type="s:string" />
    <wsdl:part name="departureDate" type="s:string" />
    <wsdl:part name="duration" type="s:string" />
    <wsdl:part name="flexibility" type="s:string" />
  </wsdl:message>
  <wsdl:message name="TSSuperMarketHttpPostOut">
    <wsdl:part name="Body" />
  </wsdl:message>
  <wsdl:message name="TSSuperMarketV2HttpPostIn">
    <wsdl:part name="ProviderName" type="s:string" />
    <wsdl:part name="departurePoint" type="s:string" />
    <wsdl:part name="arrivalPoint" type="s:string" />
    <wsdl:part name="price" type="s:string" />
    <wsdl:part name="departureDate" type="s:string" />
    <wsdl:part name="duration" type="s:string" />
    <wsdl:part name="flexibility" type="s:string" />
    <wsdl:part name="adults" type="s:string" />
    <wsdl:part name="children" type="s:string" />
    <wsdl:part name="infants" type="s:string" />
  </wsdl:message>
  <wsdl:message name="TSSuperMarketV2HttpPostOut">
    <wsdl:part name="Body" />
  </wsdl:message>
  <wsdl:message name="HenooHolidaysSearchHttpPostIn">
    <wsdl:part name="ProviderName" type="s:string" />
    <wsdl:part name="departurePoint" type="s:string" />
    <wsdl:part name="arrivalPoint" type="s:string" />
    <wsdl:part name="price" type="s:string" />
    <wsdl:part name="departureDate" type="s:string" />
    <wsdl:part name="duration" type="s:string" />
    <wsdl:part name="flexibility" type="s:string" />
    <wsdl:part name="User" type="s:string" />
    <wsdl:part name="password" type="s:string" />
  </wsdl:message>
  <wsdl:message name="HenooHolidaysSearchHttpPostOut">
    <wsdl:part name="Body" />
  </wsdl:message>
  <wsdl:message name="ResultOptionsHttpPostIn">
    <wsdl:part name="departurePoint" type="s:string" />
    <wsdl:part name="arrivalPoint" type="s:string" />
    <wsdl:part name="price" type="s:string" />
    <wsdl:part name="departureDate" type="s:string" />
    <wsdl:part name="duration" type="s:string" />
    <wsdl:part name="flexibility" type="s:string" />
    <wsdl:part name="affiliateSiteID" type="s:string" />
    <wsdl:part name="Extra" type="s:string" />
  </wsdl:message>
  <wsdl:message name="ResultOptionsHttpPostOut">
    <wsdl:part name="Body" element="tns:ResultOptionsResult" />
  </wsdl:message>
  <wsdl:message name="ResultOptionsV2HttpPostIn">
    <wsdl:part name="departurePoint" type="s:string" />
    <wsdl:part name="arrivalPoint" type="s:string" />
    <wsdl:part name="price" type="s:string" />
    <wsdl:part name="departureDate" type="s:string" />
    <wsdl:part name="duration" type="s:string" />
    <wsdl:part name="flexibility" type="s:string" />
    <wsdl:part name="affiliateSiteID" type="s:string" />
    <wsdl:part name="Extra" type="s:string" />
  </wsdl:message>
  <wsdl:message name="ResultOptionsV2HttpPostOut">
    <wsdl:part name="Body" element="tns:ResultOptionsResult" />
  </wsdl:message>
  <wsdl:message name="HolidayDetailsHttpPostIn">
    <wsdl:part name="HolidayID" type="s:string" />
  </wsdl:message>
  <wsdl:message name="HolidayDetailsHttpPostOut">
    <wsdl:part name="Body" element="tns:HolidayDetailsResult" />
  </wsdl:message>
  <wsdl:message name="HolidayDetailsV2HttpPostIn">
    <wsdl:part name="HolidayID" type="s:string" />
    <wsdl:part name="company" type="s:string" />
  </wsdl:message>
  <wsdl:message name="HolidayDetailsV2HttpPostOut">
    <wsdl:part name="Body" element="tns:HolidayDetailsResult" />
  </wsdl:message>
  <wsdl:message name="HenoohotelsSearchHttpPostIn">
    <wsdl:part name="levelid" type="s:string" />
    <wsdl:part name="levelname" type="s:string" />
    <wsdl:part name="checkindate" type="s:string" />
    <wsdl:part name="checkoutdate" type="s:string" />
    <wsdl:part name="pageNumber" type="s:string" />
    <wsdl:part name="PageLength" type="s:string" />
    <wsdl:part name="sortby" type="s:string" />
    <wsdl:part name="sortdirection" type="s:string" />
  </wsdl:message>
  <wsdl:message name="HenoohotelsSearchHttpPostOut">
    <wsdl:part name="Body" />
  </wsdl:message>
  <wsdl:message name="HenooHotels_destinationsHttpPostIn">
    <wsdl:part name="leveltype" type="s:string" />
    <wsdl:part name="levelid" type="s:string" />
  </wsdl:message>
  <wsdl:message name="HenooHotels_destinationsHttpPostOut">
    <wsdl:part name="Body" element="tns:SimpleResult" />
  </wsdl:message>
  <wsdl:message name="HenooHotels_destinationsV2HttpPostIn">
    <wsdl:part name="leveltype" type="s:string" />
    <wsdl:part name="levelid" type="s:string" />
  </wsdl:message>
  <wsdl:message name="HenooHotels_destinationsV2HttpPostOut">
    <wsdl:part name="Body" element="tns:SimpleResult" />
  </wsdl:message>
  <wsdl:message name="HenooHotels_lowcostbedsHttpPostIn" />
  <wsdl:message name="HenooHotels_lowcostbedsHttpPostOut">
    <wsdl:part name="Body" element="tns:SimpleResult" />
  </wsdl:message>
  <wsdl:message name="get_dataHttpPostIn">
    <wsdl:part name="sp_one" type="s:string" />
    <wsdl:part name="pm_one" type="s:string" />
    <wsdl:part name="c_one" type="s:string" />
    <wsdl:part name="user" type="s:string" />
    <wsdl:part name="pw" type="s:string" />
  </wsdl:message>
  <wsdl:message name="get_dataHttpPostOut">
    <wsdl:part name="Body" element="tns:anyType" />
  </wsdl:message>
  <wsdl:message name="run_dataHttpPostIn">
    <wsdl:part name="sp_one" type="s:string" />
    <wsdl:part name="pm_one" type="s:string" />
    <wsdl:part name="c_one" type="s:string" />
    <wsdl:part name="user" type="s:string" />
    <wsdl:part name="pw" type="s:string" />
  </wsdl:message>
  <wsdl:message name="run_dataHttpPostOut">
    <wsdl:part name="Body" element="tns:anyType" />
  </wsdl:message>
  <wsdl:message name="getUKAirportListHttpPostIn">
    <wsdl:part name="User" type="s:string" />
    <wsdl:part name="password" type="s:string" />
  </wsdl:message>
  <wsdl:message name="getUKAirportListHttpPostOut">
    <wsdl:part name="Body" />
  </wsdl:message>
  <wsdl:message name="getAccomMerchantsHttpPostIn">
    <wsdl:part name="aid" type="s:string" />
    <wsdl:part name="User" type="s:string" />
    <wsdl:part name="password" type="s:string" />
  </wsdl:message>
  <wsdl:message name="getAccomMerchantsHttpPostOut">
    <wsdl:part name="Body" />
  </wsdl:message>
  <wsdl:message name="getAccomPackageAvailHttpPostIn">
    <wsdl:part name="aid" type="s:string" />
    <wsdl:part name="depdate" type="s:string" />
    <wsdl:part name="duration" type="s:string" />
    <wsdl:part name="depairp" type="s:string" />
    <wsdl:part name="plusminus" type="s:string" />
    <wsdl:part name="User" type="s:string" />
    <wsdl:part name="password" type="s:string" />
  </wsdl:message>
  <wsdl:message name="getAccomPackageAvailHttpPostOut">
    <wsdl:part name="Body" />
  </wsdl:message>
  <wsdl:portType name="travelSearchSoap">
    <wsdl:operation name="HenooSearchAirportCodes">
      <wsdl:input message="tns:HenooSearchAirportCodesSoapIn" />
      <wsdl:output message="tns:HenooSearchAirportCodesSoapOut" />
    </wsdl:operation>
    <wsdl:operation name="HenooSearchAccommodationCodes">
      <wsdl:input message="tns:HenooSearchAccommodationCodesSoapIn" />
      <wsdl:output message="tns:HenooSearchAccommodationCodesSoapOut" />
    </wsdl:operation>
    <wsdl:operation name="search">
      <wsdl:input message="tns:searchSoapIn" />
      <wsdl:output message="tns:searchSoapOut" />
    </wsdl:operation>
    <wsdl:operation name="FlightSearch">
      <wsdl:documentation xmlns:wsdl="http://schemas.xmlsoap.org/wsdl/">AF Flight Search</wsdl:documentation>
      <wsdl:input message="tns:FlightSearchSoapIn" />
      <wsdl:output message="tns:FlightSearchSoapOut" />
    </wsdl:operation>
    <wsdl:operation name="HolidaysSearch">
      <wsdl:input message="tns:HolidaysSearchSoapIn" />
      <wsdl:output message="tns:HolidaysSearchSoapOut" />
    </wsdl:operation>
    <wsdl:operation name="HolidaysSearchV2">
      <wsdl:input message="tns:HolidaysSearchV2SoapIn" />
      <wsdl:output message="tns:HolidaysSearchV2SoapOut" />
    </wsdl:operation>
    <wsdl:operation name="HolidaysSearchV3">
      <wsdl:documentation xmlns:wsdl="http://schemas.xmlsoap.org/wsdl/">Henoo holiday search V3</wsdl:documentation>
      <wsdl:input message="tns:HolidaysSearchV3SoapIn" />
      <wsdl:output message="tns:HolidaysSearchV3SoapOut" />
    </wsdl:operation>
    <wsdl:operation name="TSSuperMarket">
      <wsdl:documentation xmlns:wsdl="http://schemas.xmlsoap.org/wsdl/">TS Holiday Search</wsdl:documentation>
      <wsdl:input message="tns:TSSuperMarketSoapIn" />
      <wsdl:output message="tns:TSSuperMarketSoapOut" />
    </wsdl:operation>
    <wsdl:operation name="TSSuperMarketV2">
      <wsdl:documentation xmlns:wsdl="http://schemas.xmlsoap.org/wsdl/">TS Holiday Search V2</wsdl:documentation>
      <wsdl:input message="tns:TSSuperMarketV2SoapIn" />
      <wsdl:output message="tns:TSSuperMarketV2SoapOut" />
    </wsdl:operation>
    <wsdl:operation name="HenooHolidaysSearch">
      <wsdl:documentation xmlns:wsdl="http://schemas.xmlsoap.org/wsdl/">Henoo Holiday Search</wsdl:documentation>
      <wsdl:input message="tns:HenooHolidaysSearchSoapIn" />
      <wsdl:output message="tns:HenooHolidaysSearchSoapOut" />
    </wsdl:operation>
    <wsdl:operation name="ResultOptions">
      <wsdl:input message="tns:ResultOptionsSoapIn" />
      <wsdl:output message="tns:ResultOptionsSoapOut" />
    </wsdl:operation>
    <wsdl:operation name="ResultOptionsV2">
      <wsdl:input message="tns:ResultOptionsV2SoapIn" />
      <wsdl:output message="tns:ResultOptionsV2SoapOut" />
    </wsdl:operation>
    <wsdl:operation name="HolidayDetails">
      <wsdl:input message="tns:HolidayDetailsSoapIn" />
      <wsdl:output message="tns:HolidayDetailsSoapOut" />
    </wsdl:operation>
    <wsdl:operation name="HolidayDetailsV2">
      <wsdl:input message="tns:HolidayDetailsV2SoapIn" />
      <wsdl:output message="tns:HolidayDetailsV2SoapOut" />
    </wsdl:operation>
    <wsdl:operation name="HenoohotelsSearch">
      <wsdl:documentation xmlns:wsdl="http://schemas.xmlsoap.org/wsdl/">Henoo Hotels Search</wsdl:documentation>
      <wsdl:input message="tns:HenoohotelsSearchSoapIn" />
      <wsdl:output message="tns:HenoohotelsSearchSoapOut" />
    </wsdl:operation>
    <wsdl:operation name="HenooHotels_destinations">
      <wsdl:input message="tns:HenooHotels_destinationsSoapIn" />
      <wsdl:output message="tns:HenooHotels_destinationsSoapOut" />
    </wsdl:operation>
    <wsdl:operation name="HenooHotels_destinationsV2">
      <wsdl:input message="tns:HenooHotels_destinationsV2SoapIn" />
      <wsdl:output message="tns:HenooHotels_destinationsV2SoapOut" />
    </wsdl:operation>
    <wsdl:operation name="HenooHotels_lowcostbeds">
      <wsdl:input message="tns:HenooHotels_lowcostbedsSoapIn" />
      <wsdl:output message="tns:HenooHotels_lowcostbedsSoapOut" />
    </wsdl:operation>
    <wsdl:operation name="get_data">
      <wsdl:documentation xmlns:wsdl="http://schemas.xmlsoap.org/wsdl/">Henoo data</wsdl:documentation>
      <wsdl:input message="tns:get_dataSoapIn" />
      <wsdl:output message="tns:get_dataSoapOut" />
    </wsdl:operation>
    <wsdl:operation name="run_data">
      <wsdl:documentation xmlns:wsdl="http://schemas.xmlsoap.org/wsdl/">Henoo data</wsdl:documentation>
      <wsdl:input message="tns:run_dataSoapIn" />
      <wsdl:output message="tns:run_dataSoapOut" />
    </wsdl:operation>
    <wsdl:operation name="getUKAirportList">
      <wsdl:documentation xmlns:wsdl="http://schemas.xmlsoap.org/wsdl/">Get UK Airport List</wsdl:documentation>
      <wsdl:input message="tns:getUKAirportListSoapIn" />
      <wsdl:output message="tns:getUKAirportListSoapOut" />
    </wsdl:operation>
    <wsdl:operation name="getAccomMerchants">
      <wsdl:documentation xmlns:wsdl="http://schemas.xmlsoap.org/wsdl/">Get Accommodation Merchant List</wsdl:documentation>
      <wsdl:input message="tns:getAccomMerchantsSoapIn" />
      <wsdl:output message="tns:getAccomMerchantsSoapOut" />
    </wsdl:operation>
    <wsdl:operation name="getAccomPackageAvail">
      <wsdl:documentation xmlns:wsdl="http://schemas.xmlsoap.org/wsdl/">Get Accommodation Availability</wsdl:documentation>
      <wsdl:input message="tns:getAccomPackageAvailSoapIn" />
      <wsdl:output message="tns:getAccomPackageAvailSoapOut" />
    </wsdl:operation>
  </wsdl:portType>
  <wsdl:portType name="travelSearchHttpPost">
    <wsdl:operation name="HenooSearchAirportCodes">
      <wsdl:input message="tns:HenooSearchAirportCodesHttpPostIn" />
      <wsdl:output message="tns:HenooSearchAirportCodesHttpPostOut" />
    </wsdl:operation>
    <wsdl:operation name="HenooSearchAccommodationCodes">
      <wsdl:input message="tns:HenooSearchAccommodationCodesHttpPostIn" />
      <wsdl:output message="tns:HenooSearchAccommodationCodesHttpPostOut" />
    </wsdl:operation>
    <wsdl:operation name="search">
      <wsdl:input message="tns:searchHttpPostIn" />
      <wsdl:output message="tns:searchHttpPostOut" />
    </wsdl:operation>
    <wsdl:operation name="FlightSearch">
      <wsdl:documentation xmlns:wsdl="http://schemas.xmlsoap.org/wsdl/">AF Flight Search</wsdl:documentation>
      <wsdl:input message="tns:FlightSearchHttpPostIn" />
      <wsdl:output message="tns:FlightSearchHttpPostOut" />
    </wsdl:operation>
    <wsdl:operation name="HolidaysSearch">
      <wsdl:input message="tns:HolidaysSearchHttpPostIn" />
      <wsdl:output message="tns:HolidaysSearchHttpPostOut" />
    </wsdl:operation>
    <wsdl:operation name="HolidaysSearchV2">
      <wsdl:input message="tns:HolidaysSearchV2HttpPostIn" />
      <wsdl:output message="tns:HolidaysSearchV2HttpPostOut" />
    </wsdl:operation>
    <wsdl:operation name="HolidaysSearchV3">
      <wsdl:documentation xmlns:wsdl="http://schemas.xmlsoap.org/wsdl/">Henoo holiday search V3</wsdl:documentation>
      <wsdl:input message="tns:HolidaysSearchV3HttpPostIn" />
      <wsdl:output message="tns:HolidaysSearchV3HttpPostOut" />
    </wsdl:operation>
    <wsdl:operation name="TSSuperMarket">
      <wsdl:documentation xmlns:wsdl="http://schemas.xmlsoap.org/wsdl/">TS Holiday Search</wsdl:documentation>
      <wsdl:input message="tns:TSSuperMarketHttpPostIn" />
      <wsdl:output message="tns:TSSuperMarketHttpPostOut" />
    </wsdl:operation>
    <wsdl:operation name="TSSuperMarketV2">
      <wsdl:documentation xmlns:wsdl="http://schemas.xmlsoap.org/wsdl/">TS Holiday Search V2</wsdl:documentation>
      <wsdl:input message="tns:TSSuperMarketV2HttpPostIn" />
      <wsdl:output message="tns:TSSuperMarketV2HttpPostOut" />
    </wsdl:operation>
    <wsdl:operation name="HenooHolidaysSearch">
      <wsdl:documentation xmlns:wsdl="http://schemas.xmlsoap.org/wsdl/">Henoo Holiday Search</wsdl:documentation>
      <wsdl:input message="tns:HenooHolidaysSearchHttpPostIn" />
      <wsdl:output message="tns:HenooHolidaysSearchHttpPostOut" />
    </wsdl:operation>
    <wsdl:operation name="ResultOptions">
      <wsdl:input message="tns:ResultOptionsHttpPostIn" />
      <wsdl:output message="tns:ResultOptionsHttpPostOut" />
    </wsdl:operation>
    <wsdl:operation name="ResultOptionsV2">
      <wsdl:input message="tns:ResultOptionsV2HttpPostIn" />
      <wsdl:output message="tns:ResultOptionsV2HttpPostOut" />
    </wsdl:operation>
    <wsdl:operation name="HolidayDetails">
      <wsdl:input message="tns:HolidayDetailsHttpPostIn" />
      <wsdl:output message="tns:HolidayDetailsHttpPostOut" />
    </wsdl:operation>
    <wsdl:operation name="HolidayDetailsV2">
      <wsdl:input message="tns:HolidayDetailsV2HttpPostIn" />
      <wsdl:output message="tns:HolidayDetailsV2HttpPostOut" />
    </wsdl:operation>
    <wsdl:operation name="HenoohotelsSearch">
      <wsdl:documentation xmlns:wsdl="http://schemas.xmlsoap.org/wsdl/">Henoo Hotels Search</wsdl:documentation>
      <wsdl:input message="tns:HenoohotelsSearchHttpPostIn" />
      <wsdl:output message="tns:HenoohotelsSearchHttpPostOut" />
    </wsdl:operation>
    <wsdl:operation name="HenooHotels_destinations">
      <wsdl:input message="tns:HenooHotels_destinationsHttpPostIn" />
      <wsdl:output message="tns:HenooHotels_destinationsHttpPostOut" />
    </wsdl:operation>
    <wsdl:operation name="HenooHotels_destinationsV2">
      <wsdl:input message="tns:HenooHotels_destinationsV2HttpPostIn" />
      <wsdl:output message="tns:HenooHotels_destinationsV2HttpPostOut" />
    </wsdl:operation>
    <wsdl:operation name="HenooHotels_lowcostbeds">
      <wsdl:input message="tns:HenooHotels_lowcostbedsHttpPostIn" />
      <wsdl:output message="tns:HenooHotels_lowcostbedsHttpPostOut" />
    </wsdl:operation>
    <wsdl:operation name="get_data">
      <wsdl:documentation xmlns:wsdl="http://schemas.xmlsoap.org/wsdl/">Henoo data</wsdl:documentation>
      <wsdl:input message="tns:get_dataHttpPostIn" />
      <wsdl:output message="tns:get_dataHttpPostOut" />
    </wsdl:operation>
    <wsdl:operation name="run_data">
      <wsdl:documentation xmlns:wsdl="http://schemas.xmlsoap.org/wsdl/">Henoo data</wsdl:documentation>
      <wsdl:input message="tns:run_dataHttpPostIn" />
      <wsdl:output message="tns:run_dataHttpPostOut" />
    </wsdl:operation>
    <wsdl:operation name="getUKAirportList">
      <wsdl:documentation xmlns:wsdl="http://schemas.xmlsoap.org/wsdl/">Get UK Airport List</wsdl:documentation>
      <wsdl:input message="tns:getUKAirportListHttpPostIn" />
      <wsdl:output message="tns:getUKAirportListHttpPostOut" />
    </wsdl:operation>
    <wsdl:operation name="getAccomMerchants">
      <wsdl:documentation xmlns:wsdl="http://schemas.xmlsoap.org/wsdl/">Get Accommodation Merchant List</wsdl:documentation>
      <wsdl:input message="tns:getAccomMerchantsHttpPostIn" />
      <wsdl:output message="tns:getAccomMerchantsHttpPostOut" />
    </wsdl:operation>
    <wsdl:operation name="getAccomPackageAvail">
      <wsdl:documentation xmlns:wsdl="http://schemas.xmlsoap.org/wsdl/">Get Accommodation Availability</wsdl:documentation>
      <wsdl:input message="tns:getAccomPackageAvailHttpPostIn" />
      <wsdl:output message="tns:getAccomPackageAvailHttpPostOut" />
    </wsdl:operation>
  </wsdl:portType>
  <wsdl:binding name="travelSearchSoap" type="tns:travelSearchSoap">
    <soap:binding transport="http://schemas.xmlsoap.org/soap/http" />
    <wsdl:operation name="HenooSearchAirportCodes">
      <soap:operation soapAction="http://ts.afnt.co.uk/travelSearch/HenooSearchAirportCodes" style="document" />
      <wsdl:input>
        <soap:body use="literal" />
      </wsdl:input>
      <wsdl:output>
        <soap:body use="literal" />
      </wsdl:output>
    </wsdl:operation>
    <wsdl:operation name="HenooSearchAccommodationCodes">
      <soap:operation soapAction="http://ts.afnt.co.uk/travelSearch/HenooSearchAccommodationCodes" style="document" />
      <wsdl:input>
        <soap:body use="literal" />
      </wsdl:input>
      <wsdl:output>
        <soap:body use="literal" />
      </wsdl:output>
    </wsdl:operation>
    <wsdl:operation name="search">
      <soap:operation soapAction="http://ts.afnt.co.uk/travelSearch/search" style="document" />
      <wsdl:input>
        <soap:body use="literal" />
      </wsdl:input>
      <wsdl:output>
        <soap:body use="literal" />
      </wsdl:output>
    </wsdl:operation>
    <wsdl:operation name="FlightSearch">
      <soap:operation soapAction="http://ws.henoo.net/flightSearch" style="document" />
      <wsdl:input>
        <soap:body use="literal" />
      </wsdl:input>
      <wsdl:output>
        <soap:body use="literal" />
      </wsdl:output>
    </wsdl:operation>
    <wsdl:operation name="HolidaysSearch">
      <soap:operation soapAction="http://ts.afnt.co.uk/travelSearch/HolidaysSearch" style="document" />
      <wsdl:input>
        <soap:body use="literal" />
      </wsdl:input>
      <wsdl:output>
        <soap:body use="literal" />
      </wsdl:output>
    </wsdl:operation>
    <wsdl:operation name="HolidaysSearchV2">
      <soap:operation soapAction="http://ts.afnt.co.uk/travelSearch/HolidaysSearchV2" style="document" />
      <wsdl:input>
        <soap:body use="literal" />
      </wsdl:input>
      <wsdl:output>
        <soap:body use="literal" />
      </wsdl:output>
    </wsdl:operation>
    <wsdl:operation name="HolidaysSearchV3">
      <soap:operation soapAction="http://ws.henoo.net/holiday_search_v3" style="document" />
      <wsdl:input>
        <soap:body use="literal" />
      </wsdl:input>
      <wsdl:output>
        <soap:body use="literal" />
      </wsdl:output>
    </wsdl:operation>
    <wsdl:operation name="TSSuperMarket">
      <soap:operation soapAction="http://ws.henoo.net/TSHolidaysSearch" style="document" />
      <wsdl:input>
        <soap:body use="literal" />
      </wsdl:input>
      <wsdl:output>
        <soap:body use="literal" />
      </wsdl:output>
    </wsdl:operation>
    <wsdl:operation name="TSSuperMarketV2">
      <soap:operation soapAction="http://ws.henoo.net/TSHolidaysSearchV2" style="document" />
      <wsdl:input>
        <soap:body use="literal" />
      </wsdl:input>
      <wsdl:output>
        <soap:body use="literal" />
      </wsdl:output>
    </wsdl:operation>
    <wsdl:operation name="HenooHolidaysSearch">
      <soap:operation soapAction="http://ws.henoo.net/HenooHolidaysSearch" style="document" />
      <wsdl:input>
        <soap:body use="literal" />
      </wsdl:input>
      <wsdl:output>
        <soap:body use="literal" />
      </wsdl:output>
    </wsdl:operation>
    <wsdl:operation name="ResultOptions">
      <soap:operation soapAction="http://ts.afnt.co.uk/travelSearch/ResultOptions" style="document" />
      <wsdl:input>
        <soap:body use="literal" />
      </wsdl:input>
      <wsdl:output>
        <soap:body use="literal" />
      </wsdl:output>
    </wsdl:operation>
    <wsdl:operation name="ResultOptionsV2">
      <soap:operation soapAction="http://ts.afnt.co.uk/travelSearch/ResultOptionsV2" style="document" />
      <wsdl:input>
        <soap:body use="literal" />
      </wsdl:input>
      <wsdl:output>
        <soap:body use="literal" />
      </wsdl:output>
    </wsdl:operation>
    <wsdl:operation name="HolidayDetails">
      <soap:operation soapAction="http://ts.afnt.co.uk/travelSearch/HolidayDetails" style="document" />
      <wsdl:input>
        <soap:body use="literal" />
      </wsdl:input>
      <wsdl:output>
        <soap:body use="literal" />
      </wsdl:output>
    </wsdl:operation>
    <wsdl:operation name="HolidayDetailsV2">
      <soap:operation soapAction="http://ts.afnt.co.uk/travelSearch/HolidayDetailsV2" style="document" />
      <wsdl:input>
        <soap:body use="literal" />
      </wsdl:input>
      <wsdl:output>
        <soap:body use="literal" />
      </wsdl:output>
    </wsdl:operation>
    <wsdl:operation name="HenoohotelsSearch">
      <soap:operation soapAction="http://ws.henoo.net/HenooHotelsSearch" style="document" />
      <wsdl:input>
        <soap:body use="literal" />
      </wsdl:input>
      <wsdl:output>
        <soap:body use="literal" />
      </wsdl:output>
    </wsdl:operation>
    <wsdl:operation name="HenooHotels_destinations">
      <soap:operation soapAction="http://ts.afnt.co.uk/travelSearch/HenooHotels_destinations" style="document" />
      <wsdl:input>
        <soap:body use="literal" />
      </wsdl:input>
      <wsdl:output>
        <soap:body use="literal" />
      </wsdl:output>
    </wsdl:operation>
    <wsdl:operation name="HenooHotels_destinationsV2">
      <soap:operation soapAction="http://ts.afnt.co.uk/travelSearch/HenooHotels_destinationsV2" style="document" />
      <wsdl:input>
        <soap:body use="literal" />
      </wsdl:input>
      <wsdl:output>
        <soap:body use="literal" />
      </wsdl:output>
    </wsdl:operation>
    <wsdl:operation name="HenooHotels_lowcostbeds">
      <soap:operation soapAction="http://ts.afnt.co.uk/travelSearch/HenooHotels_lowcostbeds" style="document" />
      <wsdl:input>
        <soap:body use="literal" />
      </wsdl:input>
      <wsdl:output>
        <soap:body use="literal" />
      </wsdl:output>
    </wsdl:operation>
    <wsdl:operation name="get_data">
      <soap:operation soapAction="http://ws.henoo.net/get_data" style="document" />
      <wsdl:input>
        <soap:body use="literal" />
      </wsdl:input>
      <wsdl:output>
        <soap:body use="literal" />
      </wsdl:output>
    </wsdl:operation>
    <wsdl:operation name="run_data">
      <soap:operation soapAction="http://ws.henoo.net/run_data" style="document" />
      <wsdl:input>
        <soap:body use="literal" />
      </wsdl:input>
      <wsdl:output>
        <soap:body use="literal" />
      </wsdl:output>
    </wsdl:operation>
    <wsdl:operation name="getUKAirportList">
      <soap:operation soapAction="http://ws.henoo.net/hw_get_uk_airport_list" style="document" />
      <wsdl:input>
        <soap:body use="literal" />
      </wsdl:input>
      <wsdl:output>
        <soap:body use="literal" />
      </wsdl:output>
    </wsdl:operation>
    <wsdl:operation name="getAccomMerchants">
      <soap:operation soapAction="http://ws.henoo.net/hw_get_accommodation_merchant_list" style="document" />
      <wsdl:input>
        <soap:body use="literal" />
      </wsdl:input>
      <wsdl:output>
        <soap:body use="literal" />
      </wsdl:output>
    </wsdl:operation>
    <wsdl:operation name="getAccomPackageAvail">
      <soap:operation soapAction="http://ws.henoo.net/hw_get_accommodation_package_avail" style="document" />
      <wsdl:input>
        <soap:body use="literal" />
      </wsdl:input>
      <wsdl:output>
        <soap:body use="literal" />
      </wsdl:output>
    </wsdl:operation>
  </wsdl:binding>
  <wsdl:binding name="travelSearchSoap12" type="tns:travelSearchSoap">
    <soap12:binding transport="http://schemas.xmlsoap.org/soap/http" />
    <wsdl:operation name="HenooSearchAirportCodes">
      <soap12:operation soapAction="http://ts.afnt.co.uk/travelSearch/HenooSearchAirportCodes" style="document" />
      <wsdl:input>
        <soap12:body use="literal" />
      </wsdl:input>
      <wsdl:output>
        <soap12:body use="literal" />
      </wsdl:output>
    </wsdl:operation>
    <wsdl:operation name="HenooSearchAccommodationCodes">
      <soap12:operation soapAction="http://ts.afnt.co.uk/travelSearch/HenooSearchAccommodationCodes" style="document" />
      <wsdl:input>
        <soap12:body use="literal" />
      </wsdl:input>
      <wsdl:output>
        <soap12:body use="literal" />
      </wsdl:output>
    </wsdl:operation>
    <wsdl:operation name="search">
      <soap12:operation soapAction="http://ts.afnt.co.uk/travelSearch/search" style="document" />
      <wsdl:input>
        <soap12:body use="literal" />
      </wsdl:input>
      <wsdl:output>
        <soap12:body use="literal" />
      </wsdl:output>
    </wsdl:operation>
    <wsdl:operation name="FlightSearch">
      <soap12:operation soapAction="http://ws.henoo.net/flightSearch" style="document" />
      <wsdl:input>
        <soap12:body use="literal" />
      </wsdl:input>
      <wsdl:output>
        <soap12:body use="literal" />
      </wsdl:output>
    </wsdl:operation>
    <wsdl:operation name="HolidaysSearch">
      <soap12:operation soapAction="http://ts.afnt.co.uk/travelSearch/HolidaysSearch" style="document" />
      <wsdl:input>
        <soap12:body use="literal" />
      </wsdl:input>
      <wsdl:output>
        <soap12:body use="literal" />
      </wsdl:output>
    </wsdl:operation>
    <wsdl:operation name="HolidaysSearchV2">
      <soap12:operation soapAction="http://ts.afnt.co.uk/travelSearch/HolidaysSearchV2" style="document" />
      <wsdl:input>
        <soap12:body use="literal" />
      </wsdl:input>
      <wsdl:output>
        <soap12:body use="literal" />
      </wsdl:output>
    </wsdl:operation>
    <wsdl:operation name="HolidaysSearchV3">
      <soap12:operation soapAction="http://ws.henoo.net/holiday_search_v3" style="document" />
      <wsdl:input>
        <soap12:body use="literal" />
      </wsdl:input>
      <wsdl:output>
        <soap12:body use="literal" />
      </wsdl:output>
    </wsdl:operation>
    <wsdl:operation name="TSSuperMarket">
      <soap12:operation soapAction="http://ws.henoo.net/TSHolidaysSearch" style="document" />
      <wsdl:input>
        <soap12:body use="literal" />
      </wsdl:input>
      <wsdl:output>
        <soap12:body use="literal" />
      </wsdl:output>
    </wsdl:operation>
    <wsdl:operation name="TSSuperMarketV2">
      <soap12:operation soapAction="http://ws.henoo.net/TSHolidaysSearchV2" style="document" />
      <wsdl:input>
        <soap12:body use="literal" />
      </wsdl:input>
      <wsdl:output>
        <soap12:body use="literal" />
      </wsdl:output>
    </wsdl:operation>
    <wsdl:operation name="HenooHolidaysSearch">
      <soap12:operation soapAction="http://ws.henoo.net/HenooHolidaysSearch" style="document" />
      <wsdl:input>
        <soap12:body use="literal" />
      </wsdl:input>
      <wsdl:output>
        <soap12:body use="literal" />
      </wsdl:output>
    </wsdl:operation>
    <wsdl:operation name="ResultOptions">
      <soap12:operation soapAction="http://ts.afnt.co.uk/travelSearch/ResultOptions" style="document" />
      <wsdl:input>
        <soap12:body use="literal" />
      </wsdl:input>
      <wsdl:output>
        <soap12:body use="literal" />
      </wsdl:output>
    </wsdl:operation>
    <wsdl:operation name="ResultOptionsV2">
      <soap12:operation soapAction="http://ts.afnt.co.uk/travelSearch/ResultOptionsV2" style="document" />
      <wsdl:input>
        <soap12:body use="literal" />
      </wsdl:input>
      <wsdl:output>
        <soap12:body use="literal" />
      </wsdl:output>
    </wsdl:operation>
    <wsdl:operation name="HolidayDetails">
      <soap12:operation soapAction="http://ts.afnt.co.uk/travelSearch/HolidayDetails" style="document" />
      <wsdl:input>
        <soap12:body use="literal" />
      </wsdl:input>
      <wsdl:output>
        <soap12:body use="literal" />
      </wsdl:output>
    </wsdl:operation>
    <wsdl:operation name="HolidayDetailsV2">
      <soap12:operation soapAction="http://ts.afnt.co.uk/travelSearch/HolidayDetailsV2" style="document" />
      <wsdl:input>
        <soap12:body use="literal" />
      </wsdl:input>
      <wsdl:output>
        <soap12:body use="literal" />
      </wsdl:output>
    </wsdl:operation>
    <wsdl:operation name="HenoohotelsSearch">
      <soap12:operation soapAction="http://ws.henoo.net/HenooHotelsSearch" style="document" />
      <wsdl:input>
        <soap12:body use="literal" />
      </wsdl:input>
      <wsdl:output>
        <soap12:body use="literal" />
      </wsdl:output>
    </wsdl:operation>
    <wsdl:operation name="HenooHotels_destinations">
      <soap12:operation soapAction="http://ts.afnt.co.uk/travelSearch/HenooHotels_destinations" style="document" />
      <wsdl:input>
        <soap12:body use="literal" />
      </wsdl:input>
      <wsdl:output>
        <soap12:body use="literal" />
      </wsdl:output>
    </wsdl:operation>
    <wsdl:operation name="HenooHotels_destinationsV2">
      <soap12:operation soapAction="http://ts.afnt.co.uk/travelSearch/HenooHotels_destinationsV2" style="document" />
      <wsdl:input>
        <soap12:body use="literal" />
      </wsdl:input>
      <wsdl:output>
        <soap12:body use="literal" />
      </wsdl:output>
    </wsdl:operation>
    <wsdl:operation name="HenooHotels_lowcostbeds">
      <soap12:operation soapAction="http://ts.afnt.co.uk/travelSearch/HenooHotels_lowcostbeds" style="document" />
      <wsdl:input>
        <soap12:body use="literal" />
      </wsdl:input>
      <wsdl:output>
        <soap12:body use="literal" />
      </wsdl:output>
    </wsdl:operation>
    <wsdl:operation name="get_data">
      <soap12:operation soapAction="http://ws.henoo.net/get_data" style="document" />
      <wsdl:input>
        <soap12:body use="literal" />
      </wsdl:input>
      <wsdl:output>
        <soap12:body use="literal" />
      </wsdl:output>
    </wsdl:operation>
    <wsdl:operation name="run_data">
      <soap12:operation soapAction="http://ws.henoo.net/run_data" style="document" />
      <wsdl:input>
        <soap12:body use="literal" />
      </wsdl:input>
      <wsdl:output>
        <soap12:body use="literal" />
      </wsdl:output>
    </wsdl:operation>
    <wsdl:operation name="getUKAirportList">
      <soap12:operation soapAction="http://ws.henoo.net/hw_get_uk_airport_list" style="document" />
      <wsdl:input>
        <soap12:body use="literal" />
      </wsdl:input>
      <wsdl:output>
        <soap12:body use="literal" />
      </wsdl:output>
    </wsdl:operation>
    <wsdl:operation name="getAccomMerchants">
      <soap12:operation soapAction="http://ws.henoo.net/hw_get_accommodation_merchant_list" style="document" />
      <wsdl:input>
        <soap12:body use="literal" />
      </wsdl:input>
      <wsdl:output>
        <soap12:body use="literal" />
      </wsdl:output>
    </wsdl:operation>
    <wsdl:operation name="getAccomPackageAvail">
      <soap12:operation soapAction="http://ws.henoo.net/hw_get_accommodation_package_avail" style="document" />
      <wsdl:input>
        <soap12:body use="literal" />
      </wsdl:input>
      <wsdl:output>
        <soap12:body use="literal" />
      </wsdl:output>
    </wsdl:operation>
  </wsdl:binding>
  <wsdl:binding name="travelSearchHttpPost" type="tns:travelSearchHttpPost">
    <http:binding verb="POST" />
    <wsdl:operation name="HenooSearchAirportCodes">
      <http:operation location="/HenooSearchAirportCodes" />
      <wsdl:input>
        <mime:content type="application/x-www-form-urlencoded" />
      </wsdl:input>
      <wsdl:output>
        <mime:mimeXml part="Body" />
      </wsdl:output>
    </wsdl:operation>
    <wsdl:operation name="HenooSearchAccommodationCodes">
      <http:operation location="/HenooSearchAccommodationCodes" />
      <wsdl:input>
        <mime:content type="application/x-www-form-urlencoded" />
      </wsdl:input>
      <wsdl:output>
        <mime:mimeXml part="Body" />
      </wsdl:output>
    </wsdl:operation>
    <wsdl:operation name="search">
      <http:operation location="/search" />
      <wsdl:input>
        <mime:content type="application/x-www-form-urlencoded" />
      </wsdl:input>
      <wsdl:output>
        <mime:mimeXml part="Body" />
      </wsdl:output>
    </wsdl:operation>
    <wsdl:operation name="FlightSearch">
      <http:operation location="/FlightSearch" />
      <wsdl:input>
        <mime:content type="application/x-www-form-urlencoded" />
      </wsdl:input>
      <wsdl:output>
        <mime:content part="Body" type="text/xml" />
      </wsdl:output>
    </wsdl:operation>
    <wsdl:operation name="HolidaysSearch">
      <http:operation location="/HolidaysSearch" />
      <wsdl:input>
        <mime:content type="application/x-www-form-urlencoded" />
      </wsdl:input>
      <wsdl:output>
        <mime:mimeXml part="Body" />
      </wsdl:output>
    </wsdl:operation>
    <wsdl:operation name="HolidaysSearchV2">
      <http:operation location="/HolidaysSearchV2" />
      <wsdl:input>
        <mime:content type="application/x-www-form-urlencoded" />
      </wsdl:input>
      <wsdl:output>
        <mime:mimeXml part="Body" />
      </wsdl:output>
    </wsdl:operation>
    <wsdl:operation name="HolidaysSearchV3">
      <http:operation location="/HolidaysSearchV3" />
      <wsdl:input>
        <mime:content type="application/x-www-form-urlencoded" />
      </wsdl:input>
      <wsdl:output>
        <mime:mimeXml part="Body" />
      </wsdl:output>
    </wsdl:operation>
    <wsdl:operation name="TSSuperMarket">
      <http:operation location="/TSSuperMarket" />
      <wsdl:input>
        <mime:content type="application/x-www-form-urlencoded" />
      </wsdl:input>
      <wsdl:output>
        <mime:content part="Body" type="text/xml" />
      </wsdl:output>
    </wsdl:operation>
    <wsdl:operation name="TSSuperMarketV2">
      <http:operation location="/TSSuperMarketV2" />
      <wsdl:input>
        <mime:content type="application/x-www-form-urlencoded" />
      </wsdl:input>
      <wsdl:output>
        <mime:content part="Body" type="text/xml" />
      </wsdl:output>
    </wsdl:operation>
    <wsdl:operation name="HenooHolidaysSearch">
      <http:operation location="/HenooHolidaysSearch" />
      <wsdl:input>
        <mime:content type="application/x-www-form-urlencoded" />
      </wsdl:input>
      <wsdl:output>
        <mime:content part="Body" type="text/xml" />
      </wsdl:output>
    </wsdl:operation>
    <wsdl:operation name="ResultOptions">
      <http:operation location="/ResultOptions" />
      <wsdl:input>
        <mime:content type="application/x-www-form-urlencoded" />
      </wsdl:input>
      <wsdl:output>
        <mime:mimeXml part="Body" />
      </wsdl:output>
    </wsdl:operation>
    <wsdl:operation name="ResultOptionsV2">
      <http:operation location="/ResultOptionsV2" />
      <wsdl:input>
        <mime:content type="application/x-www-form-urlencoded" />
      </wsdl:input>
      <wsdl:output>
        <mime:mimeXml part="Body" />
      </wsdl:output>
    </wsdl:operation>
    <wsdl:operation name="HolidayDetails">
      <http:operation location="/HolidayDetails" />
      <wsdl:input>
        <mime:content type="application/x-www-form-urlencoded" />
      </wsdl:input>
      <wsdl:output>
        <mime:mimeXml part="Body" />
      </wsdl:output>
    </wsdl:operation>
    <wsdl:operation name="HolidayDetailsV2">
      <http:operation location="/HolidayDetailsV2" />
      <wsdl:input>
        <mime:content type="application/x-www-form-urlencoded" />
      </wsdl:input>
      <wsdl:output>
        <mime:mimeXml part="Body" />
      </wsdl:output>
    </wsdl:operation>
    <wsdl:operation name="HenoohotelsSearch">
      <http:operation location="/HenoohotelsSearch" />
      <wsdl:input>
        <mime:content type="application/x-www-form-urlencoded" />
      </wsdl:input>
      <wsdl:output>
        <mime:content part="Body" type="text/xml" />
      </wsdl:output>
    </wsdl:operation>
    <wsdl:operation name="HenooHotels_destinations">
      <http:operation location="/HenooHotels_destinations" />
      <wsdl:input>
        <mime:content type="application/x-www-form-urlencoded" />
      </wsdl:input>
      <wsdl:output>
        <mime:mimeXml part="Body" />
      </wsdl:output>
    </wsdl:operation>
    <wsdl:operation name="HenooHotels_destinationsV2">
      <http:operation location="/HenooHotels_destinationsV2" />
      <wsdl:input>
        <mime:content type="application/x-www-form-urlencoded" />
      </wsdl:input>
      <wsdl:output>
        <mime:mimeXml part="Body" />
      </wsdl:output>
    </wsdl:operation>
    <wsdl:operation name="HenooHotels_lowcostbeds">
      <http:operation location="/HenooHotels_lowcostbeds" />
      <wsdl:input>
        <mime:content type="application/x-www-form-urlencoded" />
      </wsdl:input>
      <wsdl:output>
        <mime:mimeXml part="Body" />
      </wsdl:output>
    </wsdl:operation>
    <wsdl:operation name="get_data">
      <http:operation location="/get_data" />
      <wsdl:input>
        <mime:content type="application/x-www-form-urlencoded" />
      </wsdl:input>
      <wsdl:output>
        <mime:mimeXml part="Body" />
      </wsdl:output>
    </wsdl:operation>
    <wsdl:operation name="run_data">
      <http:operation location="/run_data" />
      <wsdl:input>
        <mime:content type="application/x-www-form-urlencoded" />
      </wsdl:input>
      <wsdl:output>
        <mime:mimeXml part="Body" />
      </wsdl:output>
    </wsdl:operation>
    <wsdl:operation name="getUKAirportList">
      <http:operation location="/getUKAirportList" />
      <wsdl:input>
        <mime:content type="application/x-www-form-urlencoded" />
      </wsdl:input>
      <wsdl:output>
        <mime:content part="Body" type="text/xml" />
      </wsdl:output>
    </wsdl:operation>
    <wsdl:operation name="getAccomMerchants">
      <http:operation location="/getAccomMerchants" />
      <wsdl:input>
        <mime:content type="application/x-www-form-urlencoded" />
      </wsdl:input>
      <wsdl:output>
        <mime:content part="Body" type="text/xml" />
      </wsdl:output>
    </wsdl:operation>
    <wsdl:operation name="getAccomPackageAvail">
      <http:operation location="/getAccomPackageAvail" />
      <wsdl:input>
        <mime:content type="application/x-www-form-urlencoded" />
      </wsdl:input>
      <wsdl:output>
        <mime:content part="Body" type="text/xml" />
      </wsdl:output>
    </wsdl:operation>
  </wsdl:binding>
  <wsdl:service name="travelSearch">
    <wsdl:port name="travelSearchSoap" binding="tns:travelSearchSoap">
      <soap:address location="http://ws.henoo.net/travelsearch.asmx" />
    </wsdl:port>
    <wsdl:port name="travelSearchSoap12" binding="tns:travelSearchSoap12">
      <soap12:address location="http://ws.henoo.net/travelsearch.asmx" />
    </wsdl:port>
    <wsdl:port name="travelSearchHttpPost" binding="tns:travelSearchHttpPost">
      <http:address location="http://ws.henoo.net/travelsearch.asmx" />
    </wsdl:port>
  </wsdl:service>
</wsdl:definitions>
