<?xml version="1.0" encoding="utf-8"?>

<!--
This is the seekda cache of the WSDL definition available at http://ws.keyfortravel.com/hotel/hotelsell.asmx?wsdl.
seekdas cache is a snapshot that we took as we crawled the Web.
The service may have changed since the last crawl.
seekda is neither affiliated with the authors of this service nor responsible for its advertised functionality.

-->

<wsdl:definitions xmlns:soap="http://schemas.xmlsoap.org/wsdl/soap/" xmlns:tm="http://microsoft.com/wsdl/mime/textMatching/" xmlns:soapenc="http://schemas.xmlsoap.org/soap/encoding/" xmlns:mime="http://schemas.xmlsoap.org/wsdl/mime/" xmlns:tns="http://k4t.viatecla.pt/k4t/HotelSell" xmlns:s="http://www.w3.org/2001/XMLSchema" xmlns:soap12="http://schemas.xmlsoap.org/wsdl/soap12/" xmlns:http="http://schemas.xmlsoap.org/wsdl/http/" targetNamespace="http://k4t.viatecla.pt/k4t/HotelSell" xmlns:wsdl="http://schemas.xmlsoap.org/wsdl/">
  <wsdl:documentation xmlns:wsdl="http://schemas.xmlsoap.org/wsdl/">Hotel Sell WebService. This WebService enables you to book a hotel on the GDS database. Demo Site - http://www.keyfortravel.com/</wsdl:documentation>
  <wsdl:types>
    <s:schema elementFormDefault="qualified" targetNamespace="http://k4t.viatecla.pt/k4t/HotelSell">
      <s:element name="BookSoap">
        <s:complexType>
          <s:sequence>
            <s:element minOccurs="0" maxOccurs="1" name="XmlRequest" type="tns:K4TRequest" />
          </s:sequence>
        </s:complexType>
      </s:element>
      <s:complexType name="K4TRequest">
        <s:sequence>
          <s:element minOccurs="0" maxOccurs="1" name="Username" type="s:string" />
          <s:element minOccurs="0" maxOccurs="1" name="Password" type="s:string" />
          <s:element minOccurs="0" maxOccurs="1" name="HotelSell" type="tns:HotelSellRequest" />
        </s:sequence>
        <s:attribute form="unqualified" name="Application" type="s:string" />
      </s:complexType>
      <s:complexType name="HotelSellRequest">
        <s:sequence>
          <s:element minOccurs="0" maxOccurs="1" name="Request" type="tns:Request" />
        </s:sequence>
        <s:attribute form="unqualified" name="Version" type="s:string" />
      </s:complexType>
      <s:complexType name="Request">
        <s:sequence>
          <s:element minOccurs="0" maxOccurs="1" name="Items" type="tns:ArrayOfRequestItem" />
          <s:element minOccurs="0" maxOccurs="1" name="PassengersInfo" type="tns:ArrayOfRequestPassenger" />
        </s:sequence>
      </s:complexType>
      <s:complexType name="ArrayOfRequestItem">
        <s:sequence>
          <s:element minOccurs="0" maxOccurs="unbounded" name="Item" type="tns:RequestItem" />
        </s:sequence>
      </s:complexType>
      <s:complexType name="RequestItem">
        <s:sequence>
          <s:element minOccurs="0" maxOccurs="1" name="StartDate" type="s:string" />
          <s:element minOccurs="0" maxOccurs="1" name="EndDate" type="s:string" />
          <s:element minOccurs="0" maxOccurs="1" name="NumPersons" type="s:string" />
          <s:element minOccurs="0" maxOccurs="1" name="NumRooms" type="s:string" />
          <s:element minOccurs="0" maxOccurs="1" name="Chain" type="s:string" />
          <s:element minOccurs="0" maxOccurs="1" name="RoomMasterID" type="s:string" />
          <s:element minOccurs="0" maxOccurs="1" name="BIC" type="s:string" />
          <s:element minOccurs="0" maxOccurs="1" name="NumExtraAdults" type="s:string" />
          <s:element minOccurs="0" maxOccurs="1" name="NumExtraChildren" type="s:string" />
          <s:element minOccurs="0" maxOccurs="1" name="NumCrib" type="s:string" />
          <s:element minOccurs="0" maxOccurs="1" name="NumAdultRollaway" type="s:string" />
          <s:element minOccurs="0" maxOccurs="1" name="NumChildRollaway" type="s:string" />
        </s:sequence>
      </s:complexType>
      <s:complexType name="ArrayOfRequestPassenger">
        <s:sequence>
          <s:element minOccurs="0" maxOccurs="unbounded" name="Passenger" type="tns:RequestPassenger" />
        </s:sequence>
      </s:complexType>
      <s:complexType name="RequestPassenger">
        <s:sequence>
          <s:element minOccurs="0" maxOccurs="1" name="FName" type="s:string" />
          <s:element minOccurs="0" maxOccurs="1" name="LName" type="s:string" />
        </s:sequence>
      </s:complexType>
      <s:element name="BookSoapResponse">
        <s:complexType>
          <s:sequence>
            <s:element minOccurs="0" maxOccurs="1" name="BookSoapResult" type="tns:K4TResponse" />
          </s:sequence>
        </s:complexType>
      </s:element>
      <s:complexType name="K4TResponse">
        <s:sequence>
          <s:element minOccurs="0" maxOccurs="1" name="HotelSell" type="tns:HotelSellResponse" />
        </s:sequence>
        <s:attribute form="unqualified" name="Author" type="s:string" />
        <s:attribute form="unqualified" name="Date" type="s:string" />
        <s:attribute form="unqualified" name="Time" type="s:string" />
      </s:complexType>
      <s:complexType name="HotelSellResponse">
        <s:sequence>
          <s:element minOccurs="0" maxOccurs="1" name="Request" type="tns:Request" />
          <s:element minOccurs="0" maxOccurs="1" name="Result" type="tns:Result" />
          <s:element minOccurs="0" maxOccurs="1" name="Error" type="tns:Error" />
        </s:sequence>
        <s:attribute form="unqualified" name="Version" type="s:string" />
      </s:complexType>
      <s:complexType name="Result">
        <s:sequence>
          <s:element minOccurs="0" maxOccurs="1" name="Locator" type="s:string" />
          <s:element minOccurs="0" maxOccurs="1" name="Items" type="tns:ArrayOfResultItem" />
        </s:sequence>
      </s:complexType>
      <s:complexType name="ArrayOfResultItem">
        <s:sequence>
          <s:element minOccurs="0" maxOccurs="unbounded" name="Item" type="tns:ResultItem" />
        </s:sequence>
      </s:complexType>
      <s:complexType name="ResultItem">
        <s:sequence>
          <s:element minOccurs="0" maxOccurs="1" name="Chain" type="s:string" />
          <s:element minOccurs="0" maxOccurs="1" name="RoomMasterID" type="s:string" />
          <s:element minOccurs="0" maxOccurs="1" name="StartDate" type="s:string" />
          <s:element minOccurs="0" maxOccurs="1" name="EndDate" type="s:string" />
          <s:element minOccurs="0" maxOccurs="1" name="Room" type="tns:ResultItemRoom" />
        </s:sequence>
      </s:complexType>
      <s:complexType name="ResultItemRoom">
        <s:attribute form="unqualified" name="Type" type="s:string" />
        <s:attribute form="unqualified" name="NumBeds" type="s:string" />
        <s:attribute form="unqualified" name="BedSize" type="s:string" />
        <s:attribute form="unqualified" name="BIC" type="s:string" />
      </s:complexType>
      <s:complexType name="Error">
        <s:sequence>
          <s:element minOccurs="0" maxOccurs="1" name="Code" type="s:string" />
          <s:element minOccurs="0" maxOccurs="1" name="Description" type="s:string" />
          <s:element minOccurs="0" maxOccurs="1" name="Source" type="s:string" />
          <s:element minOccurs="0" maxOccurs="1" name="ErrorExtraData" type="s:string" />
        </s:sequence>
      </s:complexType>
    </s:schema>
  </wsdl:types>
  <wsdl:message name="BookSoapSoapIn">
    <wsdl:part name="parameters" element="tns:BookSoap" />
  </wsdl:message>
  <wsdl:message name="BookSoapSoapOut">
    <wsdl:part name="parameters" element="tns:BookSoapResponse" />
  </wsdl:message>
  <wsdl:portType name="K4THotelSellWSSoap">
    <wsdl:operation name="BookSoap">
      <wsdl:documentation xmlns:wsdl="http://schemas.xmlsoap.org/wsdl/">This operation allows advanced book.</wsdl:documentation>
      <wsdl:input message="tns:BookSoapSoapIn" />
      <wsdl:output message="tns:BookSoapSoapOut" />
    </wsdl:operation>
  </wsdl:portType>
  <wsdl:portType name="K4THotelSellWSHttpGet" />
  <wsdl:portType name="K4THotelSellWSHttpPost" />
  <wsdl:binding name="K4THotelSellWSSoap" type="tns:K4THotelSellWSSoap">
    <soap:binding transport="http://schemas.xmlsoap.org/soap/http" />
    <wsdl:operation name="BookSoap">
      <soap:operation soapAction="http://k4t.viatecla.pt/k4t/HotelSell/BookSoap" style="document" />
      <wsdl:input>
        <soap:body use="literal" />
      </wsdl:input>
      <wsdl:output>
        <soap:body use="literal" />
      </wsdl:output>
    </wsdl:operation>
  </wsdl:binding>
  <wsdl:binding name="K4THotelSellWSSoap12" type="tns:K4THotelSellWSSoap">
    <soap12:binding transport="http://schemas.xmlsoap.org/soap/http" />
    <wsdl:operation name="BookSoap">
      <soap12:operation soapAction="http://k4t.viatecla.pt/k4t/HotelSell/BookSoap" style="document" />
      <wsdl:input>
        <soap12:body use="literal" />
      </wsdl:input>
      <wsdl:output>
        <soap12:body use="literal" />
      </wsdl:output>
    </wsdl:operation>
  </wsdl:binding>
  <wsdl:binding name="K4THotelSellWSHttpGet" type="tns:K4THotelSellWSHttpGet">
    <http:binding verb="GET" />
  </wsdl:binding>
  <wsdl:binding name="K4THotelSellWSHttpPost" type="tns:K4THotelSellWSHttpPost">
    <http:binding verb="POST" />
  </wsdl:binding>
  <wsdl:service name="K4THotelSellWS">
    <wsdl:documentation xmlns:wsdl="http://schemas.xmlsoap.org/wsdl/">Hotel Sell WebService. This WebService enables you to book a hotel on the GDS database. Demo Site - http://www.keyfortravel.com/</wsdl:documentation>
    <wsdl:port name="K4THotelSellWSSoap" binding="tns:K4THotelSellWSSoap">
      <soap:address location="http://ws.keyfortravel.com/hotel/hotelsell.asmx" />
    </wsdl:port>
    <wsdl:port name="K4THotelSellWSSoap12" binding="tns:K4THotelSellWSSoap12">
      <soap12:address location="http://ws.keyfortravel.com/hotel/hotelsell.asmx" />
    </wsdl:port>
    <wsdl:port name="K4THotelSellWSHttpGet" binding="tns:K4THotelSellWSHttpGet">
      <http:address location="http://ws.keyfortravel.com/hotel/hotelsell.asmx" />
    </wsdl:port>
    <wsdl:port name="K4THotelSellWSHttpPost" binding="tns:K4THotelSellWSHttpPost">
      <http:address location="http://ws.keyfortravel.com/hotel/hotelsell.asmx" />
    </wsdl:port>
  </wsdl:service>
</wsdl:definitions>
