<?xml version="1.0" encoding="utf-8"?>

<!--
This is the seekda cache of the WSDL definition available at http://triptoyou.com/MWGroupeService.asmx?WSDL.
seekdas cache is a snapshot that we took as we crawled the Web.
The service may have changed since the last crawl.
seekda is neither affiliated with the authors of this service nor responsible for its advertised functionality.

-->

<wsdl:definitions xmlns:soap="http://schemas.xmlsoap.org/wsdl/soap/" xmlns:tm="http://microsoft.com/wsdl/mime/textMatching/" xmlns:soapenc="http://schemas.xmlsoap.org/soap/encoding/" xmlns:mime="http://schemas.xmlsoap.org/wsdl/mime/" xmlns:tns="http://tempuri.org/" xmlns:s1="http://microsoft.com/wsdl/types/" xmlns:s="http://www.w3.org/2001/XMLSchema" xmlns:soap12="http://schemas.xmlsoap.org/wsdl/soap12/" xmlns:http="http://schemas.xmlsoap.org/wsdl/http/" targetNamespace="http://tempuri.org/" xmlns:wsdl="http://schemas.xmlsoap.org/wsdl/">
  <wsdl:types>
    <s:schema elementFormDefault="qualified" targetNamespace="http://tempuri.org/">
      <s:import namespace="http://microsoft.com/wsdl/types/" />
      <s:element name="getSelectionCount">
        <s:complexType>
          <s:sequence>
            <s:element minOccurs="0" maxOccurs="1" name="query" type="s:string" />
          </s:sequence>
        </s:complexType>
      </s:element>
      <s:element name="getSelectionCountResponse">
        <s:complexType>
          <s:sequence>
            <s:element minOccurs="0" maxOccurs="1" name="getSelectionCountResult" type="s:string" />
          </s:sequence>
        </s:complexType>
      </s:element>
      <s:element name="insertElementInSelection">
        <s:complexType>
          <s:sequence>
            <s:element minOccurs="0" maxOccurs="1" name="query" type="tns:searchParametersGROUPE" />
            <s:element minOccurs="0" maxOccurs="1" name="displayEnvironnement" type="s:string" />
          </s:sequence>
        </s:complexType>
      </s:element>
      <s:complexType name="searchParametersGROUPE">
        <s:sequence>
          <s:element minOccurs="1" maxOccurs="1" name="Type" type="s:int" />
          <s:element minOccurs="0" maxOccurs="1" name="Code" type="s:string" />
          <s:element minOccurs="0" maxOccurs="1" name="Name" type="s:string" />
          <s:element minOccurs="0" maxOccurs="1" name="Pays" type="s:string" />
          <s:element minOccurs="0" maxOccurs="1" name="Ville" type="s:string" />
          <s:element minOccurs="0" maxOccurs="1" name="Lattitude" type="s:string" />
          <s:element minOccurs="0" maxOccurs="1" name="Longitude" type="s:string" />
          <s:element minOccurs="1" maxOccurs="1" name="Position" type="s:int" />
        </s:sequence>
      </s:complexType>
      <s:element name="insertElementInSelectionResponse">
        <s:complexType>
          <s:sequence>
            <s:element minOccurs="0" maxOccurs="1" name="insertElementInSelectionResult" type="tns:selectionReturnParameters" />
          </s:sequence>
        </s:complexType>
      </s:element>
      <s:complexType name="selectionReturnParameters">
        <s:sequence>
          <s:element minOccurs="1" maxOccurs="1" name="nbElement" type="s:int" />
          <s:element minOccurs="0" maxOccurs="1" name="HTMLSelection" type="s:string" />
        </s:sequence>
      </s:complexType>
      <s:element name="insertItineraryInSelection">
        <s:complexType>
          <s:sequence>
            <s:element minOccurs="0" maxOccurs="1" name="query" type="tns:searchParameters" />
            <s:element minOccurs="0" maxOccurs="1" name="displayEnvironnement" type="s:string" />
          </s:sequence>
        </s:complexType>
      </s:element>
      <s:complexType name="searchParameters">
        <s:sequence>
          <s:element minOccurs="1" maxOccurs="1" name="LavType" type="s:int" />
          <s:element minOccurs="0" maxOccurs="1" name="POBCode" type="s:string" />
          <s:element minOccurs="0" maxOccurs="1" name="queryString" type="s:string" />
          <s:element minOccurs="1" maxOccurs="1" name="mode" type="s:int" />
        </s:sequence>
      </s:complexType>
      <s:element name="insertItineraryInSelectionResponse">
        <s:complexType>
          <s:sequence>
            <s:element minOccurs="0" maxOccurs="1" name="insertItineraryInSelectionResult" type="tns:selectionReturnParameters" />
          </s:sequence>
        </s:complexType>
      </s:element>
      <s:element name="insertNoteInSelection">
        <s:complexType>
          <s:sequence>
            <s:element minOccurs="0" maxOccurs="1" name="query" type="tns:searchParametersNote" />
            <s:element minOccurs="0" maxOccurs="1" name="displayEnvironnement" type="s:string" />
          </s:sequence>
        </s:complexType>
      </s:element>
      <s:complexType name="searchParametersNote">
        <s:sequence>
          <s:element minOccurs="0" maxOccurs="1" name="Code" type="s:string" />
          <s:element minOccurs="0" maxOccurs="1" name="Name" type="s:string" />
          <s:element minOccurs="0" maxOccurs="1" name="Pays" type="s:string" />
          <s:element minOccurs="0" maxOccurs="1" name="Ville" type="s:string" />
          <s:element minOccurs="0" maxOccurs="1" name="Accroche" type="s:string" />
          <s:element minOccurs="1" maxOccurs="1" name="Position" type="s:int" />
        </s:sequence>
      </s:complexType>
      <s:element name="insertNoteInSelectionResponse">
        <s:complexType>
          <s:sequence>
            <s:element minOccurs="0" maxOccurs="1" name="insertNoteInSelectionResult" type="tns:selectionReturnParameters" />
          </s:sequence>
        </s:complexType>
      </s:element>
      <s:element name="ModifyNoteInSelection">
        <s:complexType>
          <s:sequence>
            <s:element minOccurs="0" maxOccurs="1" name="query" type="tns:searchParametersNote" />
            <s:element minOccurs="0" maxOccurs="1" name="displayEnvironnement" type="s:string" />
          </s:sequence>
        </s:complexType>
      </s:element>
      <s:element name="ModifyNoteInSelectionResponse">
        <s:complexType>
          <s:sequence>
            <s:element minOccurs="0" maxOccurs="1" name="ModifyNoteInSelectionResult" type="tns:selectionReturnParameters" />
          </s:sequence>
        </s:complexType>
      </s:element>
      <s:element name="deleteElementFromSelection">
        <s:complexType>
          <s:sequence>
            <s:element minOccurs="0" maxOccurs="1" name="query" type="s:string" />
            <s:element minOccurs="0" maxOccurs="1" name="displayEnvironnement" type="s:string" />
          </s:sequence>
        </s:complexType>
      </s:element>
      <s:element name="deleteElementFromSelectionResponse">
        <s:complexType>
          <s:sequence>
            <s:element minOccurs="0" maxOccurs="1" name="deleteElementFromSelectionResult" type="tns:selectionReturnParameters" />
          </s:sequence>
        </s:complexType>
      </s:element>
      <s:element name="moveUpElementInSelection">
        <s:complexType>
          <s:sequence>
            <s:element minOccurs="0" maxOccurs="1" name="query" type="s:string" />
            <s:element minOccurs="0" maxOccurs="1" name="displayEnvironnement" type="s:string" />
          </s:sequence>
        </s:complexType>
      </s:element>
      <s:element name="moveUpElementInSelectionResponse">
        <s:complexType>
          <s:sequence>
            <s:element minOccurs="0" maxOccurs="1" name="moveUpElementInSelectionResult" type="tns:selectionReturnParameters" />
          </s:sequence>
        </s:complexType>
      </s:element>
      <s:element name="moveElementInSelection">
        <s:complexType>
          <s:sequence>
            <s:element minOccurs="1" maxOccurs="1" name="source" type="s:int" />
            <s:element minOccurs="1" maxOccurs="1" name="destination" type="s:int" />
            <s:element minOccurs="0" maxOccurs="1" name="displayEnvironnement" type="s:string" />
          </s:sequence>
        </s:complexType>
      </s:element>
      <s:element name="moveElementInSelectionResponse">
        <s:complexType>
          <s:sequence>
            <s:element minOccurs="0" maxOccurs="1" name="moveElementInSelectionResult" type="tns:selectionReturnParameters" />
          </s:sequence>
        </s:complexType>
      </s:element>
      <s:element name="moveDownElementInSelection">
        <s:complexType>
          <s:sequence>
            <s:element minOccurs="0" maxOccurs="1" name="query" type="s:string" />
            <s:element minOccurs="0" maxOccurs="1" name="displayEnvironnement" type="s:string" />
          </s:sequence>
        </s:complexType>
      </s:element>
      <s:element name="moveDownElementInSelectionResponse">
        <s:complexType>
          <s:sequence>
            <s:element minOccurs="0" maxOccurs="1" name="moveDownElementInSelectionResult" type="tns:selectionReturnParameters" />
          </s:sequence>
        </s:complexType>
      </s:element>
      <s:element name="setElementStartDateInSelection">
        <s:complexType>
          <s:sequence>
            <s:element minOccurs="0" maxOccurs="1" name="query" type="tns:searchParametersDate" />
            <s:element minOccurs="0" maxOccurs="1" name="displayEnvironnement" type="s:string" />
          </s:sequence>
        </s:complexType>
      </s:element>
      <s:complexType name="searchParametersDate">
        <s:sequence>
          <s:element minOccurs="1" maxOccurs="1" name="elementIndex" type="s:int" />
          <s:element minOccurs="1" maxOccurs="1" name="theDate" type="s:dateTime" />
        </s:sequence>
      </s:complexType>
      <s:element name="setElementStartDateInSelectionResponse">
        <s:complexType>
          <s:sequence>
            <s:element minOccurs="0" maxOccurs="1" name="setElementStartDateInSelectionResult" type="tns:selectionReturnParameters" />
          </s:sequence>
        </s:complexType>
      </s:element>
      <s:element name="moveUpETAPinList">
        <s:complexType>
          <s:sequence>
            <s:element minOccurs="0" maxOccurs="1" name="query" type="s:string" />
            <s:element minOccurs="0" maxOccurs="1" name="displayEnvironnement" type="s:string" />
          </s:sequence>
        </s:complexType>
      </s:element>
      <s:element name="moveUpETAPinListResponse">
        <s:complexType>
          <s:sequence>
            <s:element minOccurs="0" maxOccurs="1" name="moveUpETAPinListResult" type="tns:selectionReturnParameters" />
          </s:sequence>
        </s:complexType>
      </s:element>
      <s:element name="moveDownETAPinList">
        <s:complexType>
          <s:sequence>
            <s:element minOccurs="0" maxOccurs="1" name="query" type="s:string" />
            <s:element minOccurs="0" maxOccurs="1" name="displayEnvironnement" type="s:string" />
          </s:sequence>
        </s:complexType>
      </s:element>
      <s:element name="moveDownETAPinListResponse">
        <s:complexType>
          <s:sequence>
            <s:element minOccurs="0" maxOccurs="1" name="moveDownETAPinListResult" type="tns:selectionReturnParameters" />
          </s:sequence>
        </s:complexType>
      </s:element>
      <s:element name="clearSelection">
        <s:complexType>
          <s:sequence>
            <s:element minOccurs="0" maxOccurs="1" name="query" type="s:string" />
            <s:element minOccurs="0" maxOccurs="1" name="displayEnvironnement" type="s:string" />
          </s:sequence>
        </s:complexType>
      </s:element>
      <s:element name="clearSelectionResponse">
        <s:complexType>
          <s:sequence>
            <s:element minOccurs="0" maxOccurs="1" name="clearSelectionResult" type="tns:selectionReturnParameters" />
          </s:sequence>
        </s:complexType>
      </s:element>
      <s:element name="loadSelection">
        <s:complexType>
          <s:sequence>
            <s:element minOccurs="0" maxOccurs="1" name="selectionCode" type="s:string" />
            <s:element minOccurs="0" maxOccurs="1" name="displayEnvironnement" type="s:string" />
          </s:sequence>
        </s:complexType>
      </s:element>
      <s:element name="loadSelectionResponse">
        <s:complexType>
          <s:sequence>
            <s:element minOccurs="0" maxOccurs="1" name="loadSelectionResult" type="tns:selectionReturnParameters" />
          </s:sequence>
        </s:complexType>
      </s:element>
      <s:element name="getFormatedSelection">
        <s:complexType>
          <s:sequence>
            <s:element minOccurs="0" maxOccurs="1" name="query" type="s:string" />
          </s:sequence>
        </s:complexType>
      </s:element>
      <s:element name="getFormatedSelectionResponse">
        <s:complexType>
          <s:sequence>
            <s:element minOccurs="0" maxOccurs="1" name="getFormatedSelectionResult" type="tns:selectionReturnParameters" />
          </s:sequence>
        </s:complexType>
      </s:element>
      <s:element name="getSelection">
        <s:complexType>
          <s:sequence>
            <s:element minOccurs="0" maxOccurs="1" name="query" type="s:string" />
          </s:sequence>
        </s:complexType>
      </s:element>
      <s:element name="getSelectionResponse">
        <s:complexType>
          <s:sequence>
            <s:element minOccurs="0" maxOccurs="1" name="getSelectionResult" type="tns:Groupe" />
          </s:sequence>
        </s:complexType>
      </s:element>
      <s:complexType name="Groupe">
        <s:sequence>
          <s:element minOccurs="1" maxOccurs="1" name="GroupeCode" type="s1:guid" />
          <s:element minOccurs="0" maxOccurs="1" name="OwnerID" type="s:string" />
          <s:element minOccurs="0" maxOccurs="1" name="Title" type="s:string" />
          <s:element minOccurs="0" maxOccurs="1" name="Description" type="s:string" />
          <s:element minOccurs="1" maxOccurs="1" name="CreationDate" type="s:dateTime" />
          <s:element minOccurs="1" maxOccurs="1" name="Category" type="s:int" />
          <s:element minOccurs="1" maxOccurs="1" name="PrivacyStatus" type="s:int" />
          <s:element minOccurs="1" maxOccurs="1" name="lattitude" type="s:double" />
          <s:element minOccurs="1" maxOccurs="1" name="longitude" type="s:double" />
          <s:element minOccurs="0" maxOccurs="1" name="CountryName" type="s:string" />
          <s:element minOccurs="0" maxOccurs="1" name="CityName" type="s:string" />
          <s:element minOccurs="0" maxOccurs="1" name="LocusDescription" type="s:string" />
          <s:element minOccurs="0" maxOccurs="1" name="myGV" type="tns:GeoViewZone" />
        </s:sequence>
      </s:complexType>
      <s:complexType name="GeoViewZone">
        <s:sequence>
          <s:element minOccurs="1" maxOccurs="1" name="Lattitude_1" type="s:double" />
          <s:element minOccurs="1" maxOccurs="1" name="Longitude_1" type="s:double" />
          <s:element minOccurs="1" maxOccurs="1" name="Lattitude_2" type="s:double" />
          <s:element minOccurs="1" maxOccurs="1" name="Longitude_2" type="s:double" />
          <s:element minOccurs="1" maxOccurs="1" name="zoomLevelMin" type="s:int" />
          <s:element minOccurs="1" maxOccurs="1" name="zoomLevelMax" type="s:int" />
        </s:sequence>
      </s:complexType>
      <s:element name="getSelectionXML">
        <s:complexType>
          <s:sequence>
            <s:element minOccurs="0" maxOccurs="1" name="code" type="s:string" />
          </s:sequence>
        </s:complexType>
      </s:element>
      <s:element name="getSelectionXMLResponse">
        <s:complexType>
          <s:sequence>
            <s:element minOccurs="0" maxOccurs="1" name="getSelectionXMLResult" type="s:string" />
          </s:sequence>
        </s:complexType>
      </s:element>
      <s:element name="saveSelection">
        <s:complexType>
          <s:sequence>
            <s:element minOccurs="0" maxOccurs="1" name="title" type="s:string" />
          </s:sequence>
        </s:complexType>
      </s:element>
      <s:element name="saveSelectionResponse">
        <s:complexType>
          <s:sequence>
            <s:element minOccurs="0" maxOccurs="1" name="saveSelectionResult" type="s:string" />
          </s:sequence>
        </s:complexType>
      </s:element>
      <s:element name="deleteGroupeFromDatabase">
        <s:complexType>
          <s:sequence>
            <s:element minOccurs="0" maxOccurs="1" name="query" type="s:string" />
          </s:sequence>
        </s:complexType>
      </s:element>
      <s:element name="deleteGroupeFromDatabaseResponse">
        <s:complexType>
          <s:sequence>
            <s:element minOccurs="0" maxOccurs="1" name="deleteGroupeFromDatabaseResult" type="s:string" />
          </s:sequence>
        </s:complexType>
      </s:element>
      <s:element name="loadUserTrips">
        <s:complexType>
          <s:sequence>
            <s:element minOccurs="1" maxOccurs="1" name="groupeCategory" type="s:int" />
          </s:sequence>
        </s:complexType>
      </s:element>
      <s:element name="loadUserTripsResponse">
        <s:complexType>
          <s:sequence>
            <s:element minOccurs="0" maxOccurs="1" name="loadUserTripsResult" type="s:string" />
          </s:sequence>
        </s:complexType>
      </s:element>
      <s:element name="removeTipFromTrip">
        <s:complexType>
          <s:sequence>
            <s:element minOccurs="0" maxOccurs="1" name="groupeCode" type="s:string" />
            <s:element minOccurs="0" maxOccurs="1" name="tipCode" type="s:string" />
          </s:sequence>
        </s:complexType>
      </s:element>
      <s:element name="removeTipFromTripResponse">
        <s:complexType>
          <s:sequence>
            <s:element minOccurs="0" maxOccurs="1" name="removeTipFromTripResult" type="s:string" />
          </s:sequence>
        </s:complexType>
      </s:element>
      <s:element name="createCDV">
        <s:complexType>
          <s:sequence>
            <s:element minOccurs="0" maxOccurs="1" name="title" type="s:string" />
            <s:element minOccurs="1" maxOccurs="1" name="privacyStatus" type="s:int" />
          </s:sequence>
        </s:complexType>
      </s:element>
      <s:element name="createCDVResponse">
        <s:complexType>
          <s:sequence>
            <s:element minOccurs="0" maxOccurs="1" name="createCDVResult" type="s:string" />
          </s:sequence>
        </s:complexType>
      </s:element>
      <s:element name="modifyCDVName">
        <s:complexType>
          <s:sequence>
            <s:element minOccurs="0" maxOccurs="1" name="grpCode" type="s:string" />
            <s:element minOccurs="0" maxOccurs="1" name="title" type="s:string" />
          </s:sequence>
        </s:complexType>
      </s:element>
      <s:element name="modifyCDVNameResponse">
        <s:complexType>
          <s:sequence>
            <s:element minOccurs="0" maxOccurs="1" name="modifyCDVNameResult" type="s:string" />
          </s:sequence>
        </s:complexType>
      </s:element>
      <s:element name="moveStopInCDV">
        <s:complexType>
          <s:sequence>
            <s:element minOccurs="0" maxOccurs="1" name="Code" type="s:string" />
            <s:element minOccurs="1" maxOccurs="1" name="originIndex" type="s:int" />
            <s:element minOccurs="1" maxOccurs="1" name="destinationIndex" type="s:int" />
          </s:sequence>
        </s:complexType>
      </s:element>
      <s:element name="moveStopInCDVResponse">
        <s:complexType>
          <s:sequence>
            <s:element minOccurs="0" maxOccurs="1" name="moveStopInCDVResult" type="s:string" />
          </s:sequence>
        </s:complexType>
      </s:element>
      <s:element name="string" nillable="true" type="s:string" />
      <s:element name="selectionReturnParameters" nillable="true" type="tns:selectionReturnParameters" />
      <s:element name="Groupe" nillable="true" type="tns:Groupe" />
    </s:schema>
    <s:schema elementFormDefault="qualified" targetNamespace="http://microsoft.com/wsdl/types/">
      <s:simpleType name="guid">
        <s:restriction base="s:string">
          <s:pattern value="[0-9a-fA-F]{8}-[0-9a-fA-F]{4}-[0-9a-fA-F]{4}-[0-9a-fA-F]{4}-[0-9a-fA-F]{12}" />
        </s:restriction>
      </s:simpleType>
    </s:schema>
  </wsdl:types>
  <wsdl:message name="getSelectionCountSoapIn">
    <wsdl:part name="parameters" element="tns:getSelectionCount" />
  </wsdl:message>
  <wsdl:message name="getSelectionCountSoapOut">
    <wsdl:part name="parameters" element="tns:getSelectionCountResponse" />
  </wsdl:message>
  <wsdl:message name="insertElementInSelectionSoapIn">
    <wsdl:part name="parameters" element="tns:insertElementInSelection" />
  </wsdl:message>
  <wsdl:message name="insertElementInSelectionSoapOut">
    <wsdl:part name="parameters" element="tns:insertElementInSelectionResponse" />
  </wsdl:message>
  <wsdl:message name="insertItineraryInSelectionSoapIn">
    <wsdl:part name="parameters" element="tns:insertItineraryInSelection" />
  </wsdl:message>
  <wsdl:message name="insertItineraryInSelectionSoapOut">
    <wsdl:part name="parameters" element="tns:insertItineraryInSelectionResponse" />
  </wsdl:message>
  <wsdl:message name="insertNoteInSelectionSoapIn">
    <wsdl:part name="parameters" element="tns:insertNoteInSelection" />
  </wsdl:message>
  <wsdl:message name="insertNoteInSelectionSoapOut">
    <wsdl:part name="parameters" element="tns:insertNoteInSelectionResponse" />
  </wsdl:message>
  <wsdl:message name="ModifyNoteInSelectionSoapIn">
    <wsdl:part name="parameters" element="tns:ModifyNoteInSelection" />
  </wsdl:message>
  <wsdl:message name="ModifyNoteInSelectionSoapOut">
    <wsdl:part name="parameters" element="tns:ModifyNoteInSelectionResponse" />
  </wsdl:message>
  <wsdl:message name="deleteElementFromSelectionSoapIn">
    <wsdl:part name="parameters" element="tns:deleteElementFromSelection" />
  </wsdl:message>
  <wsdl:message name="deleteElementFromSelectionSoapOut">
    <wsdl:part name="parameters" element="tns:deleteElementFromSelectionResponse" />
  </wsdl:message>
  <wsdl:message name="moveUpElementInSelectionSoapIn">
    <wsdl:part name="parameters" element="tns:moveUpElementInSelection" />
  </wsdl:message>
  <wsdl:message name="moveUpElementInSelectionSoapOut">
    <wsdl:part name="parameters" element="tns:moveUpElementInSelectionResponse" />
  </wsdl:message>
  <wsdl:message name="moveElementInSelectionSoapIn">
    <wsdl:part name="parameters" element="tns:moveElementInSelection" />
  </wsdl:message>
  <wsdl:message name="moveElementInSelectionSoapOut">
    <wsdl:part name="parameters" element="tns:moveElementInSelectionResponse" />
  </wsdl:message>
  <wsdl:message name="moveDownElementInSelectionSoapIn">
    <wsdl:part name="parameters" element="tns:moveDownElementInSelection" />
  </wsdl:message>
  <wsdl:message name="moveDownElementInSelectionSoapOut">
    <wsdl:part name="parameters" element="tns:moveDownElementInSelectionResponse" />
  </wsdl:message>
  <wsdl:message name="setElementStartDateInSelectionSoapIn">
    <wsdl:part name="parameters" element="tns:setElementStartDateInSelection" />
  </wsdl:message>
  <wsdl:message name="setElementStartDateInSelectionSoapOut">
    <wsdl:part name="parameters" element="tns:setElementStartDateInSelectionResponse" />
  </wsdl:message>
  <wsdl:message name="moveUpETAPinListSoapIn">
    <wsdl:part name="parameters" element="tns:moveUpETAPinList" />
  </wsdl:message>
  <wsdl:message name="moveUpETAPinListSoapOut">
    <wsdl:part name="parameters" element="tns:moveUpETAPinListResponse" />
  </wsdl:message>
  <wsdl:message name="moveDownETAPinListSoapIn">
    <wsdl:part name="parameters" element="tns:moveDownETAPinList" />
  </wsdl:message>
  <wsdl:message name="moveDownETAPinListSoapOut">
    <wsdl:part name="parameters" element="tns:moveDownETAPinListResponse" />
  </wsdl:message>
  <wsdl:message name="clearSelectionSoapIn">
    <wsdl:part name="parameters" element="tns:clearSelection" />
  </wsdl:message>
  <wsdl:message name="clearSelectionSoapOut">
    <wsdl:part name="parameters" element="tns:clearSelectionResponse" />
  </wsdl:message>
  <wsdl:message name="loadSelectionSoapIn">
    <wsdl:part name="parameters" element="tns:loadSelection" />
  </wsdl:message>
  <wsdl:message name="loadSelectionSoapOut">
    <wsdl:part name="parameters" element="tns:loadSelectionResponse" />
  </wsdl:message>
  <wsdl:message name="getFormatedSelectionSoapIn">
    <wsdl:part name="parameters" element="tns:getFormatedSelection" />
  </wsdl:message>
  <wsdl:message name="getFormatedSelectionSoapOut">
    <wsdl:part name="parameters" element="tns:getFormatedSelectionResponse" />
  </wsdl:message>
  <wsdl:message name="getSelectionSoapIn">
    <wsdl:part name="parameters" element="tns:getSelection" />
  </wsdl:message>
  <wsdl:message name="getSelectionSoapOut">
    <wsdl:part name="parameters" element="tns:getSelectionResponse" />
  </wsdl:message>
  <wsdl:message name="getSelectionXMLSoapIn">
    <wsdl:part name="parameters" element="tns:getSelectionXML" />
  </wsdl:message>
  <wsdl:message name="getSelectionXMLSoapOut">
    <wsdl:part name="parameters" element="tns:getSelectionXMLResponse" />
  </wsdl:message>
  <wsdl:message name="saveSelectionSoapIn">
    <wsdl:part name="parameters" element="tns:saveSelection" />
  </wsdl:message>
  <wsdl:message name="saveSelectionSoapOut">
    <wsdl:part name="parameters" element="tns:saveSelectionResponse" />
  </wsdl:message>
  <wsdl:message name="deleteGroupeFromDatabaseSoapIn">
    <wsdl:part name="parameters" element="tns:deleteGroupeFromDatabase" />
  </wsdl:message>
  <wsdl:message name="deleteGroupeFromDatabaseSoapOut">
    <wsdl:part name="parameters" element="tns:deleteGroupeFromDatabaseResponse" />
  </wsdl:message>
  <wsdl:message name="loadUserTripsSoapIn">
    <wsdl:part name="parameters" element="tns:loadUserTrips" />
  </wsdl:message>
  <wsdl:message name="loadUserTripsSoapOut">
    <wsdl:part name="parameters" element="tns:loadUserTripsResponse" />
  </wsdl:message>
  <wsdl:message name="removeTipFromTripSoapIn">
    <wsdl:part name="parameters" element="tns:removeTipFromTrip" />
  </wsdl:message>
  <wsdl:message name="removeTipFromTripSoapOut">
    <wsdl:part name="parameters" element="tns:removeTipFromTripResponse" />
  </wsdl:message>
  <wsdl:message name="createCDVSoapIn">
    <wsdl:part name="parameters" element="tns:createCDV" />
  </wsdl:message>
  <wsdl:message name="createCDVSoapOut">
    <wsdl:part name="parameters" element="tns:createCDVResponse" />
  </wsdl:message>
  <wsdl:message name="modifyCDVNameSoapIn">
    <wsdl:part name="parameters" element="tns:modifyCDVName" />
  </wsdl:message>
  <wsdl:message name="modifyCDVNameSoapOut">
    <wsdl:part name="parameters" element="tns:modifyCDVNameResponse" />
  </wsdl:message>
  <wsdl:message name="moveStopInCDVSoapIn">
    <wsdl:part name="parameters" element="tns:moveStopInCDV" />
  </wsdl:message>
  <wsdl:message name="moveStopInCDVSoapOut">
    <wsdl:part name="parameters" element="tns:moveStopInCDVResponse" />
  </wsdl:message>
  <wsdl:message name="getSelectionCountHttpGetIn">
    <wsdl:part name="query" type="s:string" />
  </wsdl:message>
  <wsdl:message name="getSelectionCountHttpGetOut">
    <wsdl:part name="Body" element="tns:string" />
  </wsdl:message>
  <wsdl:message name="deleteElementFromSelectionHttpGetIn">
    <wsdl:part name="query" type="s:string" />
    <wsdl:part name="displayEnvironnement" type="s:string" />
  </wsdl:message>
  <wsdl:message name="deleteElementFromSelectionHttpGetOut">
    <wsdl:part name="Body" element="tns:selectionReturnParameters" />
  </wsdl:message>
  <wsdl:message name="moveUpElementInSelectionHttpGetIn">
    <wsdl:part name="query" type="s:string" />
    <wsdl:part name="displayEnvironnement" type="s:string" />
  </wsdl:message>
  <wsdl:message name="moveUpElementInSelectionHttpGetOut">
    <wsdl:part name="Body" element="tns:selectionReturnParameters" />
  </wsdl:message>
  <wsdl:message name="moveElementInSelectionHttpGetIn">
    <wsdl:part name="source" type="s:string" />
    <wsdl:part name="destination" type="s:string" />
    <wsdl:part name="displayEnvironnement" type="s:string" />
  </wsdl:message>
  <wsdl:message name="moveElementInSelectionHttpGetOut">
    <wsdl:part name="Body" element="tns:selectionReturnParameters" />
  </wsdl:message>
  <wsdl:message name="moveDownElementInSelectionHttpGetIn">
    <wsdl:part name="query" type="s:string" />
    <wsdl:part name="displayEnvironnement" type="s:string" />
  </wsdl:message>
  <wsdl:message name="moveDownElementInSelectionHttpGetOut">
    <wsdl:part name="Body" element="tns:selectionReturnParameters" />
  </wsdl:message>
  <wsdl:message name="moveUpETAPinListHttpGetIn">
    <wsdl:part name="query" type="s:string" />
    <wsdl:part name="displayEnvironnement" type="s:string" />
  </wsdl:message>
  <wsdl:message name="moveUpETAPinListHttpGetOut">
    <wsdl:part name="Body" element="tns:selectionReturnParameters" />
  </wsdl:message>
  <wsdl:message name="moveDownETAPinListHttpGetIn">
    <wsdl:part name="query" type="s:string" />
    <wsdl:part name="displayEnvironnement" type="s:string" />
  </wsdl:message>
  <wsdl:message name="moveDownETAPinListHttpGetOut">
    <wsdl:part name="Body" element="tns:selectionReturnParameters" />
  </wsdl:message>
  <wsdl:message name="clearSelectionHttpGetIn">
    <wsdl:part name="query" type="s:string" />
    <wsdl:part name="displayEnvironnement" type="s:string" />
  </wsdl:message>
  <wsdl:message name="clearSelectionHttpGetOut">
    <wsdl:part name="Body" element="tns:selectionReturnParameters" />
  </wsdl:message>
  <wsdl:message name="loadSelectionHttpGetIn">
    <wsdl:part name="selectionCode" type="s:string" />
    <wsdl:part name="displayEnvironnement" type="s:string" />
  </wsdl:message>
  <wsdl:message name="loadSelectionHttpGetOut">
    <wsdl:part name="Body" element="tns:selectionReturnParameters" />
  </wsdl:message>
  <wsdl:message name="getFormatedSelectionHttpGetIn">
    <wsdl:part name="query" type="s:string" />
  </wsdl:message>
  <wsdl:message name="getFormatedSelectionHttpGetOut">
    <wsdl:part name="Body" element="tns:selectionReturnParameters" />
  </wsdl:message>
  <wsdl:message name="getSelectionHttpGetIn">
    <wsdl:part name="query" type="s:string" />
  </wsdl:message>
  <wsdl:message name="getSelectionHttpGetOut">
    <wsdl:part name="Body" element="tns:Groupe" />
  </wsdl:message>
  <wsdl:message name="getSelectionXMLHttpGetIn">
    <wsdl:part name="code" type="s:string" />
  </wsdl:message>
  <wsdl:message name="getSelectionXMLHttpGetOut">
    <wsdl:part name="Body" element="tns:string" />
  </wsdl:message>
  <wsdl:message name="saveSelectionHttpGetIn">
    <wsdl:part name="title" type="s:string" />
  </wsdl:message>
  <wsdl:message name="saveSelectionHttpGetOut">
    <wsdl:part name="Body" element="tns:string" />
  </wsdl:message>
  <wsdl:message name="deleteGroupeFromDatabaseHttpGetIn">
    <wsdl:part name="query" type="s:string" />
  </wsdl:message>
  <wsdl:message name="deleteGroupeFromDatabaseHttpGetOut">
    <wsdl:part name="Body" element="tns:string" />
  </wsdl:message>
  <wsdl:message name="loadUserTripsHttpGetIn">
    <wsdl:part name="groupeCategory" type="s:string" />
  </wsdl:message>
  <wsdl:message name="loadUserTripsHttpGetOut">
    <wsdl:part name="Body" element="tns:string" />
  </wsdl:message>
  <wsdl:message name="removeTipFromTripHttpGetIn">
    <wsdl:part name="groupeCode" type="s:string" />
    <wsdl:part name="tipCode" type="s:string" />
  </wsdl:message>
  <wsdl:message name="removeTipFromTripHttpGetOut">
    <wsdl:part name="Body" element="tns:string" />
  </wsdl:message>
  <wsdl:message name="createCDVHttpGetIn">
    <wsdl:part name="title" type="s:string" />
    <wsdl:part name="privacyStatus" type="s:string" />
  </wsdl:message>
  <wsdl:message name="createCDVHttpGetOut">
    <wsdl:part name="Body" element="tns:string" />
  </wsdl:message>
  <wsdl:message name="modifyCDVNameHttpGetIn">
    <wsdl:part name="grpCode" type="s:string" />
    <wsdl:part name="title" type="s:string" />
  </wsdl:message>
  <wsdl:message name="modifyCDVNameHttpGetOut">
    <wsdl:part name="Body" element="tns:string" />
  </wsdl:message>
  <wsdl:message name="moveStopInCDVHttpGetIn">
    <wsdl:part name="Code" type="s:string" />
    <wsdl:part name="originIndex" type="s:string" />
    <wsdl:part name="destinationIndex" type="s:string" />
  </wsdl:message>
  <wsdl:message name="moveStopInCDVHttpGetOut">
    <wsdl:part name="Body" element="tns:string" />
  </wsdl:message>
  <wsdl:portType name="MWGroupeServiceSoap">
    <wsdl:operation name="getSelectionCount">
      <wsdl:documentation xmlns:wsdl="http://schemas.xmlsoap.org/wsdl/">Récupère le nombre de GroupeElements sélectionnés en Session</wsdl:documentation>
      <wsdl:input message="tns:getSelectionCountSoapIn" />
      <wsdl:output message="tns:getSelectionCountSoapOut" />
    </wsdl:operation>
    <wsdl:operation name="insertElementInSelection">
      <wsdl:documentation xmlns:wsdl="http://schemas.xmlsoap.org/wsdl/">Insère un élément et récupère la liste formattée</wsdl:documentation>
      <wsdl:input message="tns:insertElementInSelectionSoapIn" />
      <wsdl:output message="tns:insertElementInSelectionSoapOut" />
    </wsdl:operation>
    <wsdl:operation name="insertItineraryInSelection">
      <wsdl:documentation xmlns:wsdl="http://schemas.xmlsoap.org/wsdl/">Insère un élément et récupère la liste formattée</wsdl:documentation>
      <wsdl:input message="tns:insertItineraryInSelectionSoapIn" />
      <wsdl:output message="tns:insertItineraryInSelectionSoapOut" />
    </wsdl:operation>
    <wsdl:operation name="insertNoteInSelection">
      <wsdl:documentation xmlns:wsdl="http://schemas.xmlsoap.org/wsdl/">Insère un élément et récupère la liste formattée</wsdl:documentation>
      <wsdl:input message="tns:insertNoteInSelectionSoapIn" />
      <wsdl:output message="tns:insertNoteInSelectionSoapOut" />
    </wsdl:operation>
    <wsdl:operation name="ModifyNoteInSelection">
      <wsdl:documentation xmlns:wsdl="http://schemas.xmlsoap.org/wsdl/">Modifie une note et récupère la liste formattée</wsdl:documentation>
      <wsdl:input message="tns:ModifyNoteInSelectionSoapIn" />
      <wsdl:output message="tns:ModifyNoteInSelectionSoapOut" />
    </wsdl:operation>
    <wsdl:operation name="deleteElementFromSelection">
      <wsdl:documentation xmlns:wsdl="http://schemas.xmlsoap.org/wsdl/">Delete un élément de la sélection et récupère la liste formattée</wsdl:documentation>
      <wsdl:input message="tns:deleteElementFromSelectionSoapIn" />
      <wsdl:output message="tns:deleteElementFromSelectionSoapOut" />
    </wsdl:operation>
    <wsdl:operation name="moveUpElementInSelection">
      <wsdl:documentation xmlns:wsdl="http://schemas.xmlsoap.org/wsdl/">Remonte un élément de la sélection et récupère la liste formattée</wsdl:documentation>
      <wsdl:input message="tns:moveUpElementInSelectionSoapIn" />
      <wsdl:output message="tns:moveUpElementInSelectionSoapOut" />
    </wsdl:operation>
    <wsdl:operation name="moveElementInSelection">
      <wsdl:documentation xmlns:wsdl="http://schemas.xmlsoap.org/wsdl/">Remonte un élément de la sélection et récupère la liste formattée</wsdl:documentation>
      <wsdl:input message="tns:moveElementInSelectionSoapIn" />
      <wsdl:output message="tns:moveElementInSelectionSoapOut" />
    </wsdl:operation>
    <wsdl:operation name="moveDownElementInSelection">
      <wsdl:documentation xmlns:wsdl="http://schemas.xmlsoap.org/wsdl/">Descend un élément de la sélection et récupère la liste formattée</wsdl:documentation>
      <wsdl:input message="tns:moveDownElementInSelectionSoapIn" />
      <wsdl:output message="tns:moveDownElementInSelectionSoapOut" />
    </wsdl:operation>
    <wsdl:operation name="setElementStartDateInSelection">
      <wsdl:documentation xmlns:wsdl="http://schemas.xmlsoap.org/wsdl/">Affecte la date de départ d'un élément de la sélection et récupère la liste formattée</wsdl:documentation>
      <wsdl:input message="tns:setElementStartDateInSelectionSoapIn" />
      <wsdl:output message="tns:setElementStartDateInSelectionSoapOut" />
    </wsdl:operation>
    <wsdl:operation name="moveUpETAPinList">
      <wsdl:documentation xmlns:wsdl="http://schemas.xmlsoap.org/wsdl/">Remonte une étape de la sélection et récupère la liste formattée</wsdl:documentation>
      <wsdl:input message="tns:moveUpETAPinListSoapIn" />
      <wsdl:output message="tns:moveUpETAPinListSoapOut" />
    </wsdl:operation>
    <wsdl:operation name="moveDownETAPinList">
      <wsdl:documentation xmlns:wsdl="http://schemas.xmlsoap.org/wsdl/">Descend une étape de la sélection et récupère la liste formattée</wsdl:documentation>
      <wsdl:input message="tns:moveDownETAPinListSoapIn" />
      <wsdl:output message="tns:moveDownETAPinListSoapOut" />
    </wsdl:operation>
    <wsdl:operation name="clearSelection">
      <wsdl:documentation xmlns:wsdl="http://schemas.xmlsoap.org/wsdl/">Vide la sélection en session</wsdl:documentation>
      <wsdl:input message="tns:clearSelectionSoapIn" />
      <wsdl:output message="tns:clearSelectionSoapOut" />
    </wsdl:operation>
    <wsdl:operation name="loadSelection">
      <wsdl:documentation xmlns:wsdl="http://schemas.xmlsoap.org/wsdl/">Charge un parcours dans la sélection et remontée de la sélection en HTML</wsdl:documentation>
      <wsdl:input message="tns:loadSelectionSoapIn" />
      <wsdl:output message="tns:loadSelectionSoapOut" />
    </wsdl:operation>
    <wsdl:operation name="getFormatedSelection">
      <wsdl:documentation xmlns:wsdl="http://schemas.xmlsoap.org/wsdl/">Récupère la sélection en session formattée en HTML</wsdl:documentation>
      <wsdl:input message="tns:getFormatedSelectionSoapIn" />
      <wsdl:output message="tns:getFormatedSelectionSoapOut" />
    </wsdl:operation>
    <wsdl:operation name="getSelection">
      <wsdl:documentation xmlns:wsdl="http://schemas.xmlsoap.org/wsdl/">Récupère la sélection en session</wsdl:documentation>
      <wsdl:input message="tns:getSelectionSoapIn" />
      <wsdl:output message="tns:getSelectionSoapOut" />
    </wsdl:operation>
    <wsdl:operation name="getSelectionXML">
      <wsdl:documentation xmlns:wsdl="http://schemas.xmlsoap.org/wsdl/">Récupère la description XML d'un groupe</wsdl:documentation>
      <wsdl:input message="tns:getSelectionXMLSoapIn" />
      <wsdl:output message="tns:getSelectionXMLSoapOut" />
    </wsdl:operation>
    <wsdl:operation name="saveSelection">
      <wsdl:documentation xmlns:wsdl="http://schemas.xmlsoap.org/wsdl/">Sauve la sélection</wsdl:documentation>
      <wsdl:input message="tns:saveSelectionSoapIn" />
      <wsdl:output message="tns:saveSelectionSoapOut" />
    </wsdl:operation>
    <wsdl:operation name="deleteGroupeFromDatabase">
      <wsdl:documentation xmlns:wsdl="http://schemas.xmlsoap.org/wsdl/">Delete un groupe de la base de données</wsdl:documentation>
      <wsdl:input message="tns:deleteGroupeFromDatabaseSoapIn" />
      <wsdl:output message="tns:deleteGroupeFromDatabaseSoapOut" />
    </wsdl:operation>
    <wsdl:operation name="loadUserTrips">
      <wsdl:documentation xmlns:wsdl="http://schemas.xmlsoap.org/wsdl/">Récupère une liste de voyages d'un type donné</wsdl:documentation>
      <wsdl:input message="tns:loadUserTripsSoapIn" />
      <wsdl:output message="tns:loadUserTripsSoapOut" />
    </wsdl:operation>
    <wsdl:operation name="removeTipFromTrip">
      <wsdl:documentation xmlns:wsdl="http://schemas.xmlsoap.org/wsdl/">Récupère une liste de voyages d'un type donné</wsdl:documentation>
      <wsdl:input message="tns:removeTipFromTripSoapIn" />
      <wsdl:output message="tns:removeTipFromTripSoapOut" />
    </wsdl:operation>
    <wsdl:operation name="createCDV">
      <wsdl:documentation xmlns:wsdl="http://schemas.xmlsoap.org/wsdl/">Crée un nouveau CDV et retourne le code</wsdl:documentation>
      <wsdl:input message="tns:createCDVSoapIn" />
      <wsdl:output message="tns:createCDVSoapOut" />
    </wsdl:operation>
    <wsdl:operation name="modifyCDVName">
      <wsdl:documentation xmlns:wsdl="http://schemas.xmlsoap.org/wsdl/">Modifie le nom d'un CDV</wsdl:documentation>
      <wsdl:input message="tns:modifyCDVNameSoapIn" />
      <wsdl:output message="tns:modifyCDVNameSoapOut" />
    </wsdl:operation>
    <wsdl:operation name="moveStopInCDV">
      <wsdl:input message="tns:moveStopInCDVSoapIn" />
      <wsdl:output message="tns:moveStopInCDVSoapOut" />
    </wsdl:operation>
  </wsdl:portType>
  <wsdl:portType name="MWGroupeServiceHttpGet">
    <wsdl:operation name="getSelectionCount">
      <wsdl:documentation xmlns:wsdl="http://schemas.xmlsoap.org/wsdl/">Récupère le nombre de GroupeElements sélectionnés en Session</wsdl:documentation>
      <wsdl:input message="tns:getSelectionCountHttpGetIn" />
      <wsdl:output message="tns:getSelectionCountHttpGetOut" />
    </wsdl:operation>
    <wsdl:operation name="deleteElementFromSelection">
      <wsdl:documentation xmlns:wsdl="http://schemas.xmlsoap.org/wsdl/">Delete un élément de la sélection et récupère la liste formattée</wsdl:documentation>
      <wsdl:input message="tns:deleteElementFromSelectionHttpGetIn" />
      <wsdl:output message="tns:deleteElementFromSelectionHttpGetOut" />
    </wsdl:operation>
    <wsdl:operation name="moveUpElementInSelection">
      <wsdl:documentation xmlns:wsdl="http://schemas.xmlsoap.org/wsdl/">Remonte un élément de la sélection et récupère la liste formattée</wsdl:documentation>
      <wsdl:input message="tns:moveUpElementInSelectionHttpGetIn" />
      <wsdl:output message="tns:moveUpElementInSelectionHttpGetOut" />
    </wsdl:operation>
    <wsdl:operation name="moveElementInSelection">
      <wsdl:documentation xmlns:wsdl="http://schemas.xmlsoap.org/wsdl/">Remonte un élément de la sélection et récupère la liste formattée</wsdl:documentation>
      <wsdl:input message="tns:moveElementInSelectionHttpGetIn" />
      <wsdl:output message="tns:moveElementInSelectionHttpGetOut" />
    </wsdl:operation>
    <wsdl:operation name="moveDownElementInSelection">
      <wsdl:documentation xmlns:wsdl="http://schemas.xmlsoap.org/wsdl/">Descend un élément de la sélection et récupère la liste formattée</wsdl:documentation>
      <wsdl:input message="tns:moveDownElementInSelectionHttpGetIn" />
      <wsdl:output message="tns:moveDownElementInSelectionHttpGetOut" />
    </wsdl:operation>
    <wsdl:operation name="moveUpETAPinList">
      <wsdl:documentation xmlns:wsdl="http://schemas.xmlsoap.org/wsdl/">Remonte une étape de la sélection et récupère la liste formattée</wsdl:documentation>
      <wsdl:input message="tns:moveUpETAPinListHttpGetIn" />
      <wsdl:output message="tns:moveUpETAPinListHttpGetOut" />
    </wsdl:operation>
    <wsdl:operation name="moveDownETAPinList">
      <wsdl:documentation xmlns:wsdl="http://schemas.xmlsoap.org/wsdl/">Descend une étape de la sélection et récupère la liste formattée</wsdl:documentation>
      <wsdl:input message="tns:moveDownETAPinListHttpGetIn" />
      <wsdl:output message="tns:moveDownETAPinListHttpGetOut" />
    </wsdl:operation>
    <wsdl:operation name="clearSelection">
      <wsdl:documentation xmlns:wsdl="http://schemas.xmlsoap.org/wsdl/">Vide la sélection en session</wsdl:documentation>
      <wsdl:input message="tns:clearSelectionHttpGetIn" />
      <wsdl:output message="tns:clearSelectionHttpGetOut" />
    </wsdl:operation>
    <wsdl:operation name="loadSelection">
      <wsdl:documentation xmlns:wsdl="http://schemas.xmlsoap.org/wsdl/">Charge un parcours dans la sélection et remontée de la sélection en HTML</wsdl:documentation>
      <wsdl:input message="tns:loadSelectionHttpGetIn" />
      <wsdl:output message="tns:loadSelectionHttpGetOut" />
    </wsdl:operation>
    <wsdl:operation name="getFormatedSelection">
      <wsdl:documentation xmlns:wsdl="http://schemas.xmlsoap.org/wsdl/">Récupère la sélection en session formattée en HTML</wsdl:documentation>
      <wsdl:input message="tns:getFormatedSelectionHttpGetIn" />
      <wsdl:output message="tns:getFormatedSelectionHttpGetOut" />
    </wsdl:operation>
    <wsdl:operation name="getSelection">
      <wsdl:documentation xmlns:wsdl="http://schemas.xmlsoap.org/wsdl/">Récupère la sélection en session</wsdl:documentation>
      <wsdl:input message="tns:getSelectionHttpGetIn" />
      <wsdl:output message="tns:getSelectionHttpGetOut" />
    </wsdl:operation>
    <wsdl:operation name="getSelectionXML">
      <wsdl:documentation xmlns:wsdl="http://schemas.xmlsoap.org/wsdl/">Récupère la description XML d'un groupe</wsdl:documentation>
      <wsdl:input message="tns:getSelectionXMLHttpGetIn" />
      <wsdl:output message="tns:getSelectionXMLHttpGetOut" />
    </wsdl:operation>
    <wsdl:operation name="saveSelection">
      <wsdl:documentation xmlns:wsdl="http://schemas.xmlsoap.org/wsdl/">Sauve la sélection</wsdl:documentation>
      <wsdl:input message="tns:saveSelectionHttpGetIn" />
      <wsdl:output message="tns:saveSelectionHttpGetOut" />
    </wsdl:operation>
    <wsdl:operation name="deleteGroupeFromDatabase">
      <wsdl:documentation xmlns:wsdl="http://schemas.xmlsoap.org/wsdl/">Delete un groupe de la base de données</wsdl:documentation>
      <wsdl:input message="tns:deleteGroupeFromDatabaseHttpGetIn" />
      <wsdl:output message="tns:deleteGroupeFromDatabaseHttpGetOut" />
    </wsdl:operation>
    <wsdl:operation name="loadUserTrips">
      <wsdl:documentation xmlns:wsdl="http://schemas.xmlsoap.org/wsdl/">Récupère une liste de voyages d'un type donné</wsdl:documentation>
      <wsdl:input message="tns:loadUserTripsHttpGetIn" />
      <wsdl:output message="tns:loadUserTripsHttpGetOut" />
    </wsdl:operation>
    <wsdl:operation name="removeTipFromTrip">
      <wsdl:documentation xmlns:wsdl="http://schemas.xmlsoap.org/wsdl/">Récupère une liste de voyages d'un type donné</wsdl:documentation>
      <wsdl:input message="tns:removeTipFromTripHttpGetIn" />
      <wsdl:output message="tns:removeTipFromTripHttpGetOut" />
    </wsdl:operation>
    <wsdl:operation name="createCDV">
      <wsdl:documentation xmlns:wsdl="http://schemas.xmlsoap.org/wsdl/">Crée un nouveau CDV et retourne le code</wsdl:documentation>
      <wsdl:input message="tns:createCDVHttpGetIn" />
      <wsdl:output message="tns:createCDVHttpGetOut" />
    </wsdl:operation>
    <wsdl:operation name="modifyCDVName">
      <wsdl:documentation xmlns:wsdl="http://schemas.xmlsoap.org/wsdl/">Modifie le nom d'un CDV</wsdl:documentation>
      <wsdl:input message="tns:modifyCDVNameHttpGetIn" />
      <wsdl:output message="tns:modifyCDVNameHttpGetOut" />
    </wsdl:operation>
    <wsdl:operation name="moveStopInCDV">
      <wsdl:input message="tns:moveStopInCDVHttpGetIn" />
      <wsdl:output message="tns:moveStopInCDVHttpGetOut" />
    </wsdl:operation>
  </wsdl:portType>
  <wsdl:binding name="MWGroupeServiceSoap" type="tns:MWGroupeServiceSoap">
    <soap:binding transport="http://schemas.xmlsoap.org/soap/http" />
    <wsdl:operation name="getSelectionCount">
      <soap:operation soapAction="http://tempuri.org/getSelectionCount" style="document" />
      <wsdl:input>
        <soap:body use="literal" />
      </wsdl:input>
      <wsdl:output>
        <soap:body use="literal" />
      </wsdl:output>
    </wsdl:operation>
    <wsdl:operation name="insertElementInSelection">
      <soap:operation soapAction="http://tempuri.org/insertElementInSelection" style="document" />
      <wsdl:input>
        <soap:body use="literal" />
      </wsdl:input>
      <wsdl:output>
        <soap:body use="literal" />
      </wsdl:output>
    </wsdl:operation>
    <wsdl:operation name="insertItineraryInSelection">
      <soap:operation soapAction="http://tempuri.org/insertItineraryInSelection" style="document" />
      <wsdl:input>
        <soap:body use="literal" />
      </wsdl:input>
      <wsdl:output>
        <soap:body use="literal" />
      </wsdl:output>
    </wsdl:operation>
    <wsdl:operation name="insertNoteInSelection">
      <soap:operation soapAction="http://tempuri.org/insertNoteInSelection" style="document" />
      <wsdl:input>
        <soap:body use="literal" />
      </wsdl:input>
      <wsdl:output>
        <soap:body use="literal" />
      </wsdl:output>
    </wsdl:operation>
    <wsdl:operation name="ModifyNoteInSelection">
      <soap:operation soapAction="http://tempuri.org/ModifyNoteInSelection" style="document" />
      <wsdl:input>
        <soap:body use="literal" />
      </wsdl:input>
      <wsdl:output>
        <soap:body use="literal" />
      </wsdl:output>
    </wsdl:operation>
    <wsdl:operation name="deleteElementFromSelection">
      <soap:operation soapAction="http://tempuri.org/deleteElementFromSelection" style="document" />
      <wsdl:input>
        <soap:body use="literal" />
      </wsdl:input>
      <wsdl:output>
        <soap:body use="literal" />
      </wsdl:output>
    </wsdl:operation>
    <wsdl:operation name="moveUpElementInSelection">
      <soap:operation soapAction="http://tempuri.org/moveUpElementInSelection" style="document" />
      <wsdl:input>
        <soap:body use="literal" />
      </wsdl:input>
      <wsdl:output>
        <soap:body use="literal" />
      </wsdl:output>
    </wsdl:operation>
    <wsdl:operation name="moveElementInSelection">
      <soap:operation soapAction="http://tempuri.org/moveElementInSelection" style="document" />
      <wsdl:input>
        <soap:body use="literal" />
      </wsdl:input>
      <wsdl:output>
        <soap:body use="literal" />
      </wsdl:output>
    </wsdl:operation>
    <wsdl:operation name="moveDownElementInSelection">
      <soap:operation soapAction="http://tempuri.org/moveDownElementInSelection" style="document" />
      <wsdl:input>
        <soap:body use="literal" />
      </wsdl:input>
      <wsdl:output>
        <soap:body use="literal" />
      </wsdl:output>
    </wsdl:operation>
    <wsdl:operation name="setElementStartDateInSelection">
      <soap:operation soapAction="http://tempuri.org/setElementStartDateInSelection" style="document" />
      <wsdl:input>
        <soap:body use="literal" />
      </wsdl:input>
      <wsdl:output>
        <soap:body use="literal" />
      </wsdl:output>
    </wsdl:operation>
    <wsdl:operation name="moveUpETAPinList">
      <soap:operation soapAction="http://tempuri.org/moveUpETAPinList" style="document" />
      <wsdl:input>
        <soap:body use="literal" />
      </wsdl:input>
      <wsdl:output>
        <soap:body use="literal" />
      </wsdl:output>
    </wsdl:operation>
    <wsdl:operation name="moveDownETAPinList">
      <soap:operation soapAction="http://tempuri.org/moveDownETAPinList" style="document" />
      <wsdl:input>
        <soap:body use="literal" />
      </wsdl:input>
      <wsdl:output>
        <soap:body use="literal" />
      </wsdl:output>
    </wsdl:operation>
    <wsdl:operation name="clearSelection">
      <soap:operation soapAction="http://tempuri.org/clearSelection" style="document" />
      <wsdl:input>
        <soap:body use="literal" />
      </wsdl:input>
      <wsdl:output>
        <soap:body use="literal" />
      </wsdl:output>
    </wsdl:operation>
    <wsdl:operation name="loadSelection">
      <soap:operation soapAction="http://tempuri.org/loadSelection" style="document" />
      <wsdl:input>
        <soap:body use="literal" />
      </wsdl:input>
      <wsdl:output>
        <soap:body use="literal" />
      </wsdl:output>
    </wsdl:operation>
    <wsdl:operation name="getFormatedSelection">
      <soap:operation soapAction="http://tempuri.org/getFormatedSelection" style="document" />
      <wsdl:input>
        <soap:body use="literal" />
      </wsdl:input>
      <wsdl:output>
        <soap:body use="literal" />
      </wsdl:output>
    </wsdl:operation>
    <wsdl:operation name="getSelection">
      <soap:operation soapAction="http://tempuri.org/getSelection" style="document" />
      <wsdl:input>
        <soap:body use="literal" />
      </wsdl:input>
      <wsdl:output>
        <soap:body use="literal" />
      </wsdl:output>
    </wsdl:operation>
    <wsdl:operation name="getSelectionXML">
      <soap:operation soapAction="http://tempuri.org/getSelectionXML" style="document" />
      <wsdl:input>
        <soap:body use="literal" />
      </wsdl:input>
      <wsdl:output>
        <soap:body use="literal" />
      </wsdl:output>
    </wsdl:operation>
    <wsdl:operation name="saveSelection">
      <soap:operation soapAction="http://tempuri.org/saveSelection" style="document" />
      <wsdl:input>
        <soap:body use="literal" />
      </wsdl:input>
      <wsdl:output>
        <soap:body use="literal" />
      </wsdl:output>
    </wsdl:operation>
    <wsdl:operation name="deleteGroupeFromDatabase">
      <soap:operation soapAction="http://tempuri.org/deleteGroupeFromDatabase" style="document" />
      <wsdl:input>
        <soap:body use="literal" />
      </wsdl:input>
      <wsdl:output>
        <soap:body use="literal" />
      </wsdl:output>
    </wsdl:operation>
    <wsdl:operation name="loadUserTrips">
      <soap:operation soapAction="http://tempuri.org/loadUserTrips" style="document" />
      <wsdl:input>
        <soap:body use="literal" />
      </wsdl:input>
      <wsdl:output>
        <soap:body use="literal" />
      </wsdl:output>
    </wsdl:operation>
    <wsdl:operation name="removeTipFromTrip">
      <soap:operation soapAction="http://tempuri.org/removeTipFromTrip" style="document" />
      <wsdl:input>
        <soap:body use="literal" />
      </wsdl:input>
      <wsdl:output>
        <soap:body use="literal" />
      </wsdl:output>
    </wsdl:operation>
    <wsdl:operation name="createCDV">
      <soap:operation soapAction="http://tempuri.org/createCDV" style="document" />
      <wsdl:input>
        <soap:body use="literal" />
      </wsdl:input>
      <wsdl:output>
        <soap:body use="literal" />
      </wsdl:output>
    </wsdl:operation>
    <wsdl:operation name="modifyCDVName">
      <soap:operation soapAction="http://tempuri.org/modifyCDVName" style="document" />
      <wsdl:input>
        <soap:body use="literal" />
      </wsdl:input>
      <wsdl:output>
        <soap:body use="literal" />
      </wsdl:output>
    </wsdl:operation>
    <wsdl:operation name="moveStopInCDV">
      <soap:operation soapAction="http://tempuri.org/moveStopInCDV" style="document" />
      <wsdl:input>
        <soap:body use="literal" />
      </wsdl:input>
      <wsdl:output>
        <soap:body use="literal" />
      </wsdl:output>
    </wsdl:operation>
  </wsdl:binding>
  <wsdl:binding name="MWGroupeServiceSoap12" type="tns:MWGroupeServiceSoap">
    <soap12:binding transport="http://schemas.xmlsoap.org/soap/http" />
    <wsdl:operation name="getSelectionCount">
      <soap12:operation soapAction="http://tempuri.org/getSelectionCount" style="document" />
      <wsdl:input>
        <soap12:body use="literal" />
      </wsdl:input>
      <wsdl:output>
        <soap12:body use="literal" />
      </wsdl:output>
    </wsdl:operation>
    <wsdl:operation name="insertElementInSelection">
      <soap12:operation soapAction="http://tempuri.org/insertElementInSelection" style="document" />
      <wsdl:input>
        <soap12:body use="literal" />
      </wsdl:input>
      <wsdl:output>
        <soap12:body use="literal" />
      </wsdl:output>
    </wsdl:operation>
    <wsdl:operation name="insertItineraryInSelection">
      <soap12:operation soapAction="http://tempuri.org/insertItineraryInSelection" style="document" />
      <wsdl:input>
        <soap12:body use="literal" />
      </wsdl:input>
      <wsdl:output>
        <soap12:body use="literal" />
      </wsdl:output>
    </wsdl:operation>
    <wsdl:operation name="insertNoteInSelection">
      <soap12:operation soapAction="http://tempuri.org/insertNoteInSelection" style="document" />
      <wsdl:input>
        <soap12:body use="literal" />
      </wsdl:input>
      <wsdl:output>
        <soap12:body use="literal" />
      </wsdl:output>
    </wsdl:operation>
    <wsdl:operation name="ModifyNoteInSelection">
      <soap12:operation soapAction="http://tempuri.org/ModifyNoteInSelection" style="document" />
      <wsdl:input>
        <soap12:body use="literal" />
      </wsdl:input>
      <wsdl:output>
        <soap12:body use="literal" />
      </wsdl:output>
    </wsdl:operation>
    <wsdl:operation name="deleteElementFromSelection">
      <soap12:operation soapAction="http://tempuri.org/deleteElementFromSelection" style="document" />
      <wsdl:input>
        <soap12:body use="literal" />
      </wsdl:input>
      <wsdl:output>
        <soap12:body use="literal" />
      </wsdl:output>
    </wsdl:operation>
    <wsdl:operation name="moveUpElementInSelection">
      <soap12:operation soapAction="http://tempuri.org/moveUpElementInSelection" style="document" />
      <wsdl:input>
        <soap12:body use="literal" />
      </wsdl:input>
      <wsdl:output>
        <soap12:body use="literal" />
      </wsdl:output>
    </wsdl:operation>
    <wsdl:operation name="moveElementInSelection">
      <soap12:operation soapAction="http://tempuri.org/moveElementInSelection" style="document" />
      <wsdl:input>
        <soap12:body use="literal" />
      </wsdl:input>
      <wsdl:output>
        <soap12:body use="literal" />
      </wsdl:output>
    </wsdl:operation>
    <wsdl:operation name="moveDownElementInSelection">
      <soap12:operation soapAction="http://tempuri.org/moveDownElementInSelection" style="document" />
      <wsdl:input>
        <soap12:body use="literal" />
      </wsdl:input>
      <wsdl:output>
        <soap12:body use="literal" />
      </wsdl:output>
    </wsdl:operation>
    <wsdl:operation name="setElementStartDateInSelection">
      <soap12:operation soapAction="http://tempuri.org/setElementStartDateInSelection" style="document" />
      <wsdl:input>
        <soap12:body use="literal" />
      </wsdl:input>
      <wsdl:output>
        <soap12:body use="literal" />
      </wsdl:output>
    </wsdl:operation>
    <wsdl:operation name="moveUpETAPinList">
      <soap12:operation soapAction="http://tempuri.org/moveUpETAPinList" style="document" />
      <wsdl:input>
        <soap12:body use="literal" />
      </wsdl:input>
      <wsdl:output>
        <soap12:body use="literal" />
      </wsdl:output>
    </wsdl:operation>
    <wsdl:operation name="moveDownETAPinList">
      <soap12:operation soapAction="http://tempuri.org/moveDownETAPinList" style="document" />
      <wsdl:input>
        <soap12:body use="literal" />
      </wsdl:input>
      <wsdl:output>
        <soap12:body use="literal" />
      </wsdl:output>
    </wsdl:operation>
    <wsdl:operation name="clearSelection">
      <soap12:operation soapAction="http://tempuri.org/clearSelection" style="document" />
      <wsdl:input>
        <soap12:body use="literal" />
      </wsdl:input>
      <wsdl:output>
        <soap12:body use="literal" />
      </wsdl:output>
    </wsdl:operation>
    <wsdl:operation name="loadSelection">
      <soap12:operation soapAction="http://tempuri.org/loadSelection" style="document" />
      <wsdl:input>
        <soap12:body use="literal" />
      </wsdl:input>
      <wsdl:output>
        <soap12:body use="literal" />
      </wsdl:output>
    </wsdl:operation>
    <wsdl:operation name="getFormatedSelection">
      <soap12:operation soapAction="http://tempuri.org/getFormatedSelection" style="document" />
      <wsdl:input>
        <soap12:body use="literal" />
      </wsdl:input>
      <wsdl:output>
        <soap12:body use="literal" />
      </wsdl:output>
    </wsdl:operation>
    <wsdl:operation name="getSelection">
      <soap12:operation soapAction="http://tempuri.org/getSelection" style="document" />
      <wsdl:input>
        <soap12:body use="literal" />
      </wsdl:input>
      <wsdl:output>
        <soap12:body use="literal" />
      </wsdl:output>
    </wsdl:operation>
    <wsdl:operation name="getSelectionXML">
      <soap12:operation soapAction="http://tempuri.org/getSelectionXML" style="document" />
      <wsdl:input>
        <soap12:body use="literal" />
      </wsdl:input>
      <wsdl:output>
        <soap12:body use="literal" />
      </wsdl:output>
    </wsdl:operation>
    <wsdl:operation name="saveSelection">
      <soap12:operation soapAction="http://tempuri.org/saveSelection" style="document" />
      <wsdl:input>
        <soap12:body use="literal" />
      </wsdl:input>
      <wsdl:output>
        <soap12:body use="literal" />
      </wsdl:output>
    </wsdl:operation>
    <wsdl:operation name="deleteGroupeFromDatabase">
      <soap12:operation soapAction="http://tempuri.org/deleteGroupeFromDatabase" style="document" />
      <wsdl:input>
        <soap12:body use="literal" />
      </wsdl:input>
      <wsdl:output>
        <soap12:body use="literal" />
      </wsdl:output>
    </wsdl:operation>
    <wsdl:operation name="loadUserTrips">
      <soap12:operation soapAction="http://tempuri.org/loadUserTrips" style="document" />
      <wsdl:input>
        <soap12:body use="literal" />
      </wsdl:input>
      <wsdl:output>
        <soap12:body use="literal" />
      </wsdl:output>
    </wsdl:operation>
    <wsdl:operation name="removeTipFromTrip">
      <soap12:operation soapAction="http://tempuri.org/removeTipFromTrip" style="document" />
      <wsdl:input>
        <soap12:body use="literal" />
      </wsdl:input>
      <wsdl:output>
        <soap12:body use="literal" />
      </wsdl:output>
    </wsdl:operation>
    <wsdl:operation name="createCDV">
      <soap12:operation soapAction="http://tempuri.org/createCDV" style="document" />
      <wsdl:input>
        <soap12:body use="literal" />
      </wsdl:input>
      <wsdl:output>
        <soap12:body use="literal" />
      </wsdl:output>
    </wsdl:operation>
    <wsdl:operation name="modifyCDVName">
      <soap12:operation soapAction="http://tempuri.org/modifyCDVName" style="document" />
      <wsdl:input>
        <soap12:body use="literal" />
      </wsdl:input>
      <wsdl:output>
        <soap12:body use="literal" />
      </wsdl:output>
    </wsdl:operation>
    <wsdl:operation name="moveStopInCDV">
      <soap12:operation soapAction="http://tempuri.org/moveStopInCDV" style="document" />
      <wsdl:input>
        <soap12:body use="literal" />
      </wsdl:input>
      <wsdl:output>
        <soap12:body use="literal" />
      </wsdl:output>
    </wsdl:operation>
  </wsdl:binding>
  <wsdl:binding name="MWGroupeServiceHttpGet" type="tns:MWGroupeServiceHttpGet">
    <http:binding verb="GET" />
    <wsdl:operation name="getSelectionCount">
      <http:operation location="/getSelectionCount" />
      <wsdl:input>
        <http:urlEncoded />
      </wsdl:input>
      <wsdl:output>
        <mime:mimeXml part="Body" />
      </wsdl:output>
    </wsdl:operation>
    <wsdl:operation name="deleteElementFromSelection">
      <http:operation location="/deleteElementFromSelection" />
      <wsdl:input>
        <http:urlEncoded />
      </wsdl:input>
      <wsdl:output>
        <mime:mimeXml part="Body" />
      </wsdl:output>
    </wsdl:operation>
    <wsdl:operation name="moveUpElementInSelection">
      <http:operation location="/moveUpElementInSelection" />
      <wsdl:input>
        <http:urlEncoded />
      </wsdl:input>
      <wsdl:output>
        <mime:mimeXml part="Body" />
      </wsdl:output>
    </wsdl:operation>
    <wsdl:operation name="moveElementInSelection">
      <http:operation location="/moveElementInSelection" />
      <wsdl:input>
        <http:urlEncoded />
      </wsdl:input>
      <wsdl:output>
        <mime:mimeXml part="Body" />
      </wsdl:output>
    </wsdl:operation>
    <wsdl:operation name="moveDownElementInSelection">
      <http:operation location="/moveDownElementInSelection" />
      <wsdl:input>
        <http:urlEncoded />
      </wsdl:input>
      <wsdl:output>
        <mime:mimeXml part="Body" />
      </wsdl:output>
    </wsdl:operation>
    <wsdl:operation name="moveUpETAPinList">
      <http:operation location="/moveUpETAPinList" />
      <wsdl:input>
        <http:urlEncoded />
      </wsdl:input>
      <wsdl:output>
        <mime:mimeXml part="Body" />
      </wsdl:output>
    </wsdl:operation>
    <wsdl:operation name="moveDownETAPinList">
      <http:operation location="/moveDownETAPinList" />
      <wsdl:input>
        <http:urlEncoded />
      </wsdl:input>
      <wsdl:output>
        <mime:mimeXml part="Body" />
      </wsdl:output>
    </wsdl:operation>
    <wsdl:operation name="clearSelection">
      <http:operation location="/clearSelection" />
      <wsdl:input>
        <http:urlEncoded />
      </wsdl:input>
      <wsdl:output>
        <mime:mimeXml part="Body" />
      </wsdl:output>
    </wsdl:operation>
    <wsdl:operation name="loadSelection">
      <http:operation location="/loadSelection" />
      <wsdl:input>
        <http:urlEncoded />
      </wsdl:input>
      <wsdl:output>
        <mime:mimeXml part="Body" />
      </wsdl:output>
    </wsdl:operation>
    <wsdl:operation name="getFormatedSelection">
      <http:operation location="/getFormatedSelection" />
      <wsdl:input>
        <http:urlEncoded />
      </wsdl:input>
      <wsdl:output>
        <mime:mimeXml part="Body" />
      </wsdl:output>
    </wsdl:operation>
    <wsdl:operation name="getSelection">
      <http:operation location="/getSelection" />
      <wsdl:input>
        <http:urlEncoded />
      </wsdl:input>
      <wsdl:output>
        <mime:mimeXml part="Body" />
      </wsdl:output>
    </wsdl:operation>
    <wsdl:operation name="getSelectionXML">
      <http:operation location="/getSelectionXML" />
      <wsdl:input>
        <http:urlEncoded />
      </wsdl:input>
      <wsdl:output>
        <mime:mimeXml part="Body" />
      </wsdl:output>
    </wsdl:operation>
    <wsdl:operation name="saveSelection">
      <http:operation location="/saveSelection" />
      <wsdl:input>
        <http:urlEncoded />
      </wsdl:input>
      <wsdl:output>
        <mime:mimeXml part="Body" />
      </wsdl:output>
    </wsdl:operation>
    <wsdl:operation name="deleteGroupeFromDatabase">
      <http:operation location="/deleteGroupeFromDatabase" />
      <wsdl:input>
        <http:urlEncoded />
      </wsdl:input>
      <wsdl:output>
        <mime:mimeXml part="Body" />
      </wsdl:output>
    </wsdl:operation>
    <wsdl:operation name="loadUserTrips">
      <http:operation location="/loadUserTrips" />
      <wsdl:input>
        <http:urlEncoded />
      </wsdl:input>
      <wsdl:output>
        <mime:mimeXml part="Body" />
      </wsdl:output>
    </wsdl:operation>
    <wsdl:operation name="removeTipFromTrip">
      <http:operation location="/removeTipFromTrip" />
      <wsdl:input>
        <http:urlEncoded />
      </wsdl:input>
      <wsdl:output>
        <mime:mimeXml part="Body" />
      </wsdl:output>
    </wsdl:operation>
    <wsdl:operation name="createCDV">
      <http:operation location="/createCDV" />
      <wsdl:input>
        <http:urlEncoded />
      </wsdl:input>
      <wsdl:output>
        <mime:mimeXml part="Body" />
      </wsdl:output>
    </wsdl:operation>
    <wsdl:operation name="modifyCDVName">
      <http:operation location="/modifyCDVName" />
      <wsdl:input>
        <http:urlEncoded />
      </wsdl:input>
      <wsdl:output>
        <mime:mimeXml part="Body" />
      </wsdl:output>
    </wsdl:operation>
    <wsdl:operation name="moveStopInCDV">
      <http:operation location="/moveStopInCDV" />
      <wsdl:input>
        <http:urlEncoded />
      </wsdl:input>
      <wsdl:output>
        <mime:mimeXml part="Body" />
      </wsdl:output>
    </wsdl:operation>
  </wsdl:binding>
  <wsdl:service name="MWGroupeService">
    <wsdl:port name="MWGroupeServiceSoap" binding="tns:MWGroupeServiceSoap">
      <soap:address location="http://triptoyou.com/MWGroupeService.asmx" />
    </wsdl:port>
    <wsdl:port name="MWGroupeServiceSoap12" binding="tns:MWGroupeServiceSoap12">
      <soap12:address location="http://triptoyou.com/MWGroupeService.asmx" />
    </wsdl:port>
    <wsdl:port name="MWGroupeServiceHttpGet" binding="tns:MWGroupeServiceHttpGet">
      <http:address location="http://triptoyou.com/MWGroupeService.asmx" />
    </wsdl:port>
  </wsdl:service>
</wsdl:definitions>
