<?xml version="1.0" encoding="utf-8"?>

<!--
This is the seekda cache of the WSDL definition available at http://maps.oberpfaelzerwald.de/MapAjaxService.asmx?WSDL.
seekdas cache is a snapshot that we took as we crawled the Web.
The service may have changed since the last crawl.
seekda is neither affiliated with the authors of this service nor responsible for its advertised functionality.

-->

<wsdl:definitions xmlns:soap="http://schemas.xmlsoap.org/wsdl/soap/" xmlns:tm="http://microsoft.com/wsdl/mime/textMatching/" xmlns:soapenc="http://schemas.xmlsoap.org/soap/encoding/" xmlns:mime="http://schemas.xmlsoap.org/wsdl/mime/" xmlns:tns="http://tempuri.org/" xmlns:s="http://www.w3.org/2001/XMLSchema" xmlns:soap12="http://schemas.xmlsoap.org/wsdl/soap12/" xmlns:http="http://schemas.xmlsoap.org/wsdl/http/" targetNamespace="http://tempuri.org/" xmlns:wsdl="http://schemas.xmlsoap.org/wsdl/">
  <wsdl:types>
    <s:schema elementFormDefault="qualified" targetNamespace="http://tempuri.org/">
      <s:element name="GetVEPinData">
        <s:complexType>
          <s:sequence>
            <s:element minOccurs="0" maxOccurs="1" name="encodedBounds" type="s:string" />
            <s:element minOccurs="1" maxOccurs="1" name="startIndex" type="s:int" />
            <s:element minOccurs="0" maxOccurs="1" name="ignorePinIDs" type="s:string" />
            <s:element minOccurs="0" maxOccurs="1" name="ignoreCategoryIndex" type="s:string" />
          </s:sequence>
        </s:complexType>
      </s:element>
      <s:element name="GetVEPinDataResponse">
        <s:complexType>
          <s:sequence>
            <s:element minOccurs="0" maxOccurs="1" name="GetVEPinDataResult" type="tns:PinDatas" />
          </s:sequence>
        </s:complexType>
      </s:element>
      <s:complexType name="PinDatas">
        <s:sequence>
          <s:element minOccurs="1" maxOccurs="1" name="Count" type="s:int" />
          <s:element minOccurs="0" maxOccurs="1" name="PinData" type="tns:ArrayOfPinData" />
        </s:sequence>
      </s:complexType>
      <s:complexType name="ArrayOfPinData">
        <s:sequence>
          <s:element minOccurs="0" maxOccurs="unbounded" name="PinData" nillable="true" type="tns:PinData" />
        </s:sequence>
      </s:complexType>
      <s:complexType name="PinData">
        <s:sequence>
          <s:element minOccurs="0" maxOccurs="1" name="Polygon" type="s:string" />
          <s:element minOccurs="0" maxOccurs="1" name="LocalId" type="s:string" />
          <s:element minOccurs="0" maxOccurs="1" name="ContentId" type="s:string" />
          <s:element minOccurs="0" maxOccurs="1" name="Url" type="s:string" />
          <s:element minOccurs="0" maxOccurs="1" name="Link" type="s:string" />
          <s:element minOccurs="0" maxOccurs="1" name="City" type="s:string" />
          <s:element minOccurs="0" maxOccurs="1" name="Category" type="s:string" />
          <s:element minOccurs="0" maxOccurs="1" name="Lon" type="s:string" />
          <s:element minOccurs="0" maxOccurs="1" name="Lat" type="s:string" />
          <s:element minOccurs="0" maxOccurs="1" name="Title" type="s:string" />
          <s:element minOccurs="0" maxOccurs="1" name="Details" type="s:string" />
          <s:element minOccurs="0" maxOccurs="1" name="CategoryImage" type="s:string" />
        </s:sequence>
      </s:complexType>
      <s:element name="GetVEPinDataByLatLon">
        <s:complexType>
          <s:sequence>
            <s:element minOccurs="0" maxOccurs="1" name="lat" type="s:string" />
            <s:element minOccurs="0" maxOccurs="1" name="lon" type="s:string" />
            <s:element minOccurs="0" maxOccurs="1" name="title" type="s:string" />
          </s:sequence>
        </s:complexType>
      </s:element>
      <s:element name="GetVEPinDataByLatLonResponse">
        <s:complexType>
          <s:sequence>
            <s:element minOccurs="0" maxOccurs="1" name="GetVEPinDataByLatLonResult" type="tns:PinDatas" />
          </s:sequence>
        </s:complexType>
      </s:element>
      <s:element name="GetGeoRouteById">
        <s:complexType>
          <s:sequence>
            <s:element minOccurs="0" maxOccurs="1" name="id" type="s:string" />
          </s:sequence>
        </s:complexType>
      </s:element>
      <s:element name="GetGeoRouteByIdResponse">
        <s:complexType>
          <s:sequence>
            <s:element minOccurs="0" maxOccurs="1" name="GetGeoRouteByIdResult" type="tns:PinData" />
          </s:sequence>
        </s:complexType>
      </s:element>
      <s:element name="LoadRSS">
        <s:complexType>
          <s:sequence>
            <s:element minOccurs="0" maxOccurs="1" name="key" type="s:string" />
            <s:element minOccurs="0" maxOccurs="1" name="feedString" type="s:string" />
          </s:sequence>
        </s:complexType>
      </s:element>
      <s:element name="LoadRSSResponse">
        <s:complexType />
      </s:element>
      <s:element name="GetPins">
        <s:complexType>
          <s:sequence>
            <s:element minOccurs="0" maxOccurs="1" name="encodedBounds" type="s:string" />
            <s:element minOccurs="1" maxOccurs="1" name="zoomLevel" type="s:int" />
            <s:element minOccurs="0" maxOccurs="1" name="ignorePinIDs" type="s:string" />
            <s:element minOccurs="0" maxOccurs="1" name="ignoreCategoryIndex" type="s:string" />
            <s:element minOccurs="0" maxOccurs="1" name="lat" type="s:string" />
            <s:element minOccurs="0" maxOccurs="1" name="lng" type="s:string" />
          </s:sequence>
        </s:complexType>
      </s:element>
      <s:element name="GetPinsResponse">
        <s:complexType>
          <s:sequence>
            <s:element minOccurs="0" maxOccurs="1" name="GetPinsResult" type="tns:ArrayOfString" />
          </s:sequence>
        </s:complexType>
      </s:element>
      <s:complexType name="ArrayOfString">
        <s:sequence>
          <s:element minOccurs="0" maxOccurs="unbounded" name="string" nillable="true" type="s:string" />
        </s:sequence>
      </s:complexType>
      <s:element name="GetPinData">
        <s:complexType>
          <s:sequence>
            <s:element minOccurs="0" maxOccurs="1" name="key" type="s:string" />
            <s:element minOccurs="1" maxOccurs="1" name="startIndex" type="s:int" />
          </s:sequence>
        </s:complexType>
      </s:element>
      <s:element name="GetPinDataResponse">
        <s:complexType>
          <s:sequence>
            <s:element minOccurs="0" maxOccurs="1" name="GetPinDataResult" type="tns:PinDatas" />
          </s:sequence>
        </s:complexType>
      </s:element>
      <s:element name="LoadHotelsRSS">
        <s:complexType>
          <s:sequence>
            <s:element minOccurs="0" maxOccurs="1" name="feedString" type="s:string" />
            <s:element minOccurs="0" maxOccurs="1" name="from" type="s:string" />
            <s:element minOccurs="0" maxOccurs="1" name="until" type="s:string" />
            <s:element minOccurs="0" maxOccurs="1" name="category" type="s:string" />
            <s:element minOccurs="0" maxOccurs="1" name="searchtype" type="s:string" />
          </s:sequence>
        </s:complexType>
      </s:element>
      <s:element name="LoadHotelsRSSResponse">
        <s:complexType />
      </s:element>
      <s:element name="LoadEventsRSS">
        <s:complexType>
          <s:sequence>
            <s:element minOccurs="0" maxOccurs="1" name="feedString" type="s:string" />
            <s:element minOccurs="0" maxOccurs="1" name="from" type="s:string" />
            <s:element minOccurs="0" maxOccurs="1" name="until" type="s:string" />
            <s:element minOccurs="0" maxOccurs="1" name="category" type="s:string" />
          </s:sequence>
        </s:complexType>
      </s:element>
      <s:element name="LoadEventsRSSResponse">
        <s:complexType />
      </s:element>
      <s:element name="LoadGastrosRSS">
        <s:complexType>
          <s:sequence>
            <s:element minOccurs="0" maxOccurs="1" name="feedString" type="s:string" />
            <s:element minOccurs="0" maxOccurs="1" name="category" type="s:string" />
            <s:element minOccurs="0" maxOccurs="1" name="kitchen" type="s:string" />
          </s:sequence>
        </s:complexType>
      </s:element>
      <s:element name="LoadGastrosRSSResponse">
        <s:complexType />
      </s:element>
      <s:element name="LoadRoutenRSS">
        <s:complexType>
          <s:sequence>
            <s:element minOccurs="0" maxOccurs="1" name="feedString" type="s:string" />
            <s:element minOccurs="0" maxOccurs="1" name="category" type="s:string" />
          </s:sequence>
        </s:complexType>
      </s:element>
      <s:element name="LoadRoutenRSSResponse">
        <s:complexType />
      </s:element>
      <s:element name="GetWeatherByLocation">
        <s:complexType>
          <s:sequence>
            <s:element minOccurs="1" maxOccurs="1" name="lat" type="s:double" />
            <s:element minOccurs="1" maxOccurs="1" name="lng" type="s:double" />
          </s:sequence>
        </s:complexType>
      </s:element>
      <s:element name="GetWeatherByLocationResponse">
        <s:complexType>
          <s:sequence>
            <s:element minOccurs="0" maxOccurs="1" name="GetWeatherByLocationResult" type="s:string" />
          </s:sequence>
        </s:complexType>
      </s:element>
      <s:element name="LoadGeoImagesRSS">
        <s:complexType>
          <s:sequence>
            <s:element minOccurs="0" maxOccurs="1" name="feedString" type="s:string" />
            <s:element minOccurs="1" maxOccurs="1" name="width" type="s:int" />
          </s:sequence>
        </s:complexType>
      </s:element>
      <s:element name="LoadGeoImagesRSSResponse">
        <s:complexType />
      </s:element>
      <s:element name="GetAllGeoImages">
        <s:complexType />
      </s:element>
      <s:element name="GetAllGeoImagesResponse">
        <s:complexType>
          <s:sequence>
            <s:element minOccurs="0" maxOccurs="1" name="GetAllGeoImagesResult" type="tns:ArrayOfString" />
          </s:sequence>
        </s:complexType>
      </s:element>
    </s:schema>
  </wsdl:types>
  <wsdl:message name="GetVEPinDataSoapIn">
    <wsdl:part name="parameters" element="tns:GetVEPinData" />
  </wsdl:message>
  <wsdl:message name="GetVEPinDataSoapOut">
    <wsdl:part name="parameters" element="tns:GetVEPinDataResponse" />
  </wsdl:message>
  <wsdl:message name="GetVEPinDataByLatLonSoapIn">
    <wsdl:part name="parameters" element="tns:GetVEPinDataByLatLon" />
  </wsdl:message>
  <wsdl:message name="GetVEPinDataByLatLonSoapOut">
    <wsdl:part name="parameters" element="tns:GetVEPinDataByLatLonResponse" />
  </wsdl:message>
  <wsdl:message name="GetGeoRouteByIdSoapIn">
    <wsdl:part name="parameters" element="tns:GetGeoRouteById" />
  </wsdl:message>
  <wsdl:message name="GetGeoRouteByIdSoapOut">
    <wsdl:part name="parameters" element="tns:GetGeoRouteByIdResponse" />
  </wsdl:message>
  <wsdl:message name="LoadRSSSoapIn">
    <wsdl:part name="parameters" element="tns:LoadRSS" />
  </wsdl:message>
  <wsdl:message name="LoadRSSSoapOut">
    <wsdl:part name="parameters" element="tns:LoadRSSResponse" />
  </wsdl:message>
  <wsdl:message name="GetPinsSoapIn">
    <wsdl:part name="parameters" element="tns:GetPins" />
  </wsdl:message>
  <wsdl:message name="GetPinsSoapOut">
    <wsdl:part name="parameters" element="tns:GetPinsResponse" />
  </wsdl:message>
  <wsdl:message name="GetPinDataSoapIn">
    <wsdl:part name="parameters" element="tns:GetPinData" />
  </wsdl:message>
  <wsdl:message name="GetPinDataSoapOut">
    <wsdl:part name="parameters" element="tns:GetPinDataResponse" />
  </wsdl:message>
  <wsdl:message name="LoadHotelsRSSSoapIn">
    <wsdl:part name="parameters" element="tns:LoadHotelsRSS" />
  </wsdl:message>
  <wsdl:message name="LoadHotelsRSSSoapOut">
    <wsdl:part name="parameters" element="tns:LoadHotelsRSSResponse" />
  </wsdl:message>
  <wsdl:message name="LoadEventsRSSSoapIn">
    <wsdl:part name="parameters" element="tns:LoadEventsRSS" />
  </wsdl:message>
  <wsdl:message name="LoadEventsRSSSoapOut">
    <wsdl:part name="parameters" element="tns:LoadEventsRSSResponse" />
  </wsdl:message>
  <wsdl:message name="LoadGastrosRSSSoapIn">
    <wsdl:part name="parameters" element="tns:LoadGastrosRSS" />
  </wsdl:message>
  <wsdl:message name="LoadGastrosRSSSoapOut">
    <wsdl:part name="parameters" element="tns:LoadGastrosRSSResponse" />
  </wsdl:message>
  <wsdl:message name="LoadRoutenRSSSoapIn">
    <wsdl:part name="parameters" element="tns:LoadRoutenRSS" />
  </wsdl:message>
  <wsdl:message name="LoadRoutenRSSSoapOut">
    <wsdl:part name="parameters" element="tns:LoadRoutenRSSResponse" />
  </wsdl:message>
  <wsdl:message name="GetWeatherByLocationSoapIn">
    <wsdl:part name="parameters" element="tns:GetWeatherByLocation" />
  </wsdl:message>
  <wsdl:message name="GetWeatherByLocationSoapOut">
    <wsdl:part name="parameters" element="tns:GetWeatherByLocationResponse" />
  </wsdl:message>
  <wsdl:message name="LoadGeoImagesRSSSoapIn">
    <wsdl:part name="parameters" element="tns:LoadGeoImagesRSS" />
  </wsdl:message>
  <wsdl:message name="LoadGeoImagesRSSSoapOut">
    <wsdl:part name="parameters" element="tns:LoadGeoImagesRSSResponse" />
  </wsdl:message>
  <wsdl:message name="GetAllGeoImagesSoapIn">
    <wsdl:part name="parameters" element="tns:GetAllGeoImages" />
  </wsdl:message>
  <wsdl:message name="GetAllGeoImagesSoapOut">
    <wsdl:part name="parameters" element="tns:GetAllGeoImagesResponse" />
  </wsdl:message>
  <wsdl:portType name="MapAjaxServiceSoap">
    <wsdl:operation name="GetVEPinData">
      <wsdl:input message="tns:GetVEPinDataSoapIn" />
      <wsdl:output message="tns:GetVEPinDataSoapOut" />
    </wsdl:operation>
    <wsdl:operation name="GetVEPinDataByLatLon">
      <wsdl:input message="tns:GetVEPinDataByLatLonSoapIn" />
      <wsdl:output message="tns:GetVEPinDataByLatLonSoapOut" />
    </wsdl:operation>
    <wsdl:operation name="GetGeoRouteById">
      <wsdl:input message="tns:GetGeoRouteByIdSoapIn" />
      <wsdl:output message="tns:GetGeoRouteByIdSoapOut" />
    </wsdl:operation>
    <wsdl:operation name="LoadRSS">
      <wsdl:input message="tns:LoadRSSSoapIn" />
      <wsdl:output message="tns:LoadRSSSoapOut" />
    </wsdl:operation>
    <wsdl:operation name="GetPins">
      <wsdl:input message="tns:GetPinsSoapIn" />
      <wsdl:output message="tns:GetPinsSoapOut" />
    </wsdl:operation>
    <wsdl:operation name="GetPinData">
      <wsdl:input message="tns:GetPinDataSoapIn" />
      <wsdl:output message="tns:GetPinDataSoapOut" />
    </wsdl:operation>
    <wsdl:operation name="LoadHotelsRSS">
      <wsdl:input message="tns:LoadHotelsRSSSoapIn" />
      <wsdl:output message="tns:LoadHotelsRSSSoapOut" />
    </wsdl:operation>
    <wsdl:operation name="LoadEventsRSS">
      <wsdl:input message="tns:LoadEventsRSSSoapIn" />
      <wsdl:output message="tns:LoadEventsRSSSoapOut" />
    </wsdl:operation>
    <wsdl:operation name="LoadGastrosRSS">
      <wsdl:input message="tns:LoadGastrosRSSSoapIn" />
      <wsdl:output message="tns:LoadGastrosRSSSoapOut" />
    </wsdl:operation>
    <wsdl:operation name="LoadRoutenRSS">
      <wsdl:input message="tns:LoadRoutenRSSSoapIn" />
      <wsdl:output message="tns:LoadRoutenRSSSoapOut" />
    </wsdl:operation>
    <wsdl:operation name="GetWeatherByLocation">
      <wsdl:input message="tns:GetWeatherByLocationSoapIn" />
      <wsdl:output message="tns:GetWeatherByLocationSoapOut" />
    </wsdl:operation>
    <wsdl:operation name="LoadGeoImagesRSS">
      <wsdl:input message="tns:LoadGeoImagesRSSSoapIn" />
      <wsdl:output message="tns:LoadGeoImagesRSSSoapOut" />
    </wsdl:operation>
    <wsdl:operation name="GetAllGeoImages">
      <wsdl:input message="tns:GetAllGeoImagesSoapIn" />
      <wsdl:output message="tns:GetAllGeoImagesSoapOut" />
    </wsdl:operation>
  </wsdl:portType>
  <wsdl:binding name="MapAjaxServiceSoap" type="tns:MapAjaxServiceSoap">
    <soap:binding transport="http://schemas.xmlsoap.org/soap/http" />
    <wsdl:operation name="GetVEPinData">
      <soap:operation soapAction="http://tempuri.org/GetVEPinData" style="document" />
      <wsdl:input>
        <soap:body use="literal" />
      </wsdl:input>
      <wsdl:output>
        <soap:body use="literal" />
      </wsdl:output>
    </wsdl:operation>
    <wsdl:operation name="GetVEPinDataByLatLon">
      <soap:operation soapAction="http://tempuri.org/GetVEPinDataByLatLon" style="document" />
      <wsdl:input>
        <soap:body use="literal" />
      </wsdl:input>
      <wsdl:output>
        <soap:body use="literal" />
      </wsdl:output>
    </wsdl:operation>
    <wsdl:operation name="GetGeoRouteById">
      <soap:operation soapAction="http://tempuri.org/GetGeoRouteById" style="document" />
      <wsdl:input>
        <soap:body use="literal" />
      </wsdl:input>
      <wsdl:output>
        <soap:body use="literal" />
      </wsdl:output>
    </wsdl:operation>
    <wsdl:operation name="LoadRSS">
      <soap:operation soapAction="http://tempuri.org/LoadRSS" style="document" />
      <wsdl:input>
        <soap:body use="literal" />
      </wsdl:input>
      <wsdl:output>
        <soap:body use="literal" />
      </wsdl:output>
    </wsdl:operation>
    <wsdl:operation name="GetPins">
      <soap:operation soapAction="http://tempuri.org/GetPins" style="document" />
      <wsdl:input>
        <soap:body use="literal" />
      </wsdl:input>
      <wsdl:output>
        <soap:body use="literal" />
      </wsdl:output>
    </wsdl:operation>
    <wsdl:operation name="GetPinData">
      <soap:operation soapAction="http://tempuri.org/GetPinData" style="document" />
      <wsdl:input>
        <soap:body use="literal" />
      </wsdl:input>
      <wsdl:output>
        <soap:body use="literal" />
      </wsdl:output>
    </wsdl:operation>
    <wsdl:operation name="LoadHotelsRSS">
      <soap:operation soapAction="http://tempuri.org/LoadHotelsRSS" style="document" />
      <wsdl:input>
        <soap:body use="literal" />
      </wsdl:input>
      <wsdl:output>
        <soap:body use="literal" />
      </wsdl:output>
    </wsdl:operation>
    <wsdl:operation name="LoadEventsRSS">
      <soap:operation soapAction="http://tempuri.org/LoadEventsRSS" style="document" />
      <wsdl:input>
        <soap:body use="literal" />
      </wsdl:input>
      <wsdl:output>
        <soap:body use="literal" />
      </wsdl:output>
    </wsdl:operation>
    <wsdl:operation name="LoadGastrosRSS">
      <soap:operation soapAction="http://tempuri.org/LoadGastrosRSS" style="document" />
      <wsdl:input>
        <soap:body use="literal" />
      </wsdl:input>
      <wsdl:output>
        <soap:body use="literal" />
      </wsdl:output>
    </wsdl:operation>
    <wsdl:operation name="LoadRoutenRSS">
      <soap:operation soapAction="http://tempuri.org/LoadRoutenRSS" style="document" />
      <wsdl:input>
        <soap:body use="literal" />
      </wsdl:input>
      <wsdl:output>
        <soap:body use="literal" />
      </wsdl:output>
    </wsdl:operation>
    <wsdl:operation name="GetWeatherByLocation">
      <soap:operation soapAction="http://tempuri.org/GetWeatherByLocation" style="document" />
      <wsdl:input>
        <soap:body use="literal" />
      </wsdl:input>
      <wsdl:output>
        <soap:body use="literal" />
      </wsdl:output>
    </wsdl:operation>
    <wsdl:operation name="LoadGeoImagesRSS">
      <soap:operation soapAction="http://tempuri.org/LoadGeoImagesRSS" style="document" />
      <wsdl:input>
        <soap:body use="literal" />
      </wsdl:input>
      <wsdl:output>
        <soap:body use="literal" />
      </wsdl:output>
    </wsdl:operation>
    <wsdl:operation name="GetAllGeoImages">
      <soap:operation soapAction="http://tempuri.org/GetAllGeoImages" style="document" />
      <wsdl:input>
        <soap:body use="literal" />
      </wsdl:input>
      <wsdl:output>
        <soap:body use="literal" />
      </wsdl:output>
    </wsdl:operation>
  </wsdl:binding>
  <wsdl:binding name="MapAjaxServiceSoap12" type="tns:MapAjaxServiceSoap">
    <soap12:binding transport="http://schemas.xmlsoap.org/soap/http" />
    <wsdl:operation name="GetVEPinData">
      <soap12:operation soapAction="http://tempuri.org/GetVEPinData" style="document" />
      <wsdl:input>
        <soap12:body use="literal" />
      </wsdl:input>
      <wsdl:output>
        <soap12:body use="literal" />
      </wsdl:output>
    </wsdl:operation>
    <wsdl:operation name="GetVEPinDataByLatLon">
      <soap12:operation soapAction="http://tempuri.org/GetVEPinDataByLatLon" style="document" />
      <wsdl:input>
        <soap12:body use="literal" />
      </wsdl:input>
      <wsdl:output>
        <soap12:body use="literal" />
      </wsdl:output>
    </wsdl:operation>
    <wsdl:operation name="GetGeoRouteById">
      <soap12:operation soapAction="http://tempuri.org/GetGeoRouteById" style="document" />
      <wsdl:input>
        <soap12:body use="literal" />
      </wsdl:input>
      <wsdl:output>
        <soap12:body use="literal" />
      </wsdl:output>
    </wsdl:operation>
    <wsdl:operation name="LoadRSS">
      <soap12:operation soapAction="http://tempuri.org/LoadRSS" style="document" />
      <wsdl:input>
        <soap12:body use="literal" />
      </wsdl:input>
      <wsdl:output>
        <soap12:body use="literal" />
      </wsdl:output>
    </wsdl:operation>
    <wsdl:operation name="GetPins">
      <soap12:operation soapAction="http://tempuri.org/GetPins" style="document" />
      <wsdl:input>
        <soap12:body use="literal" />
      </wsdl:input>
      <wsdl:output>
        <soap12:body use="literal" />
      </wsdl:output>
    </wsdl:operation>
    <wsdl:operation name="GetPinData">
      <soap12:operation soapAction="http://tempuri.org/GetPinData" style="document" />
      <wsdl:input>
        <soap12:body use="literal" />
      </wsdl:input>
      <wsdl:output>
        <soap12:body use="literal" />
      </wsdl:output>
    </wsdl:operation>
    <wsdl:operation name="LoadHotelsRSS">
      <soap12:operation soapAction="http://tempuri.org/LoadHotelsRSS" style="document" />
      <wsdl:input>
        <soap12:body use="literal" />
      </wsdl:input>
      <wsdl:output>
        <soap12:body use="literal" />
      </wsdl:output>
    </wsdl:operation>
    <wsdl:operation name="LoadEventsRSS">
      <soap12:operation soapAction="http://tempuri.org/LoadEventsRSS" style="document" />
      <wsdl:input>
        <soap12:body use="literal" />
      </wsdl:input>
      <wsdl:output>
        <soap12:body use="literal" />
      </wsdl:output>
    </wsdl:operation>
    <wsdl:operation name="LoadGastrosRSS">
      <soap12:operation soapAction="http://tempuri.org/LoadGastrosRSS" style="document" />
      <wsdl:input>
        <soap12:body use="literal" />
      </wsdl:input>
      <wsdl:output>
        <soap12:body use="literal" />
      </wsdl:output>
    </wsdl:operation>
    <wsdl:operation name="LoadRoutenRSS">
      <soap12:operation soapAction="http://tempuri.org/LoadRoutenRSS" style="document" />
      <wsdl:input>
        <soap12:body use="literal" />
      </wsdl:input>
      <wsdl:output>
        <soap12:body use="literal" />
      </wsdl:output>
    </wsdl:operation>
    <wsdl:operation name="GetWeatherByLocation">
      <soap12:operation soapAction="http://tempuri.org/GetWeatherByLocation" style="document" />
      <wsdl:input>
        <soap12:body use="literal" />
      </wsdl:input>
      <wsdl:output>
        <soap12:body use="literal" />
      </wsdl:output>
    </wsdl:operation>
    <wsdl:operation name="LoadGeoImagesRSS">
      <soap12:operation soapAction="http://tempuri.org/LoadGeoImagesRSS" style="document" />
      <wsdl:input>
        <soap12:body use="literal" />
      </wsdl:input>
      <wsdl:output>
        <soap12:body use="literal" />
      </wsdl:output>
    </wsdl:operation>
    <wsdl:operation name="GetAllGeoImages">
      <soap12:operation soapAction="http://tempuri.org/GetAllGeoImages" style="document" />
      <wsdl:input>
        <soap12:body use="literal" />
      </wsdl:input>
      <wsdl:output>
        <soap12:body use="literal" />
      </wsdl:output>
    </wsdl:operation>
  </wsdl:binding>
  <wsdl:service name="MapAjaxService">
    <wsdl:port name="MapAjaxServiceSoap" binding="tns:MapAjaxServiceSoap">
      <soap:address location="http://maps.oberpfaelzerwald.de/MapAjaxService.asmx" />
    </wsdl:port>
    <wsdl:port name="MapAjaxServiceSoap12" binding="tns:MapAjaxServiceSoap12">
      <soap12:address location="http://maps.oberpfaelzerwald.de/MapAjaxService.asmx" />
    </wsdl:port>
  </wsdl:service>
</wsdl:definitions>
