<?xml version="1.0" encoding="utf-8"?>

<!--
This is the seekda cache of the WSDL definition available at http://www.holidayguide.co.nz/webservices/frontdesk/holidayguide.asmx?WSDL.
seekdas cache is a snapshot that we took as we crawled the Web.
The service may have changed since the last crawl.
seekda is neither affiliated with the authors of this service nor responsible for its advertised functionality.

-->

<wsdl:definitions xmlns:http="http://schemas.xmlsoap.org/wsdl/http/" xmlns:soap="http://schemas.xmlsoap.org/wsdl/soap/" xmlns:s="http://www.w3.org/2001/XMLSchema" xmlns:soapenc="http://schemas.xmlsoap.org/soap/encoding/" xmlns:tns="http://www.HolidayGuide.co.nz" xmlns:tm="http://microsoft.com/wsdl/mime/textMatching/" xmlns:mime="http://schemas.xmlsoap.org/wsdl/mime/" targetNamespace="http://www.HolidayGuide.co.nz" xmlns:wsdl="http://schemas.xmlsoap.org/wsdl/">
  <wsdl:types>
    <s:schema elementFormDefault="qualified" targetNamespace="http://www.HolidayGuide.co.nz">
      <s:import namespace="http://www.w3.org/2001/XMLSchema" />
      <s:element name="GetRoomAvailabilityForMonth">
        <s:complexType>
          <s:sequence>
            <s:element minOccurs="0" maxOccurs="1" name="strWSUserName" type="s:string" />
            <s:element minOccurs="0" maxOccurs="1" name="strWSPassword" type="s:string" />
            <s:element minOccurs="0" maxOccurs="1" name="strHGUserName" type="s:string" />
            <s:element minOccurs="0" maxOccurs="1" name="strHGPassword" type="s:string" />
            <s:element minOccurs="1" maxOccurs="1" name="intMonth" type="s:short" />
            <s:element minOccurs="1" maxOccurs="1" name="intYear" type="s:short" />
          </s:sequence>
        </s:complexType>
      </s:element>
      <s:element name="GetRoomAvailabilityForMonthResponse">
        <s:complexType>
          <s:sequence>
            <s:element minOccurs="0" maxOccurs="1" name="GetRoomAvailabilityForMonthResult">
              <s:complexType>
                <s:sequence>
                  <s:element ref="s:schema" />
                  <s:any />
                </s:sequence>
              </s:complexType>
            </s:element>
          </s:sequence>
        </s:complexType>
      </s:element>
      <s:element name="SetRoomAvailabilityForMonth">
        <s:complexType>
          <s:sequence>
            <s:element minOccurs="0" maxOccurs="1" name="strWSUserName" type="s:string" />
            <s:element minOccurs="0" maxOccurs="1" name="strWSPassword" type="s:string" />
            <s:element minOccurs="0" maxOccurs="1" name="strHGUserName" type="s:string" />
            <s:element minOccurs="0" maxOccurs="1" name="strHGPassword" type="s:string" />
            <s:element minOccurs="1" maxOccurs="1" name="intMonth" type="s:short" />
            <s:element minOccurs="1" maxOccurs="1" name="intYear" type="s:short" />
            <s:element minOccurs="0" maxOccurs="1" name="strXML" type="s:string" />
          </s:sequence>
        </s:complexType>
      </s:element>
      <s:element name="SetRoomAvailabilityForMonthResponse">
        <s:complexType>
          <s:sequence>
            <s:element minOccurs="0" maxOccurs="1" name="SetRoomAvailabilityForMonthResult" type="s:string" />
          </s:sequence>
        </s:complexType>
      </s:element>
      <s:element name="GetRoomAvailabilityForDay">
        <s:complexType>
          <s:sequence>
            <s:element minOccurs="0" maxOccurs="1" name="strWSUserName" type="s:string" />
            <s:element minOccurs="0" maxOccurs="1" name="strWSPassword" type="s:string" />
            <s:element minOccurs="0" maxOccurs="1" name="strHGUserName" type="s:string" />
            <s:element minOccurs="0" maxOccurs="1" name="strHGPassword" type="s:string" />
            <s:element minOccurs="1" maxOccurs="1" name="intRoomID" type="s:long" />
            <s:element minOccurs="0" maxOccurs="1" name="strDate" type="s:string" />
          </s:sequence>
        </s:complexType>
      </s:element>
      <s:element name="GetRoomAvailabilityForDayResponse">
        <s:complexType>
          <s:sequence>
            <s:element minOccurs="0" maxOccurs="1" name="GetRoomAvailabilityForDayResult">
              <s:complexType>
                <s:sequence>
                  <s:element ref="s:schema" />
                  <s:any />
                </s:sequence>
              </s:complexType>
            </s:element>
          </s:sequence>
        </s:complexType>
      </s:element>
      <s:element name="SetRoomAvailabilityForDay">
        <s:complexType>
          <s:sequence>
            <s:element minOccurs="0" maxOccurs="1" name="strWSUserName" type="s:string" />
            <s:element minOccurs="0" maxOccurs="1" name="strWSPassword" type="s:string" />
            <s:element minOccurs="0" maxOccurs="1" name="strHGUserName" type="s:string" />
            <s:element minOccurs="0" maxOccurs="1" name="strHGPassword" type="s:string" />
            <s:element minOccurs="1" maxOccurs="1" name="intRoomID" type="s:long" />
            <s:element minOccurs="0" maxOccurs="1" name="strDate" type="s:string" />
            <s:element minOccurs="0" maxOccurs="1" name="strAvailabilityOption" type="s:string" />
            <s:element minOccurs="1" maxOccurs="1" name="intMinimumStay" type="s:long" />
            <s:element minOccurs="1" maxOccurs="1" name="dblPrice" type="s:double" />
          </s:sequence>
        </s:complexType>
      </s:element>
      <s:element name="SetRoomAvailabilityForDayResponse">
        <s:complexType>
          <s:sequence>
            <s:element minOccurs="0" maxOccurs="1" name="SetRoomAvailabilityForDayResult" type="s:string" />
          </s:sequence>
        </s:complexType>
      </s:element>
      <s:element name="SetRoomAvailabilityForADateRange">
        <s:complexType>
          <s:sequence>
            <s:element minOccurs="0" maxOccurs="1" name="strWSUserName" type="s:string" />
            <s:element minOccurs="0" maxOccurs="1" name="strWSPassword" type="s:string" />
            <s:element minOccurs="0" maxOccurs="1" name="strHGUserName" type="s:string" />
            <s:element minOccurs="0" maxOccurs="1" name="strHGPassword" type="s:string" />
            <s:element minOccurs="1" maxOccurs="1" name="intRoomID" type="s:long" />
            <s:element minOccurs="0" maxOccurs="1" name="strDateFrom" type="s:string" />
            <s:element minOccurs="0" maxOccurs="1" name="strDateTo" type="s:string" />
            <s:element minOccurs="0" maxOccurs="1" name="strAvailabilityOption" type="s:string" />
            <s:element minOccurs="1" maxOccurs="1" name="intMinimumStay" type="s:long" />
            <s:element minOccurs="1" maxOccurs="1" name="dblPrice" type="s:double" />
          </s:sequence>
        </s:complexType>
      </s:element>
      <s:element name="SetRoomAvailabilityForADateRangeResponse">
        <s:complexType>
          <s:sequence>
            <s:element minOccurs="0" maxOccurs="1" name="SetRoomAvailabilityForADateRangeResult" type="s:string" />
          </s:sequence>
        </s:complexType>
      </s:element>
      <s:element name="GetReservations">
        <s:complexType>
          <s:sequence>
            <s:element minOccurs="0" maxOccurs="1" name="strWSUserName" type="s:string" />
            <s:element minOccurs="0" maxOccurs="1" name="strWSPassword" type="s:string" />
            <s:element minOccurs="0" maxOccurs="1" name="strHGUserName" type="s:string" />
            <s:element minOccurs="0" maxOccurs="1" name="strHGPassword" type="s:string" />
          </s:sequence>
        </s:complexType>
      </s:element>
      <s:element name="GetReservationsResponse">
        <s:complexType>
          <s:sequence>
            <s:element minOccurs="0" maxOccurs="1" name="GetReservationsResult">
              <s:complexType>
                <s:sequence>
                  <s:element ref="s:schema" />
                  <s:any />
                </s:sequence>
              </s:complexType>
            </s:element>
          </s:sequence>
        </s:complexType>
      </s:element>
      <s:element name="DataSet" nillable="true">
        <s:complexType>
          <s:sequence>
            <s:element ref="s:schema" />
            <s:any />
          </s:sequence>
        </s:complexType>
      </s:element>
      <s:element name="string" nillable="true" type="s:string" />
    </s:schema>
  </wsdl:types>
  <wsdl:message name="GetRoomAvailabilityForMonthSoapIn">
    <wsdl:part name="parameters" element="tns:GetRoomAvailabilityForMonth" />
  </wsdl:message>
  <wsdl:message name="GetRoomAvailabilityForMonthSoapOut">
    <wsdl:part name="parameters" element="tns:GetRoomAvailabilityForMonthResponse" />
  </wsdl:message>
  <wsdl:message name="SetRoomAvailabilityForMonthSoapIn">
    <wsdl:part name="parameters" element="tns:SetRoomAvailabilityForMonth" />
  </wsdl:message>
  <wsdl:message name="SetRoomAvailabilityForMonthSoapOut">
    <wsdl:part name="parameters" element="tns:SetRoomAvailabilityForMonthResponse" />
  </wsdl:message>
  <wsdl:message name="GetRoomAvailabilityForDaySoapIn">
    <wsdl:part name="parameters" element="tns:GetRoomAvailabilityForDay" />
  </wsdl:message>
  <wsdl:message name="GetRoomAvailabilityForDaySoapOut">
    <wsdl:part name="parameters" element="tns:GetRoomAvailabilityForDayResponse" />
  </wsdl:message>
  <wsdl:message name="SetRoomAvailabilityForDaySoapIn">
    <wsdl:part name="parameters" element="tns:SetRoomAvailabilityForDay" />
  </wsdl:message>
  <wsdl:message name="SetRoomAvailabilityForDaySoapOut">
    <wsdl:part name="parameters" element="tns:SetRoomAvailabilityForDayResponse" />
  </wsdl:message>
  <wsdl:message name="SetRoomAvailabilityForADateRangeSoapIn">
    <wsdl:part name="parameters" element="tns:SetRoomAvailabilityForADateRange" />
  </wsdl:message>
  <wsdl:message name="SetRoomAvailabilityForADateRangeSoapOut">
    <wsdl:part name="parameters" element="tns:SetRoomAvailabilityForADateRangeResponse" />
  </wsdl:message>
  <wsdl:message name="GetReservationsSoapIn">
    <wsdl:part name="parameters" element="tns:GetReservations" />
  </wsdl:message>
  <wsdl:message name="GetReservationsSoapOut">
    <wsdl:part name="parameters" element="tns:GetReservationsResponse" />
  </wsdl:message>
  <wsdl:message name="GetRoomAvailabilityForMonthHttpGetIn">
    <wsdl:part name="strWSUserName" type="s:string" />
    <wsdl:part name="strWSPassword" type="s:string" />
    <wsdl:part name="strHGUserName" type="s:string" />
    <wsdl:part name="strHGPassword" type="s:string" />
    <wsdl:part name="intMonth" type="s:string" />
    <wsdl:part name="intYear" type="s:string" />
  </wsdl:message>
  <wsdl:message name="GetRoomAvailabilityForMonthHttpGetOut">
    <wsdl:part name="Body" element="tns:DataSet" />
  </wsdl:message>
  <wsdl:message name="SetRoomAvailabilityForMonthHttpGetIn">
    <wsdl:part name="strWSUserName" type="s:string" />
    <wsdl:part name="strWSPassword" type="s:string" />
    <wsdl:part name="strHGUserName" type="s:string" />
    <wsdl:part name="strHGPassword" type="s:string" />
    <wsdl:part name="intMonth" type="s:string" />
    <wsdl:part name="intYear" type="s:string" />
    <wsdl:part name="strXML" type="s:string" />
  </wsdl:message>
  <wsdl:message name="SetRoomAvailabilityForMonthHttpGetOut">
    <wsdl:part name="Body" element="tns:string" />
  </wsdl:message>
  <wsdl:message name="GetRoomAvailabilityForDayHttpGetIn">
    <wsdl:part name="strWSUserName" type="s:string" />
    <wsdl:part name="strWSPassword" type="s:string" />
    <wsdl:part name="strHGUserName" type="s:string" />
    <wsdl:part name="strHGPassword" type="s:string" />
    <wsdl:part name="intRoomID" type="s:string" />
    <wsdl:part name="strDate" type="s:string" />
  </wsdl:message>
  <wsdl:message name="GetRoomAvailabilityForDayHttpGetOut">
    <wsdl:part name="Body" element="tns:DataSet" />
  </wsdl:message>
  <wsdl:message name="SetRoomAvailabilityForDayHttpGetIn">
    <wsdl:part name="strWSUserName" type="s:string" />
    <wsdl:part name="strWSPassword" type="s:string" />
    <wsdl:part name="strHGUserName" type="s:string" />
    <wsdl:part name="strHGPassword" type="s:string" />
    <wsdl:part name="intRoomID" type="s:string" />
    <wsdl:part name="strDate" type="s:string" />
    <wsdl:part name="strAvailabilityOption" type="s:string" />
    <wsdl:part name="intMinimumStay" type="s:string" />
    <wsdl:part name="dblPrice" type="s:string" />
  </wsdl:message>
  <wsdl:message name="SetRoomAvailabilityForDayHttpGetOut">
    <wsdl:part name="Body" element="tns:string" />
  </wsdl:message>
  <wsdl:message name="SetRoomAvailabilityForADateRangeHttpGetIn">
    <wsdl:part name="strWSUserName" type="s:string" />
    <wsdl:part name="strWSPassword" type="s:string" />
    <wsdl:part name="strHGUserName" type="s:string" />
    <wsdl:part name="strHGPassword" type="s:string" />
    <wsdl:part name="intRoomID" type="s:string" />
    <wsdl:part name="strDateFrom" type="s:string" />
    <wsdl:part name="strDateTo" type="s:string" />
    <wsdl:part name="strAvailabilityOption" type="s:string" />
    <wsdl:part name="intMinimumStay" type="s:string" />
    <wsdl:part name="dblPrice" type="s:string" />
  </wsdl:message>
  <wsdl:message name="SetRoomAvailabilityForADateRangeHttpGetOut">
    <wsdl:part name="Body" element="tns:string" />
  </wsdl:message>
  <wsdl:message name="GetReservationsHttpGetIn">
    <wsdl:part name="strWSUserName" type="s:string" />
    <wsdl:part name="strWSPassword" type="s:string" />
    <wsdl:part name="strHGUserName" type="s:string" />
    <wsdl:part name="strHGPassword" type="s:string" />
  </wsdl:message>
  <wsdl:message name="GetReservationsHttpGetOut">
    <wsdl:part name="Body" element="tns:DataSet" />
  </wsdl:message>
  <wsdl:message name="GetRoomAvailabilityForMonthHttpPostIn">
    <wsdl:part name="strWSUserName" type="s:string" />
    <wsdl:part name="strWSPassword" type="s:string" />
    <wsdl:part name="strHGUserName" type="s:string" />
    <wsdl:part name="strHGPassword" type="s:string" />
    <wsdl:part name="intMonth" type="s:string" />
    <wsdl:part name="intYear" type="s:string" />
  </wsdl:message>
  <wsdl:message name="GetRoomAvailabilityForMonthHttpPostOut">
    <wsdl:part name="Body" element="tns:DataSet" />
  </wsdl:message>
  <wsdl:message name="SetRoomAvailabilityForMonthHttpPostIn">
    <wsdl:part name="strWSUserName" type="s:string" />
    <wsdl:part name="strWSPassword" type="s:string" />
    <wsdl:part name="strHGUserName" type="s:string" />
    <wsdl:part name="strHGPassword" type="s:string" />
    <wsdl:part name="intMonth" type="s:string" />
    <wsdl:part name="intYear" type="s:string" />
    <wsdl:part name="strXML" type="s:string" />
  </wsdl:message>
  <wsdl:message name="SetRoomAvailabilityForMonthHttpPostOut">
    <wsdl:part name="Body" element="tns:string" />
  </wsdl:message>
  <wsdl:message name="GetRoomAvailabilityForDayHttpPostIn">
    <wsdl:part name="strWSUserName" type="s:string" />
    <wsdl:part name="strWSPassword" type="s:string" />
    <wsdl:part name="strHGUserName" type="s:string" />
    <wsdl:part name="strHGPassword" type="s:string" />
    <wsdl:part name="intRoomID" type="s:string" />
    <wsdl:part name="strDate" type="s:string" />
  </wsdl:message>
  <wsdl:message name="GetRoomAvailabilityForDayHttpPostOut">
    <wsdl:part name="Body" element="tns:DataSet" />
  </wsdl:message>
  <wsdl:message name="SetRoomAvailabilityForDayHttpPostIn">
    <wsdl:part name="strWSUserName" type="s:string" />
    <wsdl:part name="strWSPassword" type="s:string" />
    <wsdl:part name="strHGUserName" type="s:string" />
    <wsdl:part name="strHGPassword" type="s:string" />
    <wsdl:part name="intRoomID" type="s:string" />
    <wsdl:part name="strDate" type="s:string" />
    <wsdl:part name="strAvailabilityOption" type="s:string" />
    <wsdl:part name="intMinimumStay" type="s:string" />
    <wsdl:part name="dblPrice" type="s:string" />
  </wsdl:message>
  <wsdl:message name="SetRoomAvailabilityForDayHttpPostOut">
    <wsdl:part name="Body" element="tns:string" />
  </wsdl:message>
  <wsdl:message name="SetRoomAvailabilityForADateRangeHttpPostIn">
    <wsdl:part name="strWSUserName" type="s:string" />
    <wsdl:part name="strWSPassword" type="s:string" />
    <wsdl:part name="strHGUserName" type="s:string" />
    <wsdl:part name="strHGPassword" type="s:string" />
    <wsdl:part name="intRoomID" type="s:string" />
    <wsdl:part name="strDateFrom" type="s:string" />
    <wsdl:part name="strDateTo" type="s:string" />
    <wsdl:part name="strAvailabilityOption" type="s:string" />
    <wsdl:part name="intMinimumStay" type="s:string" />
    <wsdl:part name="dblPrice" type="s:string" />
  </wsdl:message>
  <wsdl:message name="SetRoomAvailabilityForADateRangeHttpPostOut">
    <wsdl:part name="Body" element="tns:string" />
  </wsdl:message>
  <wsdl:message name="GetReservationsHttpPostIn">
    <wsdl:part name="strWSUserName" type="s:string" />
    <wsdl:part name="strWSPassword" type="s:string" />
    <wsdl:part name="strHGUserName" type="s:string" />
    <wsdl:part name="strHGPassword" type="s:string" />
  </wsdl:message>
  <wsdl:message name="GetReservationsHttpPostOut">
    <wsdl:part name="Body" element="tns:DataSet" />
  </wsdl:message>
  <wsdl:portType name="HolidayGuideSoap">
    <wsdl:operation name="GetRoomAvailabilityForMonth">
      <wsdl:input message="tns:GetRoomAvailabilityForMonthSoapIn" />
      <wsdl:output message="tns:GetRoomAvailabilityForMonthSoapOut" />
    </wsdl:operation>
    <wsdl:operation name="SetRoomAvailabilityForMonth">
      <wsdl:input message="tns:SetRoomAvailabilityForMonthSoapIn" />
      <wsdl:output message="tns:SetRoomAvailabilityForMonthSoapOut" />
    </wsdl:operation>
    <wsdl:operation name="GetRoomAvailabilityForDay">
      <wsdl:input message="tns:GetRoomAvailabilityForDaySoapIn" />
      <wsdl:output message="tns:GetRoomAvailabilityForDaySoapOut" />
    </wsdl:operation>
    <wsdl:operation name="SetRoomAvailabilityForDay">
      <wsdl:input message="tns:SetRoomAvailabilityForDaySoapIn" />
      <wsdl:output message="tns:SetRoomAvailabilityForDaySoapOut" />
    </wsdl:operation>
    <wsdl:operation name="SetRoomAvailabilityForADateRange">
      <wsdl:input message="tns:SetRoomAvailabilityForADateRangeSoapIn" />
      <wsdl:output message="tns:SetRoomAvailabilityForADateRangeSoapOut" />
    </wsdl:operation>
    <wsdl:operation name="GetReservations">
      <wsdl:input message="tns:GetReservationsSoapIn" />
      <wsdl:output message="tns:GetReservationsSoapOut" />
    </wsdl:operation>
  </wsdl:portType>
  <wsdl:portType name="HolidayGuideHttpGet">
    <wsdl:operation name="GetRoomAvailabilityForMonth">
      <wsdl:input message="tns:GetRoomAvailabilityForMonthHttpGetIn" />
      <wsdl:output message="tns:GetRoomAvailabilityForMonthHttpGetOut" />
    </wsdl:operation>
    <wsdl:operation name="SetRoomAvailabilityForMonth">
      <wsdl:input message="tns:SetRoomAvailabilityForMonthHttpGetIn" />
      <wsdl:output message="tns:SetRoomAvailabilityForMonthHttpGetOut" />
    </wsdl:operation>
    <wsdl:operation name="GetRoomAvailabilityForDay">
      <wsdl:input message="tns:GetRoomAvailabilityForDayHttpGetIn" />
      <wsdl:output message="tns:GetRoomAvailabilityForDayHttpGetOut" />
    </wsdl:operation>
    <wsdl:operation name="SetRoomAvailabilityForDay">
      <wsdl:input message="tns:SetRoomAvailabilityForDayHttpGetIn" />
      <wsdl:output message="tns:SetRoomAvailabilityForDayHttpGetOut" />
    </wsdl:operation>
    <wsdl:operation name="SetRoomAvailabilityForADateRange">
      <wsdl:input message="tns:SetRoomAvailabilityForADateRangeHttpGetIn" />
      <wsdl:output message="tns:SetRoomAvailabilityForADateRangeHttpGetOut" />
    </wsdl:operation>
    <wsdl:operation name="GetReservations">
      <wsdl:input message="tns:GetReservationsHttpGetIn" />
      <wsdl:output message="tns:GetReservationsHttpGetOut" />
    </wsdl:operation>
  </wsdl:portType>
  <wsdl:portType name="HolidayGuideHttpPost">
    <wsdl:operation name="GetRoomAvailabilityForMonth">
      <wsdl:input message="tns:GetRoomAvailabilityForMonthHttpPostIn" />
      <wsdl:output message="tns:GetRoomAvailabilityForMonthHttpPostOut" />
    </wsdl:operation>
    <wsdl:operation name="SetRoomAvailabilityForMonth">
      <wsdl:input message="tns:SetRoomAvailabilityForMonthHttpPostIn" />
      <wsdl:output message="tns:SetRoomAvailabilityForMonthHttpPostOut" />
    </wsdl:operation>
    <wsdl:operation name="GetRoomAvailabilityForDay">
      <wsdl:input message="tns:GetRoomAvailabilityForDayHttpPostIn" />
      <wsdl:output message="tns:GetRoomAvailabilityForDayHttpPostOut" />
    </wsdl:operation>
    <wsdl:operation name="SetRoomAvailabilityForDay">
      <wsdl:input message="tns:SetRoomAvailabilityForDayHttpPostIn" />
      <wsdl:output message="tns:SetRoomAvailabilityForDayHttpPostOut" />
    </wsdl:operation>
    <wsdl:operation name="SetRoomAvailabilityForADateRange">
      <wsdl:input message="tns:SetRoomAvailabilityForADateRangeHttpPostIn" />
      <wsdl:output message="tns:SetRoomAvailabilityForADateRangeHttpPostOut" />
    </wsdl:operation>
    <wsdl:operation name="GetReservations">
      <wsdl:input message="tns:GetReservationsHttpPostIn" />
      <wsdl:output message="tns:GetReservationsHttpPostOut" />
    </wsdl:operation>
  </wsdl:portType>
  <wsdl:binding name="HolidayGuideSoap" type="tns:HolidayGuideSoap">
    <soap:binding transport="http://schemas.xmlsoap.org/soap/http" style="document" />
    <wsdl:operation name="GetRoomAvailabilityForMonth">
      <soap:operation soapAction="http://www.HolidayGuide.co.nz/GetRoomAvailabilityForMonth" style="document" />
      <wsdl:input>
        <soap:body use="literal" />
      </wsdl:input>
      <wsdl:output>
        <soap:body use="literal" />
      </wsdl:output>
    </wsdl:operation>
    <wsdl:operation name="SetRoomAvailabilityForMonth">
      <soap:operation soapAction="http://www.HolidayGuide.co.nz/SetRoomAvailabilityForMonth" style="document" />
      <wsdl:input>
        <soap:body use="literal" />
      </wsdl:input>
      <wsdl:output>
        <soap:body use="literal" />
      </wsdl:output>
    </wsdl:operation>
    <wsdl:operation name="GetRoomAvailabilityForDay">
      <soap:operation soapAction="http://www.HolidayGuide.co.nz/GetRoomAvailabilityForDay" style="document" />
      <wsdl:input>
        <soap:body use="literal" />
      </wsdl:input>
      <wsdl:output>
        <soap:body use="literal" />
      </wsdl:output>
    </wsdl:operation>
    <wsdl:operation name="SetRoomAvailabilityForDay">
      <soap:operation soapAction="http://www.HolidayGuide.co.nz/SetRoomAvailabilityForDay" style="document" />
      <wsdl:input>
        <soap:body use="literal" />
      </wsdl:input>
      <wsdl:output>
        <soap:body use="literal" />
      </wsdl:output>
    </wsdl:operation>
    <wsdl:operation name="SetRoomAvailabilityForADateRange">
      <soap:operation soapAction="http://www.HolidayGuide.co.nz/SetRoomAvailabilityForADateRange" style="document" />
      <wsdl:input>
        <soap:body use="literal" />
      </wsdl:input>
      <wsdl:output>
        <soap:body use="literal" />
      </wsdl:output>
    </wsdl:operation>
    <wsdl:operation name="GetReservations">
      <soap:operation soapAction="http://www.HolidayGuide.co.nz/GetReservations" style="document" />
      <wsdl:input>
        <soap:body use="literal" />
      </wsdl:input>
      <wsdl:output>
        <soap:body use="literal" />
      </wsdl:output>
    </wsdl:operation>
  </wsdl:binding>
  <wsdl:binding name="HolidayGuideHttpGet" type="tns:HolidayGuideHttpGet">
    <http:binding verb="GET" />
    <wsdl:operation name="GetRoomAvailabilityForMonth">
      <http:operation location="/GetRoomAvailabilityForMonth" />
      <wsdl:input>
        <http:urlEncoded />
      </wsdl:input>
      <wsdl:output>
        <mime:mimeXml part="Body" />
      </wsdl:output>
    </wsdl:operation>
    <wsdl:operation name="SetRoomAvailabilityForMonth">
      <http:operation location="/SetRoomAvailabilityForMonth" />
      <wsdl:input>
        <http:urlEncoded />
      </wsdl:input>
      <wsdl:output>
        <mime:mimeXml part="Body" />
      </wsdl:output>
    </wsdl:operation>
    <wsdl:operation name="GetRoomAvailabilityForDay">
      <http:operation location="/GetRoomAvailabilityForDay" />
      <wsdl:input>
        <http:urlEncoded />
      </wsdl:input>
      <wsdl:output>
        <mime:mimeXml part="Body" />
      </wsdl:output>
    </wsdl:operation>
    <wsdl:operation name="SetRoomAvailabilityForDay">
      <http:operation location="/SetRoomAvailabilityForDay" />
      <wsdl:input>
        <http:urlEncoded />
      </wsdl:input>
      <wsdl:output>
        <mime:mimeXml part="Body" />
      </wsdl:output>
    </wsdl:operation>
    <wsdl:operation name="SetRoomAvailabilityForADateRange">
      <http:operation location="/SetRoomAvailabilityForADateRange" />
      <wsdl:input>
        <http:urlEncoded />
      </wsdl:input>
      <wsdl:output>
        <mime:mimeXml part="Body" />
      </wsdl:output>
    </wsdl:operation>
    <wsdl:operation name="GetReservations">
      <http:operation location="/GetReservations" />
      <wsdl:input>
        <http:urlEncoded />
      </wsdl:input>
      <wsdl:output>
        <mime:mimeXml part="Body" />
      </wsdl:output>
    </wsdl:operation>
  </wsdl:binding>
  <wsdl:binding name="HolidayGuideHttpPost" type="tns:HolidayGuideHttpPost">
    <http:binding verb="POST" />
    <wsdl:operation name="GetRoomAvailabilityForMonth">
      <http:operation location="/GetRoomAvailabilityForMonth" />
      <wsdl:input>
        <mime:content type="application/x-www-form-urlencoded" />
      </wsdl:input>
      <wsdl:output>
        <mime:mimeXml part="Body" />
      </wsdl:output>
    </wsdl:operation>
    <wsdl:operation name="SetRoomAvailabilityForMonth">
      <http:operation location="/SetRoomAvailabilityForMonth" />
      <wsdl:input>
        <mime:content type="application/x-www-form-urlencoded" />
      </wsdl:input>
      <wsdl:output>
        <mime:mimeXml part="Body" />
      </wsdl:output>
    </wsdl:operation>
    <wsdl:operation name="GetRoomAvailabilityForDay">
      <http:operation location="/GetRoomAvailabilityForDay" />
      <wsdl:input>
        <mime:content type="application/x-www-form-urlencoded" />
      </wsdl:input>
      <wsdl:output>
        <mime:mimeXml part="Body" />
      </wsdl:output>
    </wsdl:operation>
    <wsdl:operation name="SetRoomAvailabilityForDay">
      <http:operation location="/SetRoomAvailabilityForDay" />
      <wsdl:input>
        <mime:content type="application/x-www-form-urlencoded" />
      </wsdl:input>
      <wsdl:output>
        <mime:mimeXml part="Body" />
      </wsdl:output>
    </wsdl:operation>
    <wsdl:operation name="SetRoomAvailabilityForADateRange">
      <http:operation location="/SetRoomAvailabilityForADateRange" />
      <wsdl:input>
        <mime:content type="application/x-www-form-urlencoded" />
      </wsdl:input>
      <wsdl:output>
        <mime:mimeXml part="Body" />
      </wsdl:output>
    </wsdl:operation>
    <wsdl:operation name="GetReservations">
      <http:operation location="/GetReservations" />
      <wsdl:input>
        <mime:content type="application/x-www-form-urlencoded" />
      </wsdl:input>
      <wsdl:output>
        <mime:mimeXml part="Body" />
      </wsdl:output>
    </wsdl:operation>
  </wsdl:binding>
  <wsdl:service name="HolidayGuide">
    <documentation xmlns="http://schemas.xmlsoap.org/wsdl/">WebService functions exposed by Duty Motel &amp; Holiday Guide.  All technical questions to : Nick Hill nick@holidayguide.co.nz</documentation>
    <wsdl:port name="HolidayGuideSoap" binding="tns:HolidayGuideSoap">
      <soap:address location="http://www.holidayguide.co.nz/webservices/frontdesk/holidayguide.asmx" />
    </wsdl:port>
    <wsdl:port name="HolidayGuideHttpGet" binding="tns:HolidayGuideHttpGet">
      <http:address location="http://www.holidayguide.co.nz/webservices/frontdesk/holidayguide.asmx" />
    </wsdl:port>
    <wsdl:port name="HolidayGuideHttpPost" binding="tns:HolidayGuideHttpPost">
      <http:address location="http://www.holidayguide.co.nz/webservices/frontdesk/holidayguide.asmx" />
    </wsdl:port>
  </wsdl:service>
</wsdl:definitions>
