<?xml version="1.0" encoding="utf-8"?>

<!--
This is the seekda cache of the WSDL definition available at http://tv2.momondo.com/Momondo.asmx?WSDL.
seekdas cache is a snapshot that we took as we crawled the Web.
The service may have changed since the last crawl.
seekda is neither affiliated with the authors of this service nor responsible for its advertised functionality.

-->

<wsdl:definitions xmlns:soap="http://schemas.xmlsoap.org/wsdl/soap/" xmlns:tm="http://microsoft.com/wsdl/mime/textMatching/" xmlns:soapenc="http://schemas.xmlsoap.org/soap/encoding/" xmlns:mime="http://schemas.xmlsoap.org/wsdl/mime/" xmlns:tns="http://www.skygate.dk/momondo/" xmlns:s="http://www.w3.org/2001/XMLSchema" xmlns:soap12="http://schemas.xmlsoap.org/wsdl/soap12/" xmlns:http="http://schemas.xmlsoap.org/wsdl/http/" targetNamespace="http://www.skygate.dk/momondo/" xmlns:wsdl="http://schemas.xmlsoap.org/wsdl/">
  <wsdl:types>
    <s:schema elementFormDefault="qualified" targetNamespace="http://www.skygate.dk/momondo/">
      <s:element name="UpdateFlightResults">
        <s:complexType />
      </s:element>
      <s:element name="UpdateFlightResultsResponse">
        <s:complexType>
          <s:sequence>
            <s:element minOccurs="0" maxOccurs="1" name="UpdateFlightResultsResult" type="s:string" />
          </s:sequence>
        </s:complexType>
      </s:element>
      <s:element name="UpdateHotelResults">
        <s:complexType />
      </s:element>
      <s:element name="UpdateHotelResultsResponse">
        <s:complexType>
          <s:sequence>
            <s:element minOccurs="0" maxOccurs="1" name="UpdateHotelResultsResult" type="s:string" />
          </s:sequence>
        </s:complexType>
      </s:element>
      <s:element name="GetHotelDetails">
        <s:complexType>
          <s:sequence>
            <s:element minOccurs="0" maxOccurs="1" name="hotelKey" type="s:string" />
          </s:sequence>
        </s:complexType>
      </s:element>
      <s:element name="GetHotelDetailsResponse">
        <s:complexType>
          <s:sequence>
            <s:element minOccurs="0" maxOccurs="1" name="GetHotelDetailsResult" type="s:string" />
          </s:sequence>
        </s:complexType>
      </s:element>
      <s:element name="UpdateCarResults">
        <s:complexType />
      </s:element>
      <s:element name="UpdateCarResultsResponse">
        <s:complexType>
          <s:sequence>
            <s:element minOccurs="0" maxOccurs="1" name="UpdateCarResultsResult" type="s:string" />
          </s:sequence>
        </s:complexType>
      </s:element>
      <s:element name="StartHotelSearch">
        <s:complexType />
      </s:element>
      <s:element name="StartHotelSearchResponse">
        <s:complexType />
      </s:element>
      <s:element name="StartCarSearch">
        <s:complexType />
      </s:element>
      <s:element name="StartCarSearchResponse">
        <s:complexType />
      </s:element>
      <s:element name="GetRecentSearches">
        <s:complexType>
          <s:sequence>
            <s:element minOccurs="1" maxOccurs="1" name="count" type="s:int" />
          </s:sequence>
        </s:complexType>
      </s:element>
      <s:element name="GetRecentSearchesResponse">
        <s:complexType>
          <s:sequence>
            <s:element minOccurs="0" maxOccurs="1" name="GetRecentSearchesResult" type="tns:ArrayOfSearch" />
          </s:sequence>
        </s:complexType>
      </s:element>
      <s:complexType name="ArrayOfSearch">
        <s:sequence>
          <s:element minOccurs="0" maxOccurs="unbounded" name="Search" nillable="true" type="tns:Search" />
        </s:sequence>
      </s:complexType>
      <s:complexType name="Search">
        <s:sequence>
          <s:element minOccurs="0" maxOccurs="1" name="Orig" type="tns:Airport" />
          <s:element minOccurs="0" maxOccurs="1" name="Dest" type="tns:Airport" />
          <s:element minOccurs="1" maxOccurs="1" name="DepartDate" type="s:dateTime" />
          <s:element minOccurs="1" maxOccurs="1" name="ReturnDate" type="s:dateTime" />
          <s:element minOccurs="1" maxOccurs="1" name="ReturnTrip" type="s:boolean" />
          <s:element minOccurs="1" maxOccurs="1" name="Timestamp" type="s:dateTime" />
        </s:sequence>
      </s:complexType>
      <s:complexType name="Airport">
        <s:sequence>
          <s:element minOccurs="0" maxOccurs="1" name="Language" type="s:string" />
          <s:element minOccurs="0" maxOccurs="1" name="Iata" type="s:string" />
          <s:element minOccurs="0" maxOccurs="1" name="Name" type="s:string" />
          <s:element minOccurs="0" maxOccurs="1" name="Display" type="s:string" />
          <s:element minOccurs="1" maxOccurs="1" name="ContinentGroup" type="s:int" />
          <s:element minOccurs="0" maxOccurs="1" name="ContinentCode" type="s:string" />
          <s:element minOccurs="0" maxOccurs="1" name="Aliases" type="s:string" />
          <s:element minOccurs="1" maxOccurs="1" name="IataLink" type="s:boolean" />
          <s:element minOccurs="0" maxOccurs="1" name="MainCityCode" type="s:string" />
          <s:element minOccurs="0" maxOccurs="1" name="MainCityName" type="s:string" />
          <s:element minOccurs="0" maxOccurs="1" name="StateCode" type="s:string" />
          <s:element minOccurs="0" maxOccurs="1" name="StateName" type="s:string" />
          <s:element minOccurs="0" maxOccurs="1" name="CountryCode" type="s:string" />
          <s:element minOccurs="0" maxOccurs="1" name="CountryName" type="s:string" />
          <s:element minOccurs="1" maxOccurs="1" name="Longitude" type="s:float" />
          <s:element minOccurs="1" maxOccurs="1" name="Latitude" type="s:float" />
        </s:sequence>
      </s:complexType>
      <s:element name="StartLiveSearchSupplier">
        <s:complexType>
          <s:sequence>
            <s:element minOccurs="0" maxOccurs="1" name="supplierId" type="s:string" />
          </s:sequence>
        </s:complexType>
      </s:element>
      <s:element name="StartLiveSearchSupplierResponse">
        <s:complexType />
      </s:element>
      <s:element name="GetPriceGraphData">
        <s:complexType>
          <s:sequence>
            <s:element minOccurs="0" maxOccurs="1" name="orig" type="s:string" />
            <s:element minOccurs="0" maxOccurs="1" name="dest" type="s:string" />
            <s:element minOccurs="1" maxOccurs="1" name="oneway" type="s:boolean" />
            <s:element minOccurs="1" maxOccurs="1" name="departMonth" type="s:int" />
            <s:element minOccurs="1" maxOccurs="1" name="returnMonth" type="s:int" />
          </s:sequence>
        </s:complexType>
      </s:element>
      <s:element name="GetPriceGraphDataResponse">
        <s:complexType>
          <s:sequence>
            <s:element minOccurs="0" maxOccurs="1" name="GetPriceGraphDataResult" type="s:string" />
          </s:sequence>
        </s:complexType>
      </s:element>
      <s:element name="string" nillable="true" type="s:string" />
      <s:element name="ArrayOfSearch" nillable="true" type="tns:ArrayOfSearch" />
    </s:schema>
  </wsdl:types>
  <wsdl:message name="UpdateFlightResultsSoapIn">
    <wsdl:part name="parameters" element="tns:UpdateFlightResults" />
  </wsdl:message>
  <wsdl:message name="UpdateFlightResultsSoapOut">
    <wsdl:part name="parameters" element="tns:UpdateFlightResultsResponse" />
  </wsdl:message>
  <wsdl:message name="UpdateHotelResultsSoapIn">
    <wsdl:part name="parameters" element="tns:UpdateHotelResults" />
  </wsdl:message>
  <wsdl:message name="UpdateHotelResultsSoapOut">
    <wsdl:part name="parameters" element="tns:UpdateHotelResultsResponse" />
  </wsdl:message>
  <wsdl:message name="GetHotelDetailsSoapIn">
    <wsdl:part name="parameters" element="tns:GetHotelDetails" />
  </wsdl:message>
  <wsdl:message name="GetHotelDetailsSoapOut">
    <wsdl:part name="parameters" element="tns:GetHotelDetailsResponse" />
  </wsdl:message>
  <wsdl:message name="UpdateCarResultsSoapIn">
    <wsdl:part name="parameters" element="tns:UpdateCarResults" />
  </wsdl:message>
  <wsdl:message name="UpdateCarResultsSoapOut">
    <wsdl:part name="parameters" element="tns:UpdateCarResultsResponse" />
  </wsdl:message>
  <wsdl:message name="StartHotelSearchSoapIn">
    <wsdl:part name="parameters" element="tns:StartHotelSearch" />
  </wsdl:message>
  <wsdl:message name="StartHotelSearchSoapOut">
    <wsdl:part name="parameters" element="tns:StartHotelSearchResponse" />
  </wsdl:message>
  <wsdl:message name="StartCarSearchSoapIn">
    <wsdl:part name="parameters" element="tns:StartCarSearch" />
  </wsdl:message>
  <wsdl:message name="StartCarSearchSoapOut">
    <wsdl:part name="parameters" element="tns:StartCarSearchResponse" />
  </wsdl:message>
  <wsdl:message name="GetRecentSearchesSoapIn">
    <wsdl:part name="parameters" element="tns:GetRecentSearches" />
  </wsdl:message>
  <wsdl:message name="GetRecentSearchesSoapOut">
    <wsdl:part name="parameters" element="tns:GetRecentSearchesResponse" />
  </wsdl:message>
  <wsdl:message name="StartLiveSearchSupplierSoapIn">
    <wsdl:part name="parameters" element="tns:StartLiveSearchSupplier" />
  </wsdl:message>
  <wsdl:message name="StartLiveSearchSupplierSoapOut">
    <wsdl:part name="parameters" element="tns:StartLiveSearchSupplierResponse" />
  </wsdl:message>
  <wsdl:message name="GetPriceGraphDataSoapIn">
    <wsdl:part name="parameters" element="tns:GetPriceGraphData" />
  </wsdl:message>
  <wsdl:message name="GetPriceGraphDataSoapOut">
    <wsdl:part name="parameters" element="tns:GetPriceGraphDataResponse" />
  </wsdl:message>
  <wsdl:message name="UpdateFlightResultsHttpGetIn" />
  <wsdl:message name="UpdateFlightResultsHttpGetOut">
    <wsdl:part name="Body" element="tns:string" />
  </wsdl:message>
  <wsdl:message name="UpdateHotelResultsHttpGetIn" />
  <wsdl:message name="UpdateHotelResultsHttpGetOut">
    <wsdl:part name="Body" element="tns:string" />
  </wsdl:message>
  <wsdl:message name="GetHotelDetailsHttpGetIn">
    <wsdl:part name="hotelKey" type="s:string" />
  </wsdl:message>
  <wsdl:message name="GetHotelDetailsHttpGetOut">
    <wsdl:part name="Body" element="tns:string" />
  </wsdl:message>
  <wsdl:message name="UpdateCarResultsHttpGetIn" />
  <wsdl:message name="UpdateCarResultsHttpGetOut">
    <wsdl:part name="Body" element="tns:string" />
  </wsdl:message>
  <wsdl:message name="StartHotelSearchHttpGetIn" />
  <wsdl:message name="StartHotelSearchHttpGetOut" />
  <wsdl:message name="StartCarSearchHttpGetIn" />
  <wsdl:message name="StartCarSearchHttpGetOut" />
  <wsdl:message name="GetRecentSearchesHttpGetIn">
    <wsdl:part name="count" type="s:string" />
  </wsdl:message>
  <wsdl:message name="GetRecentSearchesHttpGetOut">
    <wsdl:part name="Body" element="tns:ArrayOfSearch" />
  </wsdl:message>
  <wsdl:message name="StartLiveSearchSupplierHttpGetIn">
    <wsdl:part name="supplierId" type="s:string" />
  </wsdl:message>
  <wsdl:message name="StartLiveSearchSupplierHttpGetOut" />
  <wsdl:message name="GetPriceGraphDataHttpGetIn">
    <wsdl:part name="orig" type="s:string" />
    <wsdl:part name="dest" type="s:string" />
    <wsdl:part name="oneway" type="s:string" />
    <wsdl:part name="departMonth" type="s:string" />
    <wsdl:part name="returnMonth" type="s:string" />
  </wsdl:message>
  <wsdl:message name="GetPriceGraphDataHttpGetOut">
    <wsdl:part name="Body" element="tns:string" />
  </wsdl:message>
  <wsdl:message name="UpdateFlightResultsHttpPostIn" />
  <wsdl:message name="UpdateFlightResultsHttpPostOut">
    <wsdl:part name="Body" element="tns:string" />
  </wsdl:message>
  <wsdl:message name="UpdateHotelResultsHttpPostIn" />
  <wsdl:message name="UpdateHotelResultsHttpPostOut">
    <wsdl:part name="Body" element="tns:string" />
  </wsdl:message>
  <wsdl:message name="GetHotelDetailsHttpPostIn">
    <wsdl:part name="hotelKey" type="s:string" />
  </wsdl:message>
  <wsdl:message name="GetHotelDetailsHttpPostOut">
    <wsdl:part name="Body" element="tns:string" />
  </wsdl:message>
  <wsdl:message name="UpdateCarResultsHttpPostIn" />
  <wsdl:message name="UpdateCarResultsHttpPostOut">
    <wsdl:part name="Body" element="tns:string" />
  </wsdl:message>
  <wsdl:message name="StartHotelSearchHttpPostIn" />
  <wsdl:message name="StartHotelSearchHttpPostOut" />
  <wsdl:message name="StartCarSearchHttpPostIn" />
  <wsdl:message name="StartCarSearchHttpPostOut" />
  <wsdl:message name="GetRecentSearchesHttpPostIn">
    <wsdl:part name="count" type="s:string" />
  </wsdl:message>
  <wsdl:message name="GetRecentSearchesHttpPostOut">
    <wsdl:part name="Body" element="tns:ArrayOfSearch" />
  </wsdl:message>
  <wsdl:message name="StartLiveSearchSupplierHttpPostIn">
    <wsdl:part name="supplierId" type="s:string" />
  </wsdl:message>
  <wsdl:message name="StartLiveSearchSupplierHttpPostOut" />
  <wsdl:message name="GetPriceGraphDataHttpPostIn">
    <wsdl:part name="orig" type="s:string" />
    <wsdl:part name="dest" type="s:string" />
    <wsdl:part name="oneway" type="s:string" />
    <wsdl:part name="departMonth" type="s:string" />
    <wsdl:part name="returnMonth" type="s:string" />
  </wsdl:message>
  <wsdl:message name="GetPriceGraphDataHttpPostOut">
    <wsdl:part name="Body" element="tns:string" />
  </wsdl:message>
  <wsdl:portType name="MomondoSoap">
    <wsdl:operation name="UpdateFlightResults">
      <wsdl:documentation xmlns:wsdl="http://schemas.xmlsoap.org/wsdl/">Gets the script to update the flight results.</wsdl:documentation>
      <wsdl:input message="tns:UpdateFlightResultsSoapIn" />
      <wsdl:output message="tns:UpdateFlightResultsSoapOut" />
    </wsdl:operation>
    <wsdl:operation name="UpdateHotelResults">
      <wsdl:documentation xmlns:wsdl="http://schemas.xmlsoap.org/wsdl/">Gets the script to update the hotel results.</wsdl:documentation>
      <wsdl:input message="tns:UpdateHotelResultsSoapIn" />
      <wsdl:output message="tns:UpdateHotelResultsSoapOut" />
    </wsdl:operation>
    <wsdl:operation name="GetHotelDetails">
      <wsdl:documentation xmlns:wsdl="http://schemas.xmlsoap.org/wsdl/">Gets the script to update the hotel results.</wsdl:documentation>
      <wsdl:input message="tns:GetHotelDetailsSoapIn" />
      <wsdl:output message="tns:GetHotelDetailsSoapOut" />
    </wsdl:operation>
    <wsdl:operation name="UpdateCarResults">
      <wsdl:documentation xmlns:wsdl="http://schemas.xmlsoap.org/wsdl/">Gets the script to update the car results.</wsdl:documentation>
      <wsdl:input message="tns:UpdateCarResultsSoapIn" />
      <wsdl:output message="tns:UpdateCarResultsSoapOut" />
    </wsdl:operation>
    <wsdl:operation name="StartHotelSearch">
      <wsdl:documentation xmlns:wsdl="http://schemas.xmlsoap.org/wsdl/">Starts the hotel search.</wsdl:documentation>
      <wsdl:input message="tns:StartHotelSearchSoapIn" />
      <wsdl:output message="tns:StartHotelSearchSoapOut" />
    </wsdl:operation>
    <wsdl:operation name="StartCarSearch">
      <wsdl:documentation xmlns:wsdl="http://schemas.xmlsoap.org/wsdl/">Starts the car search.</wsdl:documentation>
      <wsdl:input message="tns:StartCarSearchSoapIn" />
      <wsdl:output message="tns:StartCarSearchSoapOut" />
    </wsdl:operation>
    <wsdl:operation name="GetRecentSearches">
      <wsdl:documentation xmlns:wsdl="http://schemas.xmlsoap.org/wsdl/">Gets the recent searches.</wsdl:documentation>
      <wsdl:input message="tns:GetRecentSearchesSoapIn" />
      <wsdl:output message="tns:GetRecentSearchesSoapOut" />
    </wsdl:operation>
    <wsdl:operation name="StartLiveSearchSupplier">
      <wsdl:documentation xmlns:wsdl="http://schemas.xmlsoap.org/wsdl/">Starts a live search on a single supplier</wsdl:documentation>
      <wsdl:input message="tns:StartLiveSearchSupplierSoapIn" />
      <wsdl:output message="tns:StartLiveSearchSupplierSoapOut" />
    </wsdl:operation>
    <wsdl:operation name="GetPriceGraphData">
      <wsdl:documentation xmlns:wsdl="http://schemas.xmlsoap.org/wsdl/">Retrieve PriceGraph data.</wsdl:documentation>
      <wsdl:input message="tns:GetPriceGraphDataSoapIn" />
      <wsdl:output message="tns:GetPriceGraphDataSoapOut" />
    </wsdl:operation>
  </wsdl:portType>
  <wsdl:portType name="MomondoHttpGet">
    <wsdl:operation name="UpdateFlightResults">
      <wsdl:documentation xmlns:wsdl="http://schemas.xmlsoap.org/wsdl/">Gets the script to update the flight results.</wsdl:documentation>
      <wsdl:input message="tns:UpdateFlightResultsHttpGetIn" />
      <wsdl:output message="tns:UpdateFlightResultsHttpGetOut" />
    </wsdl:operation>
    <wsdl:operation name="UpdateHotelResults">
      <wsdl:documentation xmlns:wsdl="http://schemas.xmlsoap.org/wsdl/">Gets the script to update the hotel results.</wsdl:documentation>
      <wsdl:input message="tns:UpdateHotelResultsHttpGetIn" />
      <wsdl:output message="tns:UpdateHotelResultsHttpGetOut" />
    </wsdl:operation>
    <wsdl:operation name="GetHotelDetails">
      <wsdl:documentation xmlns:wsdl="http://schemas.xmlsoap.org/wsdl/">Gets the script to update the hotel results.</wsdl:documentation>
      <wsdl:input message="tns:GetHotelDetailsHttpGetIn" />
      <wsdl:output message="tns:GetHotelDetailsHttpGetOut" />
    </wsdl:operation>
    <wsdl:operation name="UpdateCarResults">
      <wsdl:documentation xmlns:wsdl="http://schemas.xmlsoap.org/wsdl/">Gets the script to update the car results.</wsdl:documentation>
      <wsdl:input message="tns:UpdateCarResultsHttpGetIn" />
      <wsdl:output message="tns:UpdateCarResultsHttpGetOut" />
    </wsdl:operation>
    <wsdl:operation name="StartHotelSearch">
      <wsdl:documentation xmlns:wsdl="http://schemas.xmlsoap.org/wsdl/">Starts the hotel search.</wsdl:documentation>
      <wsdl:input message="tns:StartHotelSearchHttpGetIn" />
      <wsdl:output message="tns:StartHotelSearchHttpGetOut" />
    </wsdl:operation>
    <wsdl:operation name="StartCarSearch">
      <wsdl:documentation xmlns:wsdl="http://schemas.xmlsoap.org/wsdl/">Starts the car search.</wsdl:documentation>
      <wsdl:input message="tns:StartCarSearchHttpGetIn" />
      <wsdl:output message="tns:StartCarSearchHttpGetOut" />
    </wsdl:operation>
    <wsdl:operation name="GetRecentSearches">
      <wsdl:documentation xmlns:wsdl="http://schemas.xmlsoap.org/wsdl/">Gets the recent searches.</wsdl:documentation>
      <wsdl:input message="tns:GetRecentSearchesHttpGetIn" />
      <wsdl:output message="tns:GetRecentSearchesHttpGetOut" />
    </wsdl:operation>
    <wsdl:operation name="StartLiveSearchSupplier">
      <wsdl:documentation xmlns:wsdl="http://schemas.xmlsoap.org/wsdl/">Starts a live search on a single supplier</wsdl:documentation>
      <wsdl:input message="tns:StartLiveSearchSupplierHttpGetIn" />
      <wsdl:output message="tns:StartLiveSearchSupplierHttpGetOut" />
    </wsdl:operation>
    <wsdl:operation name="GetPriceGraphData">
      <wsdl:documentation xmlns:wsdl="http://schemas.xmlsoap.org/wsdl/">Retrieve PriceGraph data.</wsdl:documentation>
      <wsdl:input message="tns:GetPriceGraphDataHttpGetIn" />
      <wsdl:output message="tns:GetPriceGraphDataHttpGetOut" />
    </wsdl:operation>
  </wsdl:portType>
  <wsdl:portType name="MomondoHttpPost">
    <wsdl:operation name="UpdateFlightResults">
      <wsdl:documentation xmlns:wsdl="http://schemas.xmlsoap.org/wsdl/">Gets the script to update the flight results.</wsdl:documentation>
      <wsdl:input message="tns:UpdateFlightResultsHttpPostIn" />
      <wsdl:output message="tns:UpdateFlightResultsHttpPostOut" />
    </wsdl:operation>
    <wsdl:operation name="UpdateHotelResults">
      <wsdl:documentation xmlns:wsdl="http://schemas.xmlsoap.org/wsdl/">Gets the script to update the hotel results.</wsdl:documentation>
      <wsdl:input message="tns:UpdateHotelResultsHttpPostIn" />
      <wsdl:output message="tns:UpdateHotelResultsHttpPostOut" />
    </wsdl:operation>
    <wsdl:operation name="GetHotelDetails">
      <wsdl:documentation xmlns:wsdl="http://schemas.xmlsoap.org/wsdl/">Gets the script to update the hotel results.</wsdl:documentation>
      <wsdl:input message="tns:GetHotelDetailsHttpPostIn" />
      <wsdl:output message="tns:GetHotelDetailsHttpPostOut" />
    </wsdl:operation>
    <wsdl:operation name="UpdateCarResults">
      <wsdl:documentation xmlns:wsdl="http://schemas.xmlsoap.org/wsdl/">Gets the script to update the car results.</wsdl:documentation>
      <wsdl:input message="tns:UpdateCarResultsHttpPostIn" />
      <wsdl:output message="tns:UpdateCarResultsHttpPostOut" />
    </wsdl:operation>
    <wsdl:operation name="StartHotelSearch">
      <wsdl:documentation xmlns:wsdl="http://schemas.xmlsoap.org/wsdl/">Starts the hotel search.</wsdl:documentation>
      <wsdl:input message="tns:StartHotelSearchHttpPostIn" />
      <wsdl:output message="tns:StartHotelSearchHttpPostOut" />
    </wsdl:operation>
    <wsdl:operation name="StartCarSearch">
      <wsdl:documentation xmlns:wsdl="http://schemas.xmlsoap.org/wsdl/">Starts the car search.</wsdl:documentation>
      <wsdl:input message="tns:StartCarSearchHttpPostIn" />
      <wsdl:output message="tns:StartCarSearchHttpPostOut" />
    </wsdl:operation>
    <wsdl:operation name="GetRecentSearches">
      <wsdl:documentation xmlns:wsdl="http://schemas.xmlsoap.org/wsdl/">Gets the recent searches.</wsdl:documentation>
      <wsdl:input message="tns:GetRecentSearchesHttpPostIn" />
      <wsdl:output message="tns:GetRecentSearchesHttpPostOut" />
    </wsdl:operation>
    <wsdl:operation name="StartLiveSearchSupplier">
      <wsdl:documentation xmlns:wsdl="http://schemas.xmlsoap.org/wsdl/">Starts a live search on a single supplier</wsdl:documentation>
      <wsdl:input message="tns:StartLiveSearchSupplierHttpPostIn" />
      <wsdl:output message="tns:StartLiveSearchSupplierHttpPostOut" />
    </wsdl:operation>
    <wsdl:operation name="GetPriceGraphData">
      <wsdl:documentation xmlns:wsdl="http://schemas.xmlsoap.org/wsdl/">Retrieve PriceGraph data.</wsdl:documentation>
      <wsdl:input message="tns:GetPriceGraphDataHttpPostIn" />
      <wsdl:output message="tns:GetPriceGraphDataHttpPostOut" />
    </wsdl:operation>
  </wsdl:portType>
  <wsdl:binding name="MomondoSoap" type="tns:MomondoSoap">
    <soap:binding transport="http://schemas.xmlsoap.org/soap/http" />
    <wsdl:operation name="UpdateFlightResults">
      <soap:operation soapAction="http://www.skygate.dk/momondo/UpdateFlightResults" style="document" />
      <wsdl:input>
        <soap:body use="literal" />
      </wsdl:input>
      <wsdl:output>
        <soap:body use="literal" />
      </wsdl:output>
    </wsdl:operation>
    <wsdl:operation name="UpdateHotelResults">
      <soap:operation soapAction="http://www.skygate.dk/momondo/UpdateHotelResults" style="document" />
      <wsdl:input>
        <soap:body use="literal" />
      </wsdl:input>
      <wsdl:output>
        <soap:body use="literal" />
      </wsdl:output>
    </wsdl:operation>
    <wsdl:operation name="GetHotelDetails">
      <soap:operation soapAction="http://www.skygate.dk/momondo/GetHotelDetails" style="document" />
      <wsdl:input>
        <soap:body use="literal" />
      </wsdl:input>
      <wsdl:output>
        <soap:body use="literal" />
      </wsdl:output>
    </wsdl:operation>
    <wsdl:operation name="UpdateCarResults">
      <soap:operation soapAction="http://www.skygate.dk/momondo/UpdateCarResults" style="document" />
      <wsdl:input>
        <soap:body use="literal" />
      </wsdl:input>
      <wsdl:output>
        <soap:body use="literal" />
      </wsdl:output>
    </wsdl:operation>
    <wsdl:operation name="StartHotelSearch">
      <soap:operation soapAction="http://www.skygate.dk/momondo/StartHotelSearch" style="document" />
      <wsdl:input>
        <soap:body use="literal" />
      </wsdl:input>
      <wsdl:output>
        <soap:body use="literal" />
      </wsdl:output>
    </wsdl:operation>
    <wsdl:operation name="StartCarSearch">
      <soap:operation soapAction="http://www.skygate.dk/momondo/StartCarSearch" style="document" />
      <wsdl:input>
        <soap:body use="literal" />
      </wsdl:input>
      <wsdl:output>
        <soap:body use="literal" />
      </wsdl:output>
    </wsdl:operation>
    <wsdl:operation name="GetRecentSearches">
      <soap:operation soapAction="http://www.skygate.dk/momondo/GetRecentSearches" style="document" />
      <wsdl:input>
        <soap:body use="literal" />
      </wsdl:input>
      <wsdl:output>
        <soap:body use="literal" />
      </wsdl:output>
    </wsdl:operation>
    <wsdl:operation name="StartLiveSearchSupplier">
      <soap:operation soapAction="http://www.skygate.dk/momondo/StartLiveSearchSupplier" style="document" />
      <wsdl:input>
        <soap:body use="literal" />
      </wsdl:input>
      <wsdl:output>
        <soap:body use="literal" />
      </wsdl:output>
    </wsdl:operation>
    <wsdl:operation name="GetPriceGraphData">
      <soap:operation soapAction="http://www.skygate.dk/momondo/GetPriceGraphData" style="document" />
      <wsdl:input>
        <soap:body use="literal" />
      </wsdl:input>
      <wsdl:output>
        <soap:body use="literal" />
      </wsdl:output>
    </wsdl:operation>
  </wsdl:binding>
  <wsdl:binding name="MomondoSoap12" type="tns:MomondoSoap">
    <soap12:binding transport="http://schemas.xmlsoap.org/soap/http" />
    <wsdl:operation name="UpdateFlightResults">
      <soap12:operation soapAction="http://www.skygate.dk/momondo/UpdateFlightResults" style="document" />
      <wsdl:input>
        <soap12:body use="literal" />
      </wsdl:input>
      <wsdl:output>
        <soap12:body use="literal" />
      </wsdl:output>
    </wsdl:operation>
    <wsdl:operation name="UpdateHotelResults">
      <soap12:operation soapAction="http://www.skygate.dk/momondo/UpdateHotelResults" style="document" />
      <wsdl:input>
        <soap12:body use="literal" />
      </wsdl:input>
      <wsdl:output>
        <soap12:body use="literal" />
      </wsdl:output>
    </wsdl:operation>
    <wsdl:operation name="GetHotelDetails">
      <soap12:operation soapAction="http://www.skygate.dk/momondo/GetHotelDetails" style="document" />
      <wsdl:input>
        <soap12:body use="literal" />
      </wsdl:input>
      <wsdl:output>
        <soap12:body use="literal" />
      </wsdl:output>
    </wsdl:operation>
    <wsdl:operation name="UpdateCarResults">
      <soap12:operation soapAction="http://www.skygate.dk/momondo/UpdateCarResults" style="document" />
      <wsdl:input>
        <soap12:body use="literal" />
      </wsdl:input>
      <wsdl:output>
        <soap12:body use="literal" />
      </wsdl:output>
    </wsdl:operation>
    <wsdl:operation name="StartHotelSearch">
      <soap12:operation soapAction="http://www.skygate.dk/momondo/StartHotelSearch" style="document" />
      <wsdl:input>
        <soap12:body use="literal" />
      </wsdl:input>
      <wsdl:output>
        <soap12:body use="literal" />
      </wsdl:output>
    </wsdl:operation>
    <wsdl:operation name="StartCarSearch">
      <soap12:operation soapAction="http://www.skygate.dk/momondo/StartCarSearch" style="document" />
      <wsdl:input>
        <soap12:body use="literal" />
      </wsdl:input>
      <wsdl:output>
        <soap12:body use="literal" />
      </wsdl:output>
    </wsdl:operation>
    <wsdl:operation name="GetRecentSearches">
      <soap12:operation soapAction="http://www.skygate.dk/momondo/GetRecentSearches" style="document" />
      <wsdl:input>
        <soap12:body use="literal" />
      </wsdl:input>
      <wsdl:output>
        <soap12:body use="literal" />
      </wsdl:output>
    </wsdl:operation>
    <wsdl:operation name="StartLiveSearchSupplier">
      <soap12:operation soapAction="http://www.skygate.dk/momondo/StartLiveSearchSupplier" style="document" />
      <wsdl:input>
        <soap12:body use="literal" />
      </wsdl:input>
      <wsdl:output>
        <soap12:body use="literal" />
      </wsdl:output>
    </wsdl:operation>
    <wsdl:operation name="GetPriceGraphData">
      <soap12:operation soapAction="http://www.skygate.dk/momondo/GetPriceGraphData" style="document" />
      <wsdl:input>
        <soap12:body use="literal" />
      </wsdl:input>
      <wsdl:output>
        <soap12:body use="literal" />
      </wsdl:output>
    </wsdl:operation>
  </wsdl:binding>
  <wsdl:binding name="MomondoHttpGet" type="tns:MomondoHttpGet">
    <http:binding verb="GET" />
    <wsdl:operation name="UpdateFlightResults">
      <http:operation location="/UpdateFlightResults" />
      <wsdl:input>
        <http:urlEncoded />
      </wsdl:input>
      <wsdl:output>
        <mime:mimeXml part="Body" />
      </wsdl:output>
    </wsdl:operation>
    <wsdl:operation name="UpdateHotelResults">
      <http:operation location="/UpdateHotelResults" />
      <wsdl:input>
        <http:urlEncoded />
      </wsdl:input>
      <wsdl:output>
        <mime:mimeXml part="Body" />
      </wsdl:output>
    </wsdl:operation>
    <wsdl:operation name="GetHotelDetails">
      <http:operation location="/GetHotelDetails" />
      <wsdl:input>
        <http:urlEncoded />
      </wsdl:input>
      <wsdl:output>
        <mime:mimeXml part="Body" />
      </wsdl:output>
    </wsdl:operation>
    <wsdl:operation name="UpdateCarResults">
      <http:operation location="/UpdateCarResults" />
      <wsdl:input>
        <http:urlEncoded />
      </wsdl:input>
      <wsdl:output>
        <mime:mimeXml part="Body" />
      </wsdl:output>
    </wsdl:operation>
    <wsdl:operation name="StartHotelSearch">
      <http:operation location="/StartHotelSearch" />
      <wsdl:input>
        <http:urlEncoded />
      </wsdl:input>
      <wsdl:output />
    </wsdl:operation>
    <wsdl:operation name="StartCarSearch">
      <http:operation location="/StartCarSearch" />
      <wsdl:input>
        <http:urlEncoded />
      </wsdl:input>
      <wsdl:output />
    </wsdl:operation>
    <wsdl:operation name="GetRecentSearches">
      <http:operation location="/GetRecentSearches" />
      <wsdl:input>
        <http:urlEncoded />
      </wsdl:input>
      <wsdl:output>
        <mime:mimeXml part="Body" />
      </wsdl:output>
    </wsdl:operation>
    <wsdl:operation name="StartLiveSearchSupplier">
      <http:operation location="/StartLiveSearchSupplier" />
      <wsdl:input>
        <http:urlEncoded />
      </wsdl:input>
      <wsdl:output />
    </wsdl:operation>
    <wsdl:operation name="GetPriceGraphData">
      <http:operation location="/GetPriceGraphData" />
      <wsdl:input>
        <http:urlEncoded />
      </wsdl:input>
      <wsdl:output>
        <mime:mimeXml part="Body" />
      </wsdl:output>
    </wsdl:operation>
  </wsdl:binding>
  <wsdl:binding name="MomondoHttpPost" type="tns:MomondoHttpPost">
    <http:binding verb="POST" />
    <wsdl:operation name="UpdateFlightResults">
      <http:operation location="/UpdateFlightResults" />
      <wsdl:input>
        <mime:content type="application/x-www-form-urlencoded" />
      </wsdl:input>
      <wsdl:output>
        <mime:mimeXml part="Body" />
      </wsdl:output>
    </wsdl:operation>
    <wsdl:operation name="UpdateHotelResults">
      <http:operation location="/UpdateHotelResults" />
      <wsdl:input>
        <mime:content type="application/x-www-form-urlencoded" />
      </wsdl:input>
      <wsdl:output>
        <mime:mimeXml part="Body" />
      </wsdl:output>
    </wsdl:operation>
    <wsdl:operation name="GetHotelDetails">
      <http:operation location="/GetHotelDetails" />
      <wsdl:input>
        <mime:content type="application/x-www-form-urlencoded" />
      </wsdl:input>
      <wsdl:output>
        <mime:mimeXml part="Body" />
      </wsdl:output>
    </wsdl:operation>
    <wsdl:operation name="UpdateCarResults">
      <http:operation location="/UpdateCarResults" />
      <wsdl:input>
        <mime:content type="application/x-www-form-urlencoded" />
      </wsdl:input>
      <wsdl:output>
        <mime:mimeXml part="Body" />
      </wsdl:output>
    </wsdl:operation>
    <wsdl:operation name="StartHotelSearch">
      <http:operation location="/StartHotelSearch" />
      <wsdl:input>
        <mime:content type="application/x-www-form-urlencoded" />
      </wsdl:input>
      <wsdl:output />
    </wsdl:operation>
    <wsdl:operation name="StartCarSearch">
      <http:operation location="/StartCarSearch" />
      <wsdl:input>
        <mime:content type="application/x-www-form-urlencoded" />
      </wsdl:input>
      <wsdl:output />
    </wsdl:operation>
    <wsdl:operation name="GetRecentSearches">
      <http:operation location="/GetRecentSearches" />
      <wsdl:input>
        <mime:content type="application/x-www-form-urlencoded" />
      </wsdl:input>
      <wsdl:output>
        <mime:mimeXml part="Body" />
      </wsdl:output>
    </wsdl:operation>
    <wsdl:operation name="StartLiveSearchSupplier">
      <http:operation location="/StartLiveSearchSupplier" />
      <wsdl:input>
        <mime:content type="application/x-www-form-urlencoded" />
      </wsdl:input>
      <wsdl:output />
    </wsdl:operation>
    <wsdl:operation name="GetPriceGraphData">
      <http:operation location="/GetPriceGraphData" />
      <wsdl:input>
        <mime:content type="application/x-www-form-urlencoded" />
      </wsdl:input>
      <wsdl:output>
        <mime:mimeXml part="Body" />
      </wsdl:output>
    </wsdl:operation>
  </wsdl:binding>
  <wsdl:service name="Momondo">
    <wsdl:port name="MomondoSoap" binding="tns:MomondoSoap">
      <soap:address location="http://tv2.momondo.com/Momondo.asmx" />
    </wsdl:port>
    <wsdl:port name="MomondoSoap12" binding="tns:MomondoSoap12">
      <soap12:address location="http://tv2.momondo.com/Momondo.asmx" />
    </wsdl:port>
    <wsdl:port name="MomondoHttpGet" binding="tns:MomondoHttpGet">
      <http:address location="http://tv2.momondo.com/Momondo.asmx" />
    </wsdl:port>
    <wsdl:port name="MomondoHttpPost" binding="tns:MomondoHttpPost">
      <http:address location="http://tv2.momondo.com/Momondo.asmx" />
    </wsdl:port>
  </wsdl:service>
</wsdl:definitions>
