<?xml version="1.0" encoding="UTF-8"?>

<!--
This is the seekda cache of the WSDL definition available at http://bibiserv.techfak.uni-bielefeld.de/wsdl/decomp.wsdl.
seekdas cache is a snapshot that we took as we crawled the Web.
The service may have changed since the last crawl.
seekda is neither affiliated with the authors of this service nor responsible for its advertised functionality.

-->

<wsdl:definitions targetNamespace="http://bibiwsserv.techfak.uni-bielefeld.de/decomp/axis/decompPort" xmlns:apachesoap="http://xml.apache.org/xml-soap" xmlns:impl="http://bibiwsserv.techfak.uni-bielefeld.de/decomp/axis/decompPort" xmlns:intf="http://bibiwsserv.techfak.uni-bielefeld.de/decomp/axis/decompPort" xmlns:soapenc="http://schemas.xmlsoap.org/soap/encoding/" xmlns:wsdl="http://schemas.xmlsoap.org/wsdl/" xmlns:wsdlsoap="http://schemas.xmlsoap.org/wsdl/soap/" xmlns:xsd="http://www.w3.org/2001/XMLSchema">
<!--WSDL created by Apache Axis version: 1.3
Built on Jan 29, 2007 (01:45:51 MET)-->
 <wsdl:types>
  <schema targetNamespace="http://bibiwsserv.techfak.uni-bielefeld.de/decomp/axis/decompPort" xmlns="http://www.w3.org/2001/XMLSchema">
   <import namespace="http://xml.apache.org/xml-soap"/>
   <import namespace="http://schemas.xmlsoap.org/soap/encoding/"/>
   <complexType name="decompException">
    <sequence/>
   </complexType>
   <complexType name="ArrayOf_xsd_anyType">
    <complexContent>
     <restriction base="soapenc:Array">
      <attribute ref="soapenc:arrayType" wsdl:arrayType="xsd:anyType[]"/>
     </restriction>
    </complexContent>
   </complexType>
  </schema>
 </wsdl:types>

   <wsdl:message name="request_origRequest">

      <wsdl:part name="email" type="soapenc:string">

      </wsdl:part>

      <wsdl:part name="array_params" type="impl:ArrayOf_xsd_anyType">

      </wsdl:part>

      <wsdl:part name="masses" type="soapenc:string">

      </wsdl:part>

      <wsdl:part name="alphabet" type="soapenc:string">

      </wsdl:part>

   </wsdl:message>

   <wsdl:message name="getVersionsResponse">

      <wsdl:part name="getVersionsReturn" type="apachesoap:Document">

      </wsdl:part>

   </wsdl:message>

   <wsdl:message name="response_origResponse">

      <wsdl:part name="response_origReturn" type="soapenc:string">

      </wsdl:part>

   </wsdl:message>

   <wsdl:message name="response_origRequest">

      <wsdl:part name="id" type="soapenc:string">

      </wsdl:part>

   </wsdl:message>

   <wsdl:message name="request_origResponse">

      <wsdl:part name="request_origReturn" type="soapenc:string">

      </wsdl:part>

   </wsdl:message>

   <wsdl:message name="getVersionsRequest">

   </wsdl:message>

   <wsdl:message name="decompException">

      <wsdl:part name="fault" type="impl:decompException">

      </wsdl:part>

   </wsdl:message>

   <wsdl:portType name="decompImplementation">

      <wsdl:operation name="getVersions">

         <wsdl:input message="impl:getVersionsRequest" name="getVersionsRequest">

       </wsdl:input>

         <wsdl:output message="impl:getVersionsResponse" name="getVersionsResponse">

       </wsdl:output>

         <wsdl:fault message="impl:decompException" name="decompException">

       </wsdl:fault>

      </wsdl:operation>

      <wsdl:operation name="request_orig" parameterOrder="email array_params masses alphabet">

         <wsdl:input message="impl:request_origRequest" name="request_origRequest">

       </wsdl:input>

         <wsdl:output message="impl:request_origResponse" name="request_origResponse">

       </wsdl:output>

         <wsdl:fault message="impl:decompException" name="decompException">

       </wsdl:fault>

      </wsdl:operation>

      <wsdl:operation name="response_orig" parameterOrder="id">

         <wsdl:input message="impl:response_origRequest" name="response_origRequest">

       </wsdl:input>

         <wsdl:output message="impl:response_origResponse" name="response_origResponse">

       </wsdl:output>

         <wsdl:fault message="impl:decompException" name="decompException">

       </wsdl:fault>

      </wsdl:operation>

   </wsdl:portType>

   <wsdl:binding name="decompPortSoapBinding" type="impl:decompImplementation">

      <wsdlsoap:binding style="rpc" transport="http://schemas.xmlsoap.org/soap/http"/>

      <wsdl:operation name="getVersions">

         <wsdlsoap:operation soapAction=""/>

         <wsdl:input name="getVersionsRequest">

            <wsdlsoap:body encodingStyle="http://schemas.xmlsoap.org/soap/encoding/" namespace="http://decomp.bibiserv.techfak.unibi.de" use="encoded"/>

         </wsdl:input>

         <wsdl:output name="getVersionsResponse">

            <wsdlsoap:body encodingStyle="http://schemas.xmlsoap.org/soap/encoding/" namespace="http://bibiwsserv.techfak.uni-bielefeld.de/decomp/axis/decompPort" use="encoded"/>

         </wsdl:output>

         <wsdl:fault name="decompException">

            <wsdlsoap:fault encodingStyle="http://schemas.xmlsoap.org/soap/encoding/" name="decompException" namespace="http://bibiwsserv.techfak.uni-bielefeld.de/decomp/axis/decompPort" use="encoded"/>

         </wsdl:fault>

      </wsdl:operation>

      <wsdl:operation name="request_orig">

         <wsdlsoap:operation soapAction=""/>

         <wsdl:input name="request_origRequest">

            <wsdlsoap:body encodingStyle="http://schemas.xmlsoap.org/soap/encoding/" namespace="http://decomp.bibiserv.techfak.unibi.de" use="encoded"/>

         </wsdl:input>

         <wsdl:output name="request_origResponse">

            <wsdlsoap:body encodingStyle="http://schemas.xmlsoap.org/soap/encoding/" namespace="http://bibiwsserv.techfak.uni-bielefeld.de/decomp/axis/decompPort" use="encoded"/>

         </wsdl:output>

         <wsdl:fault name="decompException">

            <wsdlsoap:fault encodingStyle="http://schemas.xmlsoap.org/soap/encoding/" name="decompException" namespace="http://bibiwsserv.techfak.uni-bielefeld.de/decomp/axis/decompPort" use="encoded"/>

         </wsdl:fault>

      </wsdl:operation>

      <wsdl:operation name="response_orig">

         <wsdlsoap:operation soapAction=""/>

         <wsdl:input name="response_origRequest">

            <wsdlsoap:body encodingStyle="http://schemas.xmlsoap.org/soap/encoding/" namespace="http://decomp.bibiserv.techfak.unibi.de" use="encoded"/>

         </wsdl:input>

         <wsdl:output name="response_origResponse">

            <wsdlsoap:body encodingStyle="http://schemas.xmlsoap.org/soap/encoding/" namespace="http://bibiwsserv.techfak.uni-bielefeld.de/decomp/axis/decompPort" use="encoded"/>

         </wsdl:output>

         <wsdl:fault name="decompException">

            <wsdlsoap:fault encodingStyle="http://schemas.xmlsoap.org/soap/encoding/" name="decompException" namespace="http://bibiwsserv.techfak.uni-bielefeld.de/decomp/axis/decompPort" use="encoded"/>

         </wsdl:fault>

      </wsdl:operation>

   </wsdl:binding>

   <wsdl:service name="decompImplementationService">

      <wsdl:port binding="impl:decompPortSoapBinding" name="decompPort">

         <wsdlsoap:address location="http://bibiwsserv.techfak.uni-bielefeld.de/decomp/axis/decompPort"/>

      </wsdl:port>

   </wsdl:service>

</wsdl:definitions>

