<?xml version="1.0" encoding="UTF-8"?>

<!--
This is the seekda cache of the WSDL definition available at http://projekt.wifo.uni-mannheim.de/elmar/api/AdminService?wsdl.
seekdas cache is a snapshot that we took as we crawled the Web.
The service may have changed since the last crawl.
seekda is neither affiliated with the authors of this service nor responsible for its advertised functionality.

-->

<wsdl:definitions targetNamespace="http://xml.apache.org/axis/wsdd/" xmlns:apachesoap="http://xml.apache.org/xml-soap" xmlns:impl="http://xml.apache.org/axis/wsdd/" xmlns:intf="http://xml.apache.org/axis/wsdd/" xmlns:wsdl="http://schemas.xmlsoap.org/wsdl/" xmlns:wsdlsoap="http://schemas.xmlsoap.org/wsdl/soap/" xmlns:xsd="http://www.w3.org/2001/XMLSchema">
<!--WSDL created by Apache Axis version: 1.4
Built on Apr 22, 2006 (06:55:48 PDT)-->
 <wsdl:types>
  <schema targetNamespace="http://xml.apache.org/axis/wsdd/" xmlns="http://www.w3.org/2001/XMLSchema">
   <element name="AdminService" type="xsd:anyType"/>
   <element name="AdminServiceReturn" type="xsd:anyType"/>
  </schema>
 </wsdl:types>

   <wsdl:message name="AdminServiceRequest">

      <wsdl:part element="impl:AdminService" name="part"/>

   </wsdl:message>

   <wsdl:message name="AdminServiceResponse">

      <wsdl:part element="impl:AdminServiceReturn" name="AdminServiceReturn"/>

   </wsdl:message>

   <wsdl:portType name="Admin">

      <wsdl:operation name="AdminService">

         <wsdl:input message="impl:AdminServiceRequest" name="AdminServiceRequest"/>

         <wsdl:output message="impl:AdminServiceResponse" name="AdminServiceResponse"/>

      </wsdl:operation>

   </wsdl:portType>

   <wsdl:binding name="AdminServiceSoapBinding" type="impl:Admin">

      <wsdlsoap:binding style="document" transport="http://schemas.xmlsoap.org/soap/http"/>

      <wsdl:operation name="AdminService">

         <wsdlsoap:operation soapAction=""/>

         <wsdl:input name="AdminServiceRequest">

            <wsdlsoap:body use="literal"/>

         </wsdl:input>

         <wsdl:output name="AdminServiceResponse">

            <wsdlsoap:body use="literal"/>

         </wsdl:output>

      </wsdl:operation>

   </wsdl:binding>

   <wsdl:service name="AdminService">

      <wsdl:port binding="impl:AdminServiceSoapBinding" name="AdminService">

         <wsdlsoap:address location="http://projekt.wifo.uni-mannheim.de/elmar/api/AdminService"/>

      </wsdl:port>

   </wsdl:service>

</wsdl:definitions>

