<?xml version="1.0" encoding="UTF-8"?>

<!--
This is the seekda cache of the WSDL definition available at http://big.pri.univie.ac.at/n2gridservices/services/N2GridKO03?wsdl.
seekdas cache is a snapshot that we took as we crawled the Web.
The service may have changed since the last crawl.
seekda is neither affiliated with the authors of this service nor responsible for its advertised functionality.

-->

<wsdl:definitions targetNamespace="http://big.pri.univie.ac.at/n2gridservices/services/N2GridKO03" xmlns:apachesoap="http://xml.apache.org/xml-soap" xmlns:impl="http://big.pri.univie.ac.at/n2gridservices/services/N2GridKO03" xmlns:intf="http://big.pri.univie.ac.at/n2gridservices/services/N2GridKO03" xmlns:soapenc="http://schemas.xmlsoap.org/soap/encoding/" xmlns:wsdl="http://schemas.xmlsoap.org/wsdl/" xmlns:wsdlsoap="http://schemas.xmlsoap.org/wsdl/soap/" xmlns:xsd="http://www.w3.org/2001/XMLSchema">
<!--WSDL created by Apache Axis version: 1.4
Built on Apr 22, 2006 (06:55:48 PDT)-->

   <wsdl:message name="getResultResponse">

      <wsdl:part name="getResultReturn" type="soapenc:string"/>

   </wsdl:message>

   <wsdl:message name="retrainRequest">

      <wsdl:part name="netObject" type="soapenc:string"/>

      <wsdl:part name="trainData" type="soapenc:string"/>

   </wsdl:message>

   <wsdl:message name="checkStatusResponse">

      <wsdl:part name="checkStatusReturn" type="xsd:int"/>

   </wsdl:message>

   <wsdl:message name="getServiceDescriptionResponse">

      <wsdl:part name="getServiceDescriptionReturn" type="soapenc:string"/>

   </wsdl:message>

   <wsdl:message name="retrainResponse">

      <wsdl:part name="retrainReturn" type="soapenc:string"/>

   </wsdl:message>

   <wsdl:message name="evaluateRequest">

      <wsdl:part name="netObject" type="soapenc:string"/>

      <wsdl:part name="evalData" type="soapenc:string"/>

   </wsdl:message>

   <wsdl:message name="getResultRequest">

      <wsdl:part name="taskID" type="soapenc:string"/>

   </wsdl:message>

   <wsdl:message name="evaluateResponse">

      <wsdl:part name="evaluateReturn" type="soapenc:string"/>

   </wsdl:message>

   <wsdl:message name="trainResponse">

      <wsdl:part name="trainReturn" type="soapenc:string"/>

   </wsdl:message>

   <wsdl:message name="getServiceDescriptionRequest">

   </wsdl:message>

   <wsdl:message name="trainRequest">

      <wsdl:part name="netDefinition" type="soapenc:string"/>

      <wsdl:part name="trainData" type="soapenc:string"/>

   </wsdl:message>

   <wsdl:message name="checkStatusRequest">

      <wsdl:part name="taskID" type="soapenc:string"/>

   </wsdl:message>

   <wsdl:portType name="Kohonen03Service">

      <wsdl:operation name="checkStatus" parameterOrder="taskID">

         <wsdl:input message="impl:checkStatusRequest" name="checkStatusRequest"/>

         <wsdl:output message="impl:checkStatusResponse" name="checkStatusResponse"/>

      </wsdl:operation>

      <wsdl:operation name="evaluate" parameterOrder="netObject evalData">

         <wsdl:input message="impl:evaluateRequest" name="evaluateRequest"/>

         <wsdl:output message="impl:evaluateResponse" name="evaluateResponse"/>

      </wsdl:operation>

      <wsdl:operation name="getServiceDescription">

         <wsdl:input message="impl:getServiceDescriptionRequest" name="getServiceDescriptionRequest"/>

         <wsdl:output message="impl:getServiceDescriptionResponse" name="getServiceDescriptionResponse"/>

      </wsdl:operation>

      <wsdl:operation name="train" parameterOrder="netDefinition trainData">

         <wsdl:input message="impl:trainRequest" name="trainRequest"/>

         <wsdl:output message="impl:trainResponse" name="trainResponse"/>

      </wsdl:operation>

      <wsdl:operation name="retrain" parameterOrder="netObject trainData">

         <wsdl:input message="impl:retrainRequest" name="retrainRequest"/>

         <wsdl:output message="impl:retrainResponse" name="retrainResponse"/>

      </wsdl:operation>

      <wsdl:operation name="getResult" parameterOrder="taskID">

         <wsdl:input message="impl:getResultRequest" name="getResultRequest"/>

         <wsdl:output message="impl:getResultResponse" name="getResultResponse"/>

      </wsdl:operation>

   </wsdl:portType>

   <wsdl:binding name="N2GridKO03SoapBinding" type="impl:Kohonen03Service">

      <wsdlsoap:binding style="rpc" transport="http://schemas.xmlsoap.org/soap/http"/>

      <wsdl:operation name="checkStatus">

         <wsdlsoap:operation soapAction=""/>

         <wsdl:input name="checkStatusRequest">

            <wsdlsoap:body encodingStyle="http://schemas.xmlsoap.org/soap/encoding/" namespace="http://ko3.service.n2grid.univie.ac.at" use="encoded"/>

         </wsdl:input>

         <wsdl:output name="checkStatusResponse">

            <wsdlsoap:body encodingStyle="http://schemas.xmlsoap.org/soap/encoding/" namespace="http://big.pri.univie.ac.at/n2gridservices/services/N2GridKO03" use="encoded"/>

         </wsdl:output>

      </wsdl:operation>

      <wsdl:operation name="evaluate">

         <wsdlsoap:operation soapAction=""/>

         <wsdl:input name="evaluateRequest">

            <wsdlsoap:body encodingStyle="http://schemas.xmlsoap.org/soap/encoding/" namespace="http://common.n2grid.univie.ac.at" use="encoded"/>

         </wsdl:input>

         <wsdl:output name="evaluateResponse">

            <wsdlsoap:body encodingStyle="http://schemas.xmlsoap.org/soap/encoding/" namespace="http://big.pri.univie.ac.at/n2gridservices/services/N2GridKO03" use="encoded"/>

         </wsdl:output>

      </wsdl:operation>

      <wsdl:operation name="getServiceDescription">

         <wsdlsoap:operation soapAction=""/>

         <wsdl:input name="getServiceDescriptionRequest">

            <wsdlsoap:body encodingStyle="http://schemas.xmlsoap.org/soap/encoding/" namespace="http://common.n2grid.univie.ac.at" use="encoded"/>

         </wsdl:input>

         <wsdl:output name="getServiceDescriptionResponse">

            <wsdlsoap:body encodingStyle="http://schemas.xmlsoap.org/soap/encoding/" namespace="http://big.pri.univie.ac.at/n2gridservices/services/N2GridKO03" use="encoded"/>

         </wsdl:output>

      </wsdl:operation>

      <wsdl:operation name="train">

         <wsdlsoap:operation soapAction=""/>

         <wsdl:input name="trainRequest">

            <wsdlsoap:body encodingStyle="http://schemas.xmlsoap.org/soap/encoding/" namespace="http://common.n2grid.univie.ac.at" use="encoded"/>

         </wsdl:input>

         <wsdl:output name="trainResponse">

            <wsdlsoap:body encodingStyle="http://schemas.xmlsoap.org/soap/encoding/" namespace="http://big.pri.univie.ac.at/n2gridservices/services/N2GridKO03" use="encoded"/>

         </wsdl:output>

      </wsdl:operation>

      <wsdl:operation name="retrain">

         <wsdlsoap:operation soapAction=""/>

         <wsdl:input name="retrainRequest">

            <wsdlsoap:body encodingStyle="http://schemas.xmlsoap.org/soap/encoding/" namespace="http://common.n2grid.univie.ac.at" use="encoded"/>

         </wsdl:input>

         <wsdl:output name="retrainResponse">

            <wsdlsoap:body encodingStyle="http://schemas.xmlsoap.org/soap/encoding/" namespace="http://big.pri.univie.ac.at/n2gridservices/services/N2GridKO03" use="encoded"/>

         </wsdl:output>

      </wsdl:operation>

      <wsdl:operation name="getResult">

         <wsdlsoap:operation soapAction=""/>

         <wsdl:input name="getResultRequest">

            <wsdlsoap:body encodingStyle="http://schemas.xmlsoap.org/soap/encoding/" namespace="http://common.n2grid.univie.ac.at" use="encoded"/>

         </wsdl:input>

         <wsdl:output name="getResultResponse">

            <wsdlsoap:body encodingStyle="http://schemas.xmlsoap.org/soap/encoding/" namespace="http://big.pri.univie.ac.at/n2gridservices/services/N2GridKO03" use="encoded"/>

         </wsdl:output>

      </wsdl:operation>

   </wsdl:binding>

   <wsdl:service name="Kohonen03ServiceService">

      <wsdl:port binding="impl:N2GridKO03SoapBinding" name="N2GridKO03">

         <wsdlsoap:address location="http://big.pri.univie.ac.at/n2gridservices/services/N2GridKO03"/>

      </wsdl:port>

   </wsdl:service>

</wsdl:definitions>

