<?xml version="1.0" encoding="UTF-8"?>

<!--
This is the seekda cache of the WSDL definition available at http://staff.vbi.vt.edu/pathport/services/wsdls/glimmerm.wsdl.
seekdas cache is a snapshot that we took as we crawled the Web.
The service may have changed since the last crawl.
seekda is neither affiliated with the authors of this service nor responsible for its advertised functionality.

-->

<wsdl:definitions xmlns:wsdl="http://schemas.xmlsoap.org/wsdl/" xmlns="http://schemas.xmlsoap.org/wsdl/" xmlns:apachesoap="http://xml.apache.org/xml-soap" xmlns:impl="urn:glimmerm" xmlns:intf="urn:glimmerm" xmlns:soapenc="http://schemas.xmlsoap.org/soap/encoding/" xmlns:wsdlsoap="http://schemas.xmlsoap.org/wsdl/soap/" xmlns:xsd="http://www.w3.org/2001/XMLSchema" targetNamespace="urn:glimmerm">
   <wsdl:documentation xmlns:date="http://exslt.org/dates-and-times">
      <date>9:23:513 December 2004</date>
   <version>8985ae7d969fdfb09a982cd04f04caa3</version></wsdl:documentation>
   <wsdl:message name="acknowledgeResponse">
      <wsdl:part name="acknowledgeReturn" type="xsd:string"/>
   </wsdl:message>
   <wsdl:message name="getGenepredictRequest">
      <wsdl:part name="in0" type="xsd:string"/>
      <wsdl:part name="in1" type="xsd:string"/>
      <wsdl:part name="in2" type="xsd:string"/>
   </wsdl:message>
   <wsdl:message name="aboutOperationsRequest"/>
   <wsdl:message name="aboutOperationsResponse">
      <wsdl:part name="aboutOperationsReturn" type="xsd:string"/>
   </wsdl:message>
   <wsdl:message name="getGenepredictResponse">
      <wsdl:part name="getGenepredictReturn" type="xsd:string"/>
   </wsdl:message>
   <wsdl:message name="acknowledgeRequest">
      <wsdl:part name="in0" type="xsd:string"/>
      <wsdl:part name="in1" type="xsd:string"/>
   </wsdl:message>
   <wsdl:message name="aboutServiceRequest"/>
   <wsdl:message name="aboutServiceResponse">
      <wsdl:part name="aboutServiceReturn" type="xsd:string"/>
   </wsdl:message>
   <wsdl:portType name="Glimmerm">
      <wsdl:operation name="getGenepredict" parameterOrder="in0 in1 in2">
         <wsdl:input message="impl:getGenepredictRequest" name="getGenepredictRequest"/>
         <wsdl:output message="impl:getGenepredictResponse" name="getGenepredictResponse"/>
      </wsdl:operation>
      <wsdl:operation name="aboutService">
         <wsdl:input message="impl:aboutServiceRequest" name="aboutServiceRequest"/>
         <wsdl:output message="impl:aboutServiceResponse" name="aboutServiceResponse"/>
      </wsdl:operation>
      <wsdl:operation name="aboutOperations">
         <wsdl:input message="impl:aboutOperationsRequest" name="aboutOperationsRequest"/>
         <wsdl:output message="impl:aboutOperationsResponse" name="aboutOperationsResponse"/>
      </wsdl:operation>
      <wsdl:operation name="acknowledge" parameterOrder="in0 in1">
         <wsdl:input message="impl:acknowledgeRequest" name="acknowledgeRequest"/>
         <wsdl:output message="impl:acknowledgeResponse" name="acknowledgeResponse"/>
      </wsdl:operation>
   </wsdl:portType>
   <wsdl:binding name="glimmermSoapBinding" type="impl:Glimmerm">
      <wsdlsoap:binding style="rpc" transport="http://schemas.xmlsoap.org/soap/http"/>
      <wsdl:operation name="getGenepredict">
         <wsdlsoap:operation soapAction=""/>
         <wsdl:input name="getGenepredictRequest">
            <wsdlsoap:body encodingStyle="http://schemas.xmlsoap.org/soap/encoding/" namespace="urn:glimmerm" use="encoded"/>
         </wsdl:input>
         <wsdl:output name="getGenepredictResponse">
            <wsdlsoap:body encodingStyle="http://schemas.xmlsoap.org/soap/encoding/" namespace="urn:glimmerm" use="encoded"/>
         </wsdl:output>
      </wsdl:operation>
      <wsdl:operation name="aboutService">
         <wsdlsoap:operation soapAction=""/>
         <wsdl:input name="aboutServiceRequest">
            <wsdlsoap:body encodingStyle="http://schemas.xmlsoap.org/soap/encoding/" namespace="urn:glimmerm" use="encoded"/>
         </wsdl:input>
         <wsdl:output name="aboutServiceResponse">
            <wsdlsoap:body encodingStyle="http://schemas.xmlsoap.org/soap/encoding/" namespace="urn:glimmerm" use="encoded"/>
         </wsdl:output>
      </wsdl:operation>
      <wsdl:operation name="aboutOperations">
         <wsdlsoap:operation soapAction=""/>
         <wsdl:input name="aboutOperationsRequest">
            <wsdlsoap:body encodingStyle="http://schemas.xmlsoap.org/soap/encoding/" namespace="urn:glimmerm" use="encoded"/>
         </wsdl:input>
         <wsdl:output name="aboutOperationsResponse">
            <wsdlsoap:body encodingStyle="http://schemas.xmlsoap.org/soap/encoding/" namespace="urn:glimmerm" use="encoded"/>
         </wsdl:output>
      </wsdl:operation>
      <wsdl:operation name="acknowledge">
         <wsdlsoap:operation soapAction=""/>
         <wsdl:input name="acknowledgeRequest">
            <wsdlsoap:body encodingStyle="http://schemas.xmlsoap.org/soap/encoding/" namespace="urn:glimmerm" use="encoded"/>
         </wsdl:input>
         <wsdl:output name="acknowledgeResponse">
            <wsdlsoap:body encodingStyle="http://schemas.xmlsoap.org/soap/encoding/" namespace="urn:glimmerm" use="encoded"/>
         </wsdl:output>
      </wsdl:operation>
   </wsdl:binding>
   <wsdl:service name="GlimmermService">
      <wsdl:port binding="impl:glimmermSoapBinding" name="glimmerm">
         <wsdlsoap:address location="http://pathport.bioinformatics.vt.edu:6565/axis/services/glimmerm"/>
      </wsdl:port>
   </wsdl:service>
</wsdl:definitions>
