<?xml version="1.0" encoding="UTF-8"?>

<!--
This is the seekda cache of the WSDL definition available at http://laits.gmu.edu:8099/axis/EchoHeaders.jws?wsdl.
seekdas cache is a snapshot that we took as we crawled the Web.
The service may have changed since the last crawl.
seekda is neither affiliated with the authors of this service nor responsible for its advertised functionality.

-->

<wsdl:definitions targetNamespace="http://laits.gmu.edu:8099/axis/EchoHeaders.jws" xmlns:apachesoap="http://xml.apache.org/xml-soap" xmlns:impl="http://laits.gmu.edu:8099/axis/EchoHeaders.jws" xmlns:intf="http://laits.gmu.edu:8099/axis/EchoHeaders.jws" xmlns:soapenc="http://schemas.xmlsoap.org/soap/encoding/" xmlns:wsdl="http://schemas.xmlsoap.org/wsdl/" xmlns:wsdlsoap="http://schemas.xmlsoap.org/wsdl/soap/" xmlns:xsd="http://www.w3.org/2001/XMLSchema">
<!--WSDL created by Apache Axis version: 1.3
Built on Oct 05, 2005 (05:23:37 EDT)-->
 <wsdl:types>
  <schema targetNamespace="http://laits.gmu.edu:8099/axis/EchoHeaders.jws" xmlns="http://www.w3.org/2001/XMLSchema">
   <import namespace="http://schemas.xmlsoap.org/soap/encoding/"/>
   <complexType name="ArrayOf_xsd_string">
    <complexContent>
     <restriction base="soapenc:Array">
      <attribute ref="soapenc:arrayType" wsdl:arrayType="xsd:string[]"/>
     </restriction>
    </complexContent>
   </complexType>
  </schema>
 </wsdl:types>

   <wsdl:message name="whoamiResponse">

      <wsdl:part name="whoamiReturn" type="xsd:string"/>

   </wsdl:message>

   <wsdl:message name="listRequest">

   </wsdl:message>

   <wsdl:message name="whoamiRequest">

   </wsdl:message>

   <wsdl:message name="throwRuntimeExceptionRequest">

      <wsdl:part name="param" type="xsd:string"/>

   </wsdl:message>

   <wsdl:message name="throwAxisFaultRequest">

      <wsdl:part name="param" type="xsd:string"/>

   </wsdl:message>

   <wsdl:message name="echoResponse">

      <wsdl:part name="echoReturn" type="xsd:string"/>

   </wsdl:message>

   <wsdl:message name="throwAxisFaultResponse">

   </wsdl:message>

   <wsdl:message name="throwRuntimeExceptionResponse">

   </wsdl:message>

   <wsdl:message name="listResponse">

      <wsdl:part name="listReturn" type="impl:ArrayOf_xsd_string"/>

   </wsdl:message>

   <wsdl:message name="throwExceptionRequest">

      <wsdl:part name="param" type="xsd:string"/>

   </wsdl:message>

   <wsdl:message name="echoRequest">

      <wsdl:part name="param" type="xsd:string"/>

   </wsdl:message>

   <wsdl:message name="throwExceptionResponse">

   </wsdl:message>

   <wsdl:portType name="EchoHeaders">

      <wsdl:operation name="throwException" parameterOrder="param">

         <wsdl:input message="impl:throwExceptionRequest" name="throwExceptionRequest"/>

         <wsdl:output message="impl:throwExceptionResponse" name="throwExceptionResponse"/>

      </wsdl:operation>

      <wsdl:operation name="list">

         <wsdl:input message="impl:listRequest" name="listRequest"/>

         <wsdl:output message="impl:listResponse" name="listResponse"/>

      </wsdl:operation>

      <wsdl:operation name="throwRuntimeException" parameterOrder="param">

         <wsdl:input message="impl:throwRuntimeExceptionRequest" name="throwRuntimeExceptionRequest"/>

         <wsdl:output message="impl:throwRuntimeExceptionResponse" name="throwRuntimeExceptionResponse"/>

      </wsdl:operation>

      <wsdl:operation name="whoami">

         <wsdl:input message="impl:whoamiRequest" name="whoamiRequest"/>

         <wsdl:output message="impl:whoamiResponse" name="whoamiResponse"/>

      </wsdl:operation>

      <wsdl:operation name="echo" parameterOrder="param">

         <wsdl:input message="impl:echoRequest" name="echoRequest"/>

         <wsdl:output message="impl:echoResponse" name="echoResponse"/>

      </wsdl:operation>

      <wsdl:operation name="throwAxisFault" parameterOrder="param">

         <wsdl:input message="impl:throwAxisFaultRequest" name="throwAxisFaultRequest"/>

         <wsdl:output message="impl:throwAxisFaultResponse" name="throwAxisFaultResponse"/>

      </wsdl:operation>

   </wsdl:portType>

   <wsdl:binding name="EchoHeadersSoapBinding" type="impl:EchoHeaders">

      <wsdlsoap:binding style="rpc" transport="http://schemas.xmlsoap.org/soap/http"/>

      <wsdl:operation name="throwException">

         <wsdlsoap:operation soapAction=""/>

         <wsdl:input name="throwExceptionRequest">

            <wsdlsoap:body encodingStyle="http://schemas.xmlsoap.org/soap/encoding/" namespace="http://DefaultNamespace" use="encoded"/>

         </wsdl:input>

         <wsdl:output name="throwExceptionResponse">

            <wsdlsoap:body encodingStyle="http://schemas.xmlsoap.org/soap/encoding/" namespace="http://laits.gmu.edu:8099/axis/EchoHeaders.jws" use="encoded"/>

         </wsdl:output>

      </wsdl:operation>

      <wsdl:operation name="list">

         <wsdlsoap:operation soapAction=""/>

         <wsdl:input name="listRequest">

            <wsdlsoap:body encodingStyle="http://schemas.xmlsoap.org/soap/encoding/" namespace="http://DefaultNamespace" use="encoded"/>

         </wsdl:input>

         <wsdl:output name="listResponse">

            <wsdlsoap:body encodingStyle="http://schemas.xmlsoap.org/soap/encoding/" namespace="http://laits.gmu.edu:8099/axis/EchoHeaders.jws" use="encoded"/>

         </wsdl:output>

      </wsdl:operation>

      <wsdl:operation name="throwRuntimeException">

         <wsdlsoap:operation soapAction=""/>

         <wsdl:input name="throwRuntimeExceptionRequest">

            <wsdlsoap:body encodingStyle="http://schemas.xmlsoap.org/soap/encoding/" namespace="http://DefaultNamespace" use="encoded"/>

         </wsdl:input>

         <wsdl:output name="throwRuntimeExceptionResponse">

            <wsdlsoap:body encodingStyle="http://schemas.xmlsoap.org/soap/encoding/" namespace="http://laits.gmu.edu:8099/axis/EchoHeaders.jws" use="encoded"/>

         </wsdl:output>

      </wsdl:operation>

      <wsdl:operation name="whoami">

         <wsdlsoap:operation soapAction=""/>

         <wsdl:input name="whoamiRequest">

            <wsdlsoap:body encodingStyle="http://schemas.xmlsoap.org/soap/encoding/" namespace="http://DefaultNamespace" use="encoded"/>

         </wsdl:input>

         <wsdl:output name="whoamiResponse">

            <wsdlsoap:body encodingStyle="http://schemas.xmlsoap.org/soap/encoding/" namespace="http://laits.gmu.edu:8099/axis/EchoHeaders.jws" use="encoded"/>

         </wsdl:output>

      </wsdl:operation>

      <wsdl:operation name="echo">

         <wsdlsoap:operation soapAction=""/>

         <wsdl:input name="echoRequest">

            <wsdlsoap:body encodingStyle="http://schemas.xmlsoap.org/soap/encoding/" namespace="http://DefaultNamespace" use="encoded"/>

         </wsdl:input>

         <wsdl:output name="echoResponse">

            <wsdlsoap:body encodingStyle="http://schemas.xmlsoap.org/soap/encoding/" namespace="http://laits.gmu.edu:8099/axis/EchoHeaders.jws" use="encoded"/>

         </wsdl:output>

      </wsdl:operation>

      <wsdl:operation name="throwAxisFault">

         <wsdlsoap:operation soapAction=""/>

         <wsdl:input name="throwAxisFaultRequest">

            <wsdlsoap:body encodingStyle="http://schemas.xmlsoap.org/soap/encoding/" namespace="http://DefaultNamespace" use="encoded"/>

         </wsdl:input>

         <wsdl:output name="throwAxisFaultResponse">

            <wsdlsoap:body encodingStyle="http://schemas.xmlsoap.org/soap/encoding/" namespace="http://laits.gmu.edu:8099/axis/EchoHeaders.jws" use="encoded"/>

         </wsdl:output>

      </wsdl:operation>

   </wsdl:binding>

   <wsdl:service name="EchoHeadersService">

      <wsdl:port binding="impl:EchoHeadersSoapBinding" name="EchoHeaders">

         <wsdlsoap:address location="http://laits.gmu.edu:8099/axis/EchoHeaders.jws"/>

      </wsdl:port>

   </wsdl:service>

</wsdl:definitions>

