<?xml version="1.0"?>

<!--
This is the seekda cache of the WSDL definition available at http://laits.gmu.edu/ServiceWSDL/slope.wsdl.
seekdas cache is a snapshot that we took as we crawled the Web.
The service may have changed since the last crawl.
seekda is neither affiliated with the authors of this service nor responsible for its advertised functionality.

-->

<wsdl:definitions xmlns:impl="http://slope.laits.gmu.edu" xmlns:wsdl="http://schemas.xmlsoap.org/wsdl/" xmlns:wsdlsoap="http://schemas.xmlsoap.org/wsdl/soap/" xmlns:xsd="http://www.w3.org/2001/XMLSchema" xmlns:tns2="http://ws.laits.gmu.edu" targetNamespace="http://slope.laits.gmu.edu">
	<wsdl:types>
		<schema targetNamespace="http://ws.laits.gmu.edu" xmlns:tns="http://ws.laits.gmu.edu" xmlns="http://www.w3.org/2001/XMLSchema">
			<!--<element name="WebServiceExceptions" type="tns:WebServiceExceptionsType"/>
			<complexType name="WebServiceExceptionsType">
				<sequence>
					<element name="exception" nillable="true" type="string"/>
				</sequence>
			</complexType>-->
			<include schemaLocation="ws.xsd"/>
		</schema>
	</wsdl:types>
	<wsdl:message name="DEM2SlopeResponse">
		<wsdl:part name="DEM2SlopeReturnURL" type="xsd:anyURI"/>
		<wsdl:part name="DEM2SlopeReturnFormat" type="xsd:string"/>
	</wsdl:message>
	<wsdl:message name="DEM2SlopeRequest">
		<wsdl:part name="sourceURL" type="xsd:anyURI"/>
		<wsdl:part name="sourceFormat" type="xsd:string"/>
		<wsdl:part name="targetFormat" type="xsd:string"/>
	</wsdl:message>
	<wsdl:message name="DEM2SlopeAspectResponse">
		<wsdl:part name="DEM2SlopeAspectReturnURL" type="xsd:anyURI"/>
		<wsdl:part name="DEM2SlopeAspectReturnFormat" type="xsd:string"/>
	</wsdl:message>
	<wsdl:message name="DEM2SlopeAspectRequest">
		<wsdl:part name="sourceURL" type="xsd:anyURI"/>
		<wsdl:part name="sourceFormat" type="xsd:string"/>
		<wsdl:part name="targetFormat" type="xsd:string"/>
	</wsdl:message>
	<wsdl:message name="WebServiceExceptionsType">
		<wsdl:part name="fault" type="tns2:WebServiceExceptionsType"/>
	</wsdl:message>
	<wsdl:portType name="SlopeCal">
		<wsdl:operation name="DEM2Slope" parameterOrder="sourceURL sourceFormat targetFormat">
			<wsdl:input name="DEM2SlopeRequest" message="impl:DEM2SlopeRequest"/>
			<wsdl:output name="DEM2SlopeResponse" message="impl:DEM2SlopeResponse"/>
			<wsdl:fault name="WebServiceExceptionsType" message="impl:WebServiceExceptionsType"/>
		</wsdl:operation>
		<wsdl:operation name="DEM2SlopeAspect" parameterOrder="sourceURL sourceFormat targetFormat">
			<wsdl:input name="DEM2SlopeAspectRequest" message="impl:DEM2SlopeAspectRequest"/>
			<wsdl:output name="DEM2SlopeAspectResponse" message="impl:DEM2SlopeAspectResponse"/>
			<wsdl:fault name="WebServiceExceptionsType" message="impl:WebServiceExceptionsType"/>
		</wsdl:operation>
	</wsdl:portType>
	<wsdl:binding name="SlopeSoapBinding" type="impl:SlopeCal">
		<wsdlsoap:binding style="rpc" transport="http://schemas.xmlsoap.org/soap/http"/>
		<wsdl:operation name="DEM2Slope">
			<wsdlsoap:operation/>
			<wsdl:input>
				<wsdlsoap:body use="encoded" encodingStyle="http://schemas.xmlsoap.org/soap/encoding/" namespace="http://slope.laits.gmu.edu"/>
			</wsdl:input>
			<wsdl:output>
				<wsdlsoap:body use="encoded" encodingStyle="http://schemas.xmlsoap.org/soap/encoding/" namespace="http://slope.laits.gmu.edu"/>
			</wsdl:output>
			<wsdl:fault name="WebServiceExceptionsType">
				<wsdlsoap:fault name="WebServiceExceptionsType" use="encoded" encodingStyle="http://schemas.xmlsoap.org/soap/encoding/" namespace="http://slope.laits.gmu.edu"/>
			</wsdl:fault>
		</wsdl:operation>
		<wsdl:operation name="DEM2SlopeAspect">
			<wsdlsoap:operation/>
			<wsdl:input>
				<wsdlsoap:body use="encoded" encodingStyle="http://schemas.xmlsoap.org/soap/encoding/" namespace="http://slope.laits.gmu.edu"/>
			</wsdl:input>
			<wsdl:output>
				<wsdlsoap:body use="encoded" encodingStyle="http://schemas.xmlsoap.org/soap/encoding/" namespace="http://slope.laits.gmu.edu"/>
			</wsdl:output>
			<wsdl:fault name="WebServiceExceptionsType">
				<wsdlsoap:fault name="WebServiceExceptionsType" use="encoded" encodingStyle="http://schemas.xmlsoap.org/soap/encoding/" namespace="http://slope.laits.gmu.edu"/>
			</wsdl:fault>
		</wsdl:operation>
	</wsdl:binding>
	<wsdl:service name="SlopeCalService">
		<wsdl:port name="Slope" binding="impl:SlopeSoapBinding">
			<wsdlsoap:address location="http://www.laits.gmu.edu:8099/languageparser/services/Slope"/>
		</wsdl:port>
	</wsdl:service>
</wsdl:definitions>

