<?xml version="1.0" encoding="UTF-8"?>

<!--
This is the seekda cache of the WSDL definition available at http://staff.vbi.vt.edu/pathport/services/wsdls/beta/blastncbigt.wsdl.
seekdas cache is a snapshot that we took as we crawled the Web.
The service may have changed since the last crawl.
seekda is neither affiliated with the authors of this service nor responsible for its advertised functionality.

-->

<wsdl:definitions xmlns:wsdl="http://schemas.xmlsoap.org/wsdl/" xmlns="http://schemas.xmlsoap.org/wsdl/" xmlns:apachesoap="http://xml.apache.org/xml-soap" xmlns:impl="urn:blastncbigt" xmlns:intf="urn:blastncbigt" xmlns:soapenc="http://schemas.xmlsoap.org/soap/encoding/" xmlns:wsdlsoap="http://schemas.xmlsoap.org/wsdl/soap/" xmlns:xsd="http://www.w3.org/2001/XMLSchema" targetNamespace="urn:blastncbigt">
   <wsdl:documentation xmlns:date="http://exslt.org/dates-and-times">
      <date>15:5:3128 February 2006</date>
   <version>cd86f9bf93c99e481a0e8b504013d077</version></wsdl:documentation>
   <wsdl:types>
      <schema xmlns="http://www.w3.org/2001/XMLSchema" targetNamespace="urn:blastncbigt">
         <import namespace="http://schemas.xmlsoap.org/soap/encoding/"/>
         <complexType name="ArrayOf_xsd_string">
            <complexContent>
               <restriction base="soapenc:Array">
                  <attribute ref="soapenc:arrayType" wsdl:arrayType="xsd:string[]"/>
               </restriction>
            </complexContent>
         </complexType>
      </schema>
   </wsdl:types>
   <wsdl:message name="translating_BlastResponse">
      <wsdl:part name="translating_BlastReturn" type="impl:ArrayOf_xsd_string"/>
   </wsdl:message>
   <wsdl:message name="blastpResponse">
      <wsdl:part name="blastpReturn" type="impl:ArrayOf_xsd_string"/>
   </wsdl:message>
   <wsdl:message name="blastnResponse">
      <wsdl:part name="blastnReturn" type="impl:ArrayOf_xsd_string"/>
   </wsdl:message>
   <wsdl:message name="aboutServiceRequest"/>
   <wsdl:message name="aboutServiceResponse">
      <wsdl:part name="aboutServiceReturn" type="xsd:string"/>
   </wsdl:message>
   <wsdl:message name="blastnRequest">
      <wsdl:part name="in0" type="xsd:string"/>
      <wsdl:part name="in1" type="xsd:string"/>
      <wsdl:part name="in2" type="xsd:double"/>
      <wsdl:part name="in3" type="xsd:int"/>
      <wsdl:part name="in4" type="xsd:int"/>
      <wsdl:part name="in5" type="xsd:int"/>
      <wsdl:part name="in6" type="xsd:int"/>
      <wsdl:part name="in7" type="xsd:int"/>
      <wsdl:part name="in8" type="xsd:int"/>
      <wsdl:part name="in9" type="xsd:int"/>
      <wsdl:part name="in10" type="xsd:int"/>
   </wsdl:message>
   <wsdl:message name="acknowledgeResponse">
      <wsdl:part name="acknowledgeReturn" type="xsd:string"/>
   </wsdl:message>
   <wsdl:message name="blastpRequest">
      <wsdl:part name="in0" type="xsd:string"/>
      <wsdl:part name="in1" type="xsd:string"/>
      <wsdl:part name="in2" type="xsd:double"/>
      <wsdl:part name="in3" type="xsd:int"/>
      <wsdl:part name="in4" type="xsd:int"/>
      <wsdl:part name="in5" type="xsd:int"/>
      <wsdl:part name="in6" type="xsd:int"/>
      <wsdl:part name="in7" type="xsd:string"/>
      <wsdl:part name="in8" type="xsd:int"/>
      <wsdl:part name="in9" type="xsd:int"/>
   </wsdl:message>
   <wsdl:message name="acknowledgeRequest">
      <wsdl:part name="in0" type="xsd:string"/>
      <wsdl:part name="in1" type="xsd:string"/>
   </wsdl:message>
   <wsdl:message name="aboutOperationsResponse">
      <wsdl:part name="aboutOperationsReturn" type="xsd:string"/>
   </wsdl:message>
   <wsdl:message name="aboutOperationsRequest"/>
   <wsdl:message name="translating_BlastRequest">
      <wsdl:part name="in0" type="xsd:string"/>
      <wsdl:part name="in1" type="xsd:string"/>
      <wsdl:part name="in2" type="xsd:string"/>
      <wsdl:part name="in3" type="xsd:double"/>
      <wsdl:part name="in4" type="xsd:string"/>
      <wsdl:part name="in5" type="xsd:int"/>
      <wsdl:part name="in6" type="xsd:int"/>
      <wsdl:part name="in7" type="xsd:string"/>
      <wsdl:part name="in8" type="xsd:int"/>
      <wsdl:part name="in9" type="xsd:int"/>
   </wsdl:message>
   <wsdl:portType name="Blastncbigt">
      <wsdl:operation name="blastn" parameterOrder="in0 in1 in2 in3 in4 in5 in6 in7 in8 in9 in10">
         <wsdl:input message="impl:blastnRequest" name="blastnRequest"/>
         <wsdl:output message="impl:blastnResponse" name="blastnResponse"/>
      </wsdl:operation>
      <wsdl:operation name="blastp" parameterOrder="in0 in1 in2 in3 in4 in5 in6 in7 in8 in9">
         <wsdl:input message="impl:blastpRequest" name="blastpRequest"/>
         <wsdl:output message="impl:blastpResponse" name="blastpResponse"/>
      </wsdl:operation>
      <wsdl:operation name="translating_Blast" parameterOrder="in0 in1 in2 in3 in4 in5 in6 in7 in8 in9">
         <wsdl:input message="impl:translating_BlastRequest" name="translating_BlastRequest"/>
         <wsdl:output message="impl:translating_BlastResponse" name="translating_BlastResponse"/>
      </wsdl:operation>
      <wsdl:operation name="aboutService">
         <wsdl:input message="impl:aboutServiceRequest" name="aboutServiceRequest"/>
         <wsdl:output message="impl:aboutServiceResponse" name="aboutServiceResponse"/>
      </wsdl:operation>
      <wsdl:operation name="aboutOperations">
         <wsdl:input message="impl:aboutOperationsRequest" name="aboutOperationsRequest"/>
         <wsdl:output message="impl:aboutOperationsResponse" name="aboutOperationsResponse"/>
      </wsdl:operation>
      <wsdl:operation name="acknowledge" parameterOrder="in0 in1">
         <wsdl:input message="impl:acknowledgeRequest" name="acknowledgeRequest"/>
         <wsdl:output message="impl:acknowledgeResponse" name="acknowledgeResponse"/>
      </wsdl:operation>
   </wsdl:portType>
   <wsdl:binding name="blastncbigtSoapBinding" type="impl:Blastncbigt">
      <wsdlsoap:binding style="rpc" transport="http://schemas.xmlsoap.org/soap/http"/>
      <wsdl:operation name="blastn">
         <wsdlsoap:operation soapAction=""/>
         <wsdl:input name="blastnRequest">
            <wsdlsoap:body encodingStyle="http://schemas.xmlsoap.org/soap/encoding/" namespace="urn:blastncbigt" use="encoded"/>
         </wsdl:input>
         <wsdl:output name="blastnResponse">
            <wsdlsoap:body encodingStyle="http://schemas.xmlsoap.org/soap/encoding/" namespace="urn:blastncbigt" use="encoded"/>
         </wsdl:output>
      </wsdl:operation>
      <wsdl:operation name="blastp">
         <wsdlsoap:operation soapAction=""/>
         <wsdl:input name="blastpRequest">
            <wsdlsoap:body encodingStyle="http://schemas.xmlsoap.org/soap/encoding/" namespace="urn:blastncbigt" use="encoded"/>
         </wsdl:input>
         <wsdl:output name="blastpResponse">
            <wsdlsoap:body encodingStyle="http://schemas.xmlsoap.org/soap/encoding/" namespace="urn:blastncbigt" use="encoded"/>
         </wsdl:output>
      </wsdl:operation>
      <wsdl:operation name="translating_Blast">
         <wsdlsoap:operation soapAction=""/>
         <wsdl:input name="translating_BlastRequest">
            <wsdlsoap:body encodingStyle="http://schemas.xmlsoap.org/soap/encoding/" namespace="urn:blastncbigt" use="encoded"/>
         </wsdl:input>
         <wsdl:output name="translating_BlastResponse">
            <wsdlsoap:body encodingStyle="http://schemas.xmlsoap.org/soap/encoding/" namespace="urn:blastncbigt" use="encoded"/>
         </wsdl:output>
      </wsdl:operation>
      <wsdl:operation name="aboutService">
         <wsdlsoap:operation soapAction=""/>
         <wsdl:input name="aboutServiceRequest">
            <wsdlsoap:body encodingStyle="http://schemas.xmlsoap.org/soap/encoding/" namespace="urn:blastncbigt" use="encoded"/>
         </wsdl:input>
         <wsdl:output name="aboutServiceResponse">
            <wsdlsoap:body encodingStyle="http://schemas.xmlsoap.org/soap/encoding/" namespace="urn:blastncbigt" use="encoded"/>
         </wsdl:output>
      </wsdl:operation>
      <wsdl:operation name="aboutOperations">
         <wsdlsoap:operation soapAction=""/>
         <wsdl:input name="aboutOperationsRequest">
            <wsdlsoap:body encodingStyle="http://schemas.xmlsoap.org/soap/encoding/" namespace="urn:blastncbigt" use="encoded"/>
         </wsdl:input>
         <wsdl:output name="aboutOperationsResponse">
            <wsdlsoap:body encodingStyle="http://schemas.xmlsoap.org/soap/encoding/" namespace="urn:blastncbigt" use="encoded"/>
         </wsdl:output>
      </wsdl:operation>
      <wsdl:operation name="acknowledge">
         <wsdlsoap:operation soapAction=""/>
         <wsdl:input name="acknowledgeRequest">
            <wsdlsoap:body encodingStyle="http://schemas.xmlsoap.org/soap/encoding/" namespace="urn:blastncbigt" use="encoded"/>
         </wsdl:input>
         <wsdl:output name="acknowledgeResponse">
            <wsdlsoap:body encodingStyle="http://schemas.xmlsoap.org/soap/encoding/" namespace="urn:blastncbigt" use="encoded"/>
         </wsdl:output>
      </wsdl:operation>
   </wsdl:binding>
   <wsdl:service name="BlastncbigtService">
      <wsdl:port binding="impl:blastncbigtSoapBinding" name="blastncbigt">
         <wsdlsoap:address location="http://pathport.bioinformatics.vt.edu:6565/axis/services/blastncbigt"/>
      </wsdl:port>
   </wsdl:service>
</wsdl:definitions>
