<?xml version="1.0" encoding="UTF-8"?>

<!--
This is the seekda cache of the WSDL definition available at http://developer.employease.com/wsdl/GetEmployeeJobTitle.wsdl.
seekdas cache is a snapshot that we took as we crawled the Web.
The service may have changed since the last crawl.
seekda is neither affiliated with the authors of this service nor responsible for its advertised functionality.

-->

<wsdl:definitions 
xmlns:wsdl="http://schemas.xmlsoap.org/wsdl/" xmlns:soap="http://schemas.xmlsoap.org/wsdl/soap/" xmlns:http="http://schemas.xmlsoap.org/wsdl/http/" xmlns:xs="http://www.w3.org/2001/XMLSchema" xmlns:soapenc="http://schemas.xmlsoap.org/soap/encoding/" xmlns:wsse="http://docs.oasis-open.org/wss/2004/01/oasis-200401-wss-wssecurity-secext-1.0.xsd" xmlns:tns="https://home.eease.com" targetNamespace="https://home.eease.com">
	<wsdl:import namespace="http://docs.oasis-open.org/wss/2004/01/oasis-200401-wss-wssecurity-secext-1.0.xsd" location="http://docs.oasis-open.org/wss/2004/01/oasis-200401-wss-wssecurity-secext-1.0.xsd"/>
	<wsdl:import namespace="eease" location="../xsd/GetEmployeeJobTitleRequest.xsd"/>
	<wsdl:import namespace="eease" location="../xsd/GetEmployeeJobTitleResponse.xsd"/>
	<wsdl:message name="Request">
		<wsdl:part name="security" element="wsse:Security"/>
		<wsdl:part name="request" element="GetEmployeeJobTitleRequest"/>
	</wsdl:message>
	<wsdl:message name="Response">
		<wsdl:part name="response" element="GetEmployeeJobTitleResponse"/>
	</wsdl:message>
	<wsdl:portType name="GetEmployeeJobTitlePortType">
		<wsdl:operation name="GetEmployeeJobTitle">
			<wsdl:input message="tns:Request"/>
			<wsdl:output message="tns:Response"/>
		</wsdl:operation>
	</wsdl:portType>
	<wsdl:binding name="GetEmployeeJobTitleBinding" type="tns:GetEmployeeJobTitlePortType">
		<soap:binding style="document" transport="http://schemas.xmlsoap.org/soap/http"/>
		<wsdl:operation name="GetEmployeeJobTitle">
			<soap:operation soapAction="GetEmployeeJobTitle" style="document"/>
			<wsdl:input>
				<soap:header message="tns:Request" part="security" use="literal"/>
				<soap:body parts="request" use="literal"/>
			</wsdl:input>
			<wsdl:output>
				<soap:body parts="response" use="literal"/>
			</wsdl:output>
		</wsdl:operation>
	</wsdl:binding>
	<wsdl:service name="GetEmployeeJobTitleService">
		<wsdl:port name="GetEmployeeJobTitlePort" binding="tns:GetEmployeeJobTitleBinding">
			<soap:address location="https://home.eease.com/wsi"/>
		</wsdl:port>
	</wsdl:service>
</wsdl:definitions>



